ISO-10303-21;
HEADER;
FILE_DESCRIPTION (( 'STEP AP214' ),
    '1' );
FILE_NAME ('010 Grundteil.STEP',
    '2026-07-06T09:37:38',
    ( '' ),
    ( '' ),
    'SwSTEP 2.0',
    'SolidWorks 2020',
    '' );
FILE_SCHEMA (( 'AUTOMOTIVE_DESIGN' ));
ENDSEC;

DATA;
#1 = VECTOR ( 'NONE', #2470, 1000.000000000000000 ) ;
#2 = EDGE_LOOP ( 'NONE', ( #3305, #5717 ) ) ;
#3 = DIRECTION ( 'NONE',  ( -0.000000000000000000, 1.000000000000000000, -0.000000000000000000 ) ) ;
#4 = CIRCLE ( 'NONE', #609, 2.250000000000001776 ) ;
#5 = AXIS2_PLACEMENT_3D ( 'NONE', #5211, #2964, #4858 ) ;
#6 = EDGE_CURVE ( 'NONE', #3155, #3412, #1392, .T. ) ;
#7 = CYLINDRICAL_SURFACE ( 'NONE', #4546, 1.364499712793995734 ) ;
#8 = VERTEX_POINT ( 'NONE', #5992 ) ;
#9 = EDGE_CURVE ( 'NONE', #1519, #3712, #6055, .T. ) ;
#10 = CARTESIAN_POINT ( 'NONE',  ( 32.00000000000008527, 0.000000000000000000, -4.500000000000010658 ) ) ;
#11 = ORIENTED_EDGE ( 'NONE', *, *, #1167, .F. ) ;
#12 = FACE_BOUND ( 'NONE', #5082, .T. ) ;
#14 = EDGE_LOOP ( 'NONE', ( #1555, #4092, #6099, #1207 ) ) ;
#13 = CIRCLE ( 'NONE', #2513, 2.250000000000001776 ) ;
#15 = CARTESIAN_POINT ( 'NONE',  ( 16.00000000000010303, 0.000000000000000000, 3.499999999999992895 ) ) ;
#16 = DIRECTION ( 'NONE',  ( -0.000000000000000000, -0.000000000000000000, 1.000000000000000000 ) ) ;
#17 = CARTESIAN_POINT ( 'NONE',  ( 1.112978479923238018E-13, 3.000000000000000000, 1.249999999999989786 ) ) ;
#18 = CIRCLE ( 'NONE', #2913, 2.250000000000001776 ) ;
#19 = EDGE_LOOP ( 'NONE', ( #597, #879, #3050, #3168 ) ) ;
#20 = ORIENTED_EDGE ( 'NONE', *, *, #3377, .F. ) ;
#21 = FACE_OUTER_BOUND ( 'NONE', #3686, .T. ) ;
#22 = ORIENTED_EDGE ( 'NONE', *, *, #5165, .F. ) ;
#23 = CARTESIAN_POINT ( 'NONE',  ( -23.99999999999981171, 3.000000000000000000, 25.24999999999998579 ) ) ;
#24 = DIRECTION ( 'NONE',  ( 0.000000000000000000, 1.000000000000000000, 0.000000000000000000 ) ) ;
#25 = ORIENTED_EDGE ( 'NONE', *, *, #6160, .F. ) ;
#26 = AXIS2_PLACEMENT_3D ( 'NONE', #5269, #4699, #1479 ) ;
#27 = DIRECTION ( 'NONE',  ( 0.000000000000000000, 0.000000000000000000, 1.000000000000000000 ) ) ;
#28 = VERTEX_POINT ( 'NONE', #2175 ) ;
#29 = LINE ( 'NONE', #2416, #284 ) ;
#30 = CARTESIAN_POINT ( 'NONE',  ( 8.000000000000104805, 0.000000000000000000, 3.499999999999992895 ) ) ;
#31 = DIRECTION ( 'NONE',  ( -0.000000000000000000, 1.000000000000000000, -0.000000000000000000 ) ) ;
#32 = EDGE_CURVE ( 'NONE', #2335, #5197, #1982, .T. ) ;
#33 = EDGE_LOOP ( 'NONE', ( #1365, #5237 ) ) ;
#34 = CARTESIAN_POINT ( 'NONE',  ( -45.00000000000000000, 2.000000000000000000, -7.499999999999992895 ) ) ;
#35 = AXIS2_PLACEMENT_3D ( 'NONE', #2925, #3358, #2985 ) ;
#36 = EDGE_CURVE ( 'NONE', #613, #4000, #3157, .T. ) ;
#37 = CIRCLE ( 'NONE', #4216, 2.250000000000001776 ) ;
#38 = CARTESIAN_POINT ( 'NONE',  ( 19.08551248218999419, 0.000000000000000000, 24.50000000000000355 ) ) ;
#39 = ORIENTED_EDGE ( 'NONE', *, *, #4341, .F. ) ;
#40 = ADVANCED_FACE ( 'NONE', ( #3607 ), #1225, .F. ) ;
#41 = DIRECTION ( 'NONE',  ( 0.000000000000000000, 0.000000000000000000, 1.000000000000000000 ) ) ;
#42 = ORIENTED_EDGE ( 'NONE', *, *, #4492, .F. ) ;
#43 = EDGE_CURVE ( 'NONE', #1178, #1876, #4355, .T. ) ;
#44 = LINE ( 'NONE', #1673, #4491 ) ;
#45 = AXIS2_PLACEMENT_3D ( 'NONE', #4197, #4226, #5615 ) ;
#46 = DIRECTION ( 'NONE',  ( 0.000000000000000000, 0.000000000000000000, 1.000000000000000000 ) ) ;
#47 = ORIENTED_EDGE ( 'NONE', *, *, #6089, .F. ) ;
#48 = CARTESIAN_POINT ( 'NONE',  ( 32.00000000000014211, 0.000000000000000000, 9.249999999999984013 ) ) ;
#49 = DIRECTION ( 'NONE',  ( 0.000000000000000000, 0.000000000000000000, 1.000000000000000000 ) ) ;
#50 = CARTESIAN_POINT ( 'NONE',  ( -41.99999999999999289, 3.000000000000000000, 29.50000000000000355 ) ) ;
#51 = AXIS2_PLACEMENT_3D ( 'NONE', #5128, #2882, #2421 ) ;
#52 = DIRECTION ( 'NONE',  ( -0.000000000000000000, 1.000000000000000000, -0.000000000000000000 ) ) ;
#53 = VERTEX_POINT ( 'NONE', #5069 ) ;
#54 = ADVANCED_FACE ( 'NONE', ( #3574 ), #3169, .F. ) ;
#55 = CARTESIAN_POINT ( 'NONE',  ( 4.857225732735059864E-14, 3.000000000000000000, -12.50000000000001066 ) ) ;
#56 = VECTOR ( 'NONE', #3205, 1000.000000000000000 ) ;
#57 = CARTESIAN_POINT ( 'NONE',  ( 8.000000000000104805, 0.000000000000000000, 3.499999999999992895 ) ) ;
#58 = ORIENTED_EDGE ( 'NONE', *, *, #3261, .T. ) ;
#59 = VECTOR ( 'NONE', #258, 1000.000000000000000 ) ;
#60 = CIRCLE ( 'NONE', #1668, 2.250000000000001776 ) ;
#61 = DIRECTION ( 'NONE',  ( -0.000000000000000000, 1.000000000000000000, -0.000000000000000000 ) ) ;
#62 = ORIENTED_EDGE ( 'NONE', *, *, #4349, .F. ) ;
#63 = DIRECTION ( 'NONE',  ( 0.000000000000000000, 1.000000000000000000, 0.000000000000000000 ) ) ;
#64 = CARTESIAN_POINT ( 'NONE',  ( 32.00000000000014211, 0.000000000000000000, 11.49999999999998579 ) ) ;
#65 = DIRECTION ( 'NONE',  ( 0.000000000000000000, 0.000000000000000000, 1.000000000000000000 ) ) ;
#66 = VERTEX_POINT ( 'NONE', #1805 ) ;
#67 = CARTESIAN_POINT ( 'NONE',  ( 32.00000000000014211, 3.000000000000000000, 9.249999999999984013 ) ) ;
#68 = CIRCLE ( 'NONE', #3950, 2.250000000000001776 ) ;
#69 = AXIS2_PLACEMENT_3D ( 'NONE', #5645, #4593, #2173 ) ;
#70 = DIRECTION ( 'NONE',  ( 0.000000000000000000, 1.000000000000000000, 0.000000000000000000 ) ) ;
#71 = ORIENTED_EDGE ( 'NONE', *, *, #1890, .F. ) ;
#72 = VECTOR ( 'NONE', #297, 1000.000000000000000 ) ;
#73 = EDGE_CURVE ( 'NONE', #2023, #1010, #1771, .T. ) ;
#74 = ORIENTED_EDGE ( 'NONE', *, *, #491, .T. ) ;
#75 = AXIS2_PLACEMENT_3D ( 'NONE', #4515, #153, #2504 ) ;
#76 = LINE ( 'NONE', #1556, #514 ) ;
#77 = EDGE_CURVE ( 'NONE', #249, #5469, #360, .T. ) ;
#78 = EDGE_CURVE ( 'NONE', #4219, #2284, #886, .T. ) ;
#79 = DIRECTION ( 'NONE',  ( 0.000000000000000000, 0.000000000000000000, 1.000000000000000000 ) ) ;
#80 = EDGE_LOOP ( 'NONE', ( #3523, #5378, #3863, #3952 ) ) ;
#81 = FACE_BOUND ( 'NONE', #1116, .T. ) ;
#82 = DIRECTION ( 'NONE',  ( 0.000000000000000000, 0.000000000000000000, 1.000000000000000000 ) ) ;
#83 = VECTOR ( 'NONE', #1354, 1000.000000000000000 ) ;
#84 = CARTESIAN_POINT ( 'NONE',  ( -45.00000000000000000, 0.000000000000000000, 32.50000000000000000 ) ) ;
#85 = ORIENTED_EDGE ( 'NONE', *, *, #339, .F. ) ;
#86 = FACE_OUTER_BOUND ( 'NONE', #2394, .T. ) ;
#87 = EDGE_LOOP ( 'NONE', ( #5274, #2810 ) ) ;
#88 = AXIS2_PLACEMENT_3D ( 'NONE', #3458, #4394, #125 ) ;
#89 = CARTESIAN_POINT ( 'NONE',  ( 16.00000000000013145, 3.000000000000000000, 11.49999999999998579 ) ) ;
#90 = DIRECTION ( 'NONE',  ( 0.000000000000000000, 1.000000000000000000, 0.000000000000000000 ) ) ;
#91 = ORIENTED_EDGE ( 'NONE', *, *, #1627, .T. ) ;
#92 = CARTESIAN_POINT ( 'NONE',  ( 8.000000000000131450, 0.000000000000000000, 13.74999999999998757 ) ) ;
#93 = EDGE_CURVE ( 'NONE', #1943, #4733, #2235, .T. ) ;
#94 = ORIENTED_EDGE ( 'NONE', *, *, #2483, .F. ) ;
#95 = DIRECTION ( 'NONE',  ( -0.000000000000000000, 1.000000000000000000, -0.000000000000000000 ) ) ;
#96 = DIRECTION ( 'NONE',  ( -0.000000000000000000, 1.000000000000000000, -0.000000000000000000 ) ) ;
#97 = CARTESIAN_POINT ( 'NONE',  ( -39.00000000000000711, 0.000000000000000000, 25.86449971279400373 ) ) ;
#98 = ORIENTED_EDGE ( 'NONE', *, *, #4918, .F. ) ;
#99 = VERTEX_POINT ( 'NONE', #5613 ) ;
#100 = DIRECTION ( 'NONE',  ( -0.000000000000000000, 1.000000000000000000, -0.000000000000000000 ) ) ;
#101 = ORIENTED_EDGE ( 'NONE', *, *, #280, .F. ) ;
#102 = CIRCLE ( 'NONE', #1219, 2.250000000000002665 ) ;
#103 = LINE ( 'NONE', #2914, #3986 ) ;
#104 = ORIENTED_EDGE ( 'NONE', *, *, #1014, .F. ) ;
#105 = AXIS2_PLACEMENT_3D ( 'NONE', #5442, #3526, #2685 ) ;
#106 = CIRCLE ( 'NONE', #3591, 2.250000000000002665 ) ;
#107 = EDGE_LOOP ( 'NONE', ( #1411, #5175 ) ) ;
#108 = CARTESIAN_POINT ( 'NONE',  ( -45.00000000000000000, 2.000000000000000000, -7.499999999999992895 ) ) ;
#109 = DIRECTION ( 'NONE',  ( 0.000000000000000000, 0.000000000000000000, 1.000000000000000000 ) ) ;
#110 = ORIENTED_EDGE ( 'NONE', *, *, #1237, .T. ) ;
#111 = ADVANCED_FACE ( 'NONE', ( #2146 ), #4534, .F. ) ;
#112 = CARTESIAN_POINT ( 'NONE',  ( -23.99999999999981171, 0.000000000000000000, 29.74999999999998934 ) ) ;
#113 = LINE ( 'NONE', #4909, #158 ) ;
#114 = CARTESIAN_POINT ( 'NONE',  ( -23.99999999999981171, 0.000000000000000000, 27.49999999999998579 ) ) ;
#115 = VERTEX_POINT ( 'NONE', #1348 ) ;
#116 = DIRECTION ( 'NONE',  ( 0.000000000000000000, 0.000000000000000000, 1.000000000000000000 ) ) ;
#117 = AXIS2_PLACEMENT_3D ( 'NONE', #5980, #5471, #2593 ) ;
#118 = DIRECTION ( 'NONE',  ( 0.000000000000000000, 0.000000000000000000, 1.000000000000000000 ) ) ;
#119 = DIRECTION ( 'NONE',  ( 0.000000000000000000, 0.000000000000000000, 1.000000000000000000 ) ) ;
#120 = ORIENTED_EDGE ( 'NONE', *, *, #1618, .T. ) ;
#121 = DIRECTION ( 'NONE',  ( 0.000000000000000000, 1.000000000000000000, 0.000000000000000000 ) ) ;
#122 = VECTOR ( 'NONE', #5457, 1000.000000000000000 ) ;
#123 = EDGE_CURVE ( 'NONE', #2062, #217, #4252, .T. ) ;
#124 = ORIENTED_EDGE ( 'NONE', *, *, #4383, .F. ) ;
#125 = DIRECTION ( 'NONE',  ( 0.000000000000000000, 0.000000000000000000, 1.000000000000000000 ) ) ;
#126 = CARTESIAN_POINT ( 'NONE',  ( -39.00000000000000711, 7.000000000000000000, -24.49999999999999289 ) ) ;
#127 = DIRECTION ( 'NONE',  ( -0.000000000000000000, 1.000000000000000000, -0.000000000000000000 ) ) ;
#128 = AXIS2_PLACEMENT_3D ( 'NONE', #1743, #5747, #1938 ) ;
#129 = EDGE_LOOP ( 'NONE', ( #2310, #5531, #1770, #3363 ) ) ;
#130 = EDGE_CURVE ( 'NONE', #2005, #3461, #5257, .T. ) ;
#131 = ORIENTED_EDGE ( 'NONE', *, *, #4841, .F. ) ;
#132 = CARTESIAN_POINT ( 'NONE',  ( -15.99999999999992362, 3.000000000000000000, -6.750000000000014211 ) ) ;
#133 = FACE_OUTER_BOUND ( 'NONE', #2881, .T. ) ;
#134 = ORIENTED_EDGE ( 'NONE', *, *, #1922, .T. ) ;
#135 = ORIENTED_EDGE ( 'NONE', *, *, #2555, .F. ) ;
#136 = VECTOR ( 'NONE', #3084, 1000.000000000000000 ) ;
#137 = DIRECTION ( 'NONE',  ( 0.000000000000000000, 1.000000000000000000, 0.000000000000000000 ) ) ;
#138 = ORIENTED_EDGE ( 'NONE', *, *, #2256, .T. ) ;
#139 = DIRECTION ( 'NONE',  ( 0.000000000000000000, 1.000000000000000000, 0.000000000000000000 ) ) ;
#140 = FACE_OUTER_BOUND ( 'NONE', #1883, .T. ) ;
#141 = DIRECTION ( 'NONE',  ( 0.000000000000000000, 1.000000000000000000, 0.000000000000000000 ) ) ;
#142 = ORIENTED_EDGE ( 'NONE', *, *, #4522, .T. ) ;
#143 = CARTESIAN_POINT ( 'NONE',  ( 19.08551248218999419, 7.000000000000000000, 25.86449971279400017 ) ) ;
#144 = DIRECTION ( 'NONE',  ( 0.000000000000000000, 0.000000000000000000, 1.000000000000000000 ) ) ;
#145 = CIRCLE ( 'NONE', #6037, 2.250000000000001776 ) ;
#146 = LINE ( 'NONE', #711, #5800 ) ;
#147 = ORIENTED_EDGE ( 'NONE', *, *, #2696, .F. ) ;
#148 = AXIS2_PLACEMENT_3D ( 'NONE', #3859, #2548, #587 ) ;
#149 = LINE ( 'NONE', #3922, #1 ) ;
#150 = AXIS2_PLACEMENT_3D ( 'NONE', #2113, #4004, #2604 ) ;
#151 = VERTEX_POINT ( 'NONE', #3635 ) ;
#152 = CARTESIAN_POINT ( 'NONE',  ( 40.00000000000004974, 0.000000000000000000, -10.25000000000001243 ) ) ;
#153 = DIRECTION ( 'NONE',  ( 0.000000000000000000, 1.000000000000000000, 0.000000000000000000 ) ) ;
#154 = CYLINDRICAL_SURFACE ( 'NONE', #441, 2.250000000000002665 ) ;
#155 = EDGE_CURVE ( 'NONE', #3211, #5646, #3558, .T. ) ;
#156 = EDGE_LOOP ( 'NONE', ( #3708, #3129 ) ) ;
#157 = EDGE_CURVE ( 'NONE', #6137, #4697, #2383, .T. ) ;
#158 = VECTOR ( 'NONE', #16, 1000.000000000000000 ) ;
#159 = ORIENTED_EDGE ( 'NONE', *, *, #1575, .T. ) ;
#160 = LINE ( 'NONE', #4460, #1962 ) ;
#161 = CARTESIAN_POINT ( 'NONE',  ( 1.390534236079527027E-13, 3.000000000000000000, 9.249999999999984013 ) ) ;
#162 = ADVANCED_FACE ( 'NONE', ( #4129 ), #5580, .F. ) ;
#163 = ORIENTED_EDGE ( 'NONE', *, *, #6160, .T. ) ;
#164 = AXIS2_PLACEMENT_3D ( 'NONE', #5732, #1463, #1831 ) ;
#165 = CARTESIAN_POINT ( 'NONE',  ( 32.00000000000014211, 0.000000000000000000, 11.49999999999998579 ) ) ;
#166 = ORIENTED_EDGE ( 'NONE', *, *, #1758, .T. ) ;
#167 = DIRECTION ( 'NONE',  ( 0.000000000000000000, 1.000000000000000000, 0.000000000000000000 ) ) ;
#168 = VECTOR ( 'NONE', #1501, 1000.000000000000000 ) ;
#169 = DIRECTION ( 'NONE',  ( -1.000000000000000000, -0.000000000000000000, -0.000000000000000000 ) ) ;
#170 = CARTESIAN_POINT ( 'NONE',  ( -15.99999999999986855, 0.000000000000000000, 11.49999999999998579 ) ) ;
#171 = AXIS2_PLACEMENT_3D ( 'NONE', #3246, #5588, #1745 ) ;
#172 = AXIS2_PLACEMENT_3D ( 'NONE', #624, #2526, #5392 ) ;
#173 = AXIS2_PLACEMENT_3D ( 'NONE', #6120, #3728, #5381 ) ;
#174 = CARTESIAN_POINT ( 'NONE',  ( 1.665334536937734811E-13, 0.000000000000000000, 19.49999999999999289 ) ) ;
#175 = DIRECTION ( 'NONE',  ( -0.000000000000000000, 1.000000000000000000, -0.000000000000000000 ) ) ;
#176 = LINE ( 'NONE', #3978, #4651 ) ;
#177 = ORIENTED_EDGE ( 'NONE', *, *, #5344, .T. ) ;
#178 = DIRECTION ( 'NONE',  ( -0.000000000000000000, 1.000000000000000000, -0.000000000000000000 ) ) ;
#179 = EDGE_CURVE ( 'NONE', #4766, #3522, #1093, .T. ) ;
#180 = AXIS2_PLACEMENT_3D ( 'NONE', #471, #1855, #533 ) ;
#181 = VERTEX_POINT ( 'NONE', #6146 ) ;
#182 = DIRECTION ( 'NONE',  ( 0.000000000000000000, 1.000000000000000000, 0.000000000000000000 ) ) ;
#183 = DIRECTION ( 'NONE',  ( 0.000000000000000000, 0.000000000000000000, 1.000000000000000000 ) ) ;
#184 = DIRECTION ( 'NONE',  ( 0.000000000000000000, 1.000000000000000000, 0.000000000000000000 ) ) ;
#185 = EDGE_LOOP ( 'NONE', ( #2757, #42, #906, #604 ) ) ;
#186 = VERTEX_POINT ( 'NONE', #3270 ) ;
#187 = VERTEX_POINT ( 'NONE', #2302 ) ;
#188 = EDGE_CURVE ( 'NONE', #1496, #453, #5647, .T. ) ;
#189 = VECTOR ( 'NONE', #408, 1000.000000000000000 ) ;
#190 = CARTESIAN_POINT ( 'NONE',  ( -15.99999999999986855, 0.000000000000000000, 13.74999999999998757 ) ) ;
#191 = ORIENTED_EDGE ( 'NONE', *, *, #6092, .F. ) ;
#192 = CARTESIAN_POINT ( 'NONE',  ( 40.00000000000007816, 0.000000000000000000, -4.500000000000014211 ) ) ;
#193 = ORIENTED_EDGE ( 'NONE', *, *, #1042, .F. ) ;
#194 = EDGE_CURVE ( 'NONE', #5627, #3897, #475, .T. ) ;
#195 = VERTEX_POINT ( 'NONE', #1380 ) ;
#196 = LINE ( 'NONE', #1215, #1861 ) ;
#197 = ORIENTED_EDGE ( 'NONE', *, *, #3203, .T. ) ;
#198 = FACE_BOUND ( 'NONE', #1661, .T. ) ;
#199 = CIRCLE ( 'NONE', #2687, 2.250000000000001776 ) ;
#200 = ADVANCED_FACE ( 'NONE', ( #2827 ), #3826, .F. ) ;
#201 = DIRECTION ( 'NONE',  ( 0.000000000000000000, 0.000000000000000000, 1.000000000000000000 ) ) ;
#202 = CARTESIAN_POINT ( 'NONE',  ( -15.99999999999984013, 0.000000000000000000, 17.24999999999998934 ) ) ;
#203 = VECTOR ( 'NONE', #2946, 1000.000000000000000 ) ;
#204 = DIRECTION ( 'NONE',  ( 0.000000000000000000, 0.000000000000000000, 1.000000000000000000 ) ) ;
#205 = AXIS2_PLACEMENT_3D ( 'NONE', #57, #2497, #1076 ) ;
#206 = CARTESIAN_POINT ( 'NONE',  ( 8.000000000000076383, 0.000000000000000000, -4.500000000000010658 ) ) ;
#207 = CARTESIAN_POINT ( 'NONE',  ( 2.109222724152983922E-14, 0.000000000000000000, -22.75000000000001421 ) ) ;
#208 = ORIENTED_EDGE ( 'NONE', *, *, #2105, .F. ) ;
#209 = CARTESIAN_POINT ( 'NONE',  ( 8.000000000000188294, 0.000000000000000000, 27.49999999999998579 ) ) ;
#210 = DIRECTION ( 'NONE',  ( 0.000000000000000000, 0.000000000000000000, 1.000000000000000000 ) ) ;
#211 = CIRCLE ( 'NONE', #3700, 2.250000000000001776 ) ;
#212 = ORIENTED_EDGE ( 'NONE', *, *, #5263, .T. ) ;
#213 = CARTESIAN_POINT ( 'NONE',  ( -45.00000000000000000, 2.000000000000000000, 7.500000000000007105 ) ) ;
#214 = DIRECTION ( 'NONE',  ( -0.000000000000000000, 1.000000000000000000, -0.000000000000000000 ) ) ;
#215 = ORIENTED_EDGE ( 'NONE', *, *, #3208, .F. ) ;
#216 = AXIS2_PLACEMENT_3D ( 'NONE', #6090, #2766, #6147 ) ;
#217 = VERTEX_POINT ( 'NONE', #3386 ) ;
#218 = EDGE_LOOP ( 'NONE', ( #1056, #58, #850, #3676 ) ) ;
#219 = VECTOR ( 'NONE', #5606, 1000.000000000000000 ) ;
#220 = LINE ( 'NONE', #2537, #2457 ) ;
#221 = AXIS2_PLACEMENT_3D ( 'NONE', #1384, #1008, #2309 ) ;
#222 = VECTOR ( 'NONE', #2400, 1000.000000000000000 ) ;
#223 = FILL_AREA_STYLE ('',( #4314 ) ) ;
#224 = DIRECTION ( 'NONE',  ( 0.000000000000000000, 0.000000000000000000, 1.000000000000000000 ) ) ;
#225 = EDGE_LOOP ( 'NONE', ( #5976, #6127 ) ) ;
#226 = AXIS2_PLACEMENT_3D ( 'NONE', #1192, #4042, #1710 ) ;
#227 = ORIENTED_EDGE ( 'NONE', *, *, #77, .T. ) ;
#228 = SHAPE_DEFINITION_REPRESENTATION ( #3190, #4970 ) ;
#229 = CARTESIAN_POINT ( 'NONE',  ( 7.660337847278767255E-14, 0.000000000000000000, -6.750000000000014211 ) ) ;
#230 = VERTEX_POINT ( 'NONE', #907 ) ;
#231 = PLANE ( 'NONE',  #3548 ) ;
#232 = EDGE_CURVE ( 'NONE', #317, #6145, #4548, .T. ) ;
#233 = DIRECTION ( 'NONE',  ( 0.000000000000000000, 1.000000000000000000, 0.000000000000000000 ) ) ;
#234 = CARTESIAN_POINT ( 'NONE',  ( 32.00000000000005684, 0.000000000000000000, -12.50000000000001066 ) ) ;
#235 = ADVANCED_FACE ( 'NONE', ( #2890 ), #4691, .F. ) ;
#236 = CYLINDRICAL_SURFACE ( 'NONE', #4505, 2.250000000000001776 ) ;
#237 = DIRECTION ( 'NONE',  ( 0.000000000000000000, 0.000000000000000000, 1.000000000000000000 ) ) ;
#238 = CARTESIAN_POINT ( 'NONE',  ( -39.99999999999995026, 0.000000000000000000, -12.50000000000001066 ) ) ;
#239 = CARTESIAN_POINT ( 'NONE',  ( -31.99999999999984013, 0.000000000000000000, 19.49999999999999289 ) ) ;
#240 = DIRECTION ( 'NONE',  ( 0.000000000000000000, 1.000000000000000000, 0.000000000000000000 ) ) ;
#241 = CARTESIAN_POINT ( 'NONE',  ( 24.00000000000013145, 0.000000000000000000, 11.49999999999998579 ) ) ;
#242 = EDGE_CURVE ( 'NONE', #613, #3354, #1903, .T. ) ;
#243 = ORIENTED_EDGE ( 'NONE', *, *, #5652, .F. ) ;
#244 = CARTESIAN_POINT ( 'NONE',  ( 19.08551248218999419, 7.000000000000000000, -23.13550028720599983 ) ) ;
#245 = CARTESIAN_POINT ( 'NONE',  ( -23.99999999999984013, 0.000000000000000000, 19.49999999999999289 ) ) ;
#246 = DIRECTION ( 'NONE',  ( 0.000000000000000000, 1.000000000000000000, 0.000000000000000000 ) ) ;
#247 = VECTOR ( 'NONE', #6181, 1000.000000000000000 ) ;
#248 = ORIENTED_EDGE ( 'NONE', *, *, #5389, .T. ) ;
#249 = VERTEX_POINT ( 'NONE', #4224 ) ;
#250 = CARTESIAN_POINT ( 'NONE',  ( -32.00000000000000000, 3.000000000000000000, -28.50000000000000711 ) ) ;
#251 = PRODUCT ( '010 Grundteil', '010 Grundteil', '', ( #2599 ) ) ;
#252 = AXIS2_PLACEMENT_3D ( 'NONE', #2790, #867, #4218 ) ;
#253 = VERTEX_POINT ( 'NONE', #48 ) ;
#254 = VECTOR ( 'NONE', #3, 1000.000000000000000 ) ;
#255 = LINE ( 'NONE', #2020, #1133 ) ;
#256 = DIRECTION ( 'NONE',  ( 0.000000000000000000, 0.000000000000000000, 1.000000000000000000 ) ) ;
#257 = SURFACE_SIDE_STYLE ('',( #3624 ) ) ;
#258 = DIRECTION ( 'NONE',  ( 1.000000000000000000, 0.000000000000000000, -1.541976423090495387E-16 ) ) ;
#259 = ORIENTED_EDGE ( 'NONE', *, *, #2414, .T. ) ;
#260 = FACE_BOUND ( 'NONE', #4265, .T. ) ;
#261 = LINE ( 'NONE', #793, #3040 ) ;
#262 = EDGE_CURVE ( 'NONE', #3400, #1606, #775, .T. ) ;
#263 = CARTESIAN_POINT ( 'NONE',  ( -39.99999999999995026, 0.000000000000000000, -12.50000000000001066 ) ) ;
#264 = ADVANCED_FACE ( 'NONE', ( #3764 ), #5677, .F. ) ;
#265 = FACE_BOUND ( 'NONE', #107, .T. ) ;
#266 = VECTOR ( 'NONE', #2424, 1000.000000000000000 ) ;
#267 = CARTESIAN_POINT ( 'NONE',  ( -23.99999999999997868, 0.000000000000000000, -22.75000000000001421 ) ) ;
#268 = CARTESIAN_POINT ( 'NONE',  ( 45.00000000000000000, 3.000000000000000000, 32.49999999999998579 ) ) ;
#269 = DIRECTION ( 'NONE',  ( 0.000000000000000000, 0.000000000000000000, 1.000000000000000000 ) ) ;
#270 = DIRECTION ( 'NONE',  ( -0.000000000000000000, 1.000000000000000000, -0.000000000000000000 ) ) ;
#271 = VECTOR ( 'NONE', #2639, 1000.000000000000000 ) ;
#272 = ORIENTED_EDGE ( 'NONE', *, *, #2227, .T. ) ;
#273 = CARTESIAN_POINT ( 'NONE',  ( 40.00000000000010658, 0.000000000000000000, 5.749999999999988454 ) ) ;
#274 = ORIENTED_EDGE ( 'NONE', *, *, #1199, .T. ) ;
#275 = VECTOR ( 'NONE', #2970, 1000.000000000000000 ) ;
#276 = DIRECTION ( 'NONE',  ( -0.000000000000000000, -1.000000000000000000, -0.000000000000000000 ) ) ;
#277 = DIRECTION ( 'NONE',  ( 0.000000000000000000, 0.000000000000000000, 1.000000000000000000 ) ) ;
#278 = ORIENTED_EDGE ( 'NONE', *, *, #2004, .F. ) ;
#279 = ORIENTED_EDGE ( 'NONE', *, *, #1758, .F. ) ;
#280 = EDGE_CURVE ( 'NONE', #4471, #1896, #1004, .T. ) ;
#281 = CARTESIAN_POINT ( 'NONE',  ( 40.00000000000013500, 0.000000000000000000, 13.74999999999998757 ) ) ;
#282 = CIRCLE ( 'NONE', #785, 2.250000000000002665 ) ;
#283 = CARTESIAN_POINT ( 'NONE',  ( -39.00000000000000711, 7.000000000000000000, -24.49999999999999289 ) ) ;
#284 = VECTOR ( 'NONE', #3781, 1000.000000000000000 ) ;
#285 = DIRECTION ( 'NONE',  ( 0.000000000000000000, 1.000000000000000000, 0.000000000000000000 ) ) ;
#286 = ORIENTED_EDGE ( 'NONE', *, *, #1518, .F. ) ;
#287 = APPLICATION_PROTOCOL_DEFINITION ( 'draft international standard', 'automotive_design', 1998, #4861 ) ;
#288 = DIRECTION ( 'NONE',  ( -0.000000000000000000, 1.000000000000000000, -0.000000000000000000 ) ) ;
#289 = FACE_OUTER_BOUND ( 'NONE', #4149, .T. ) ;
#290 = DIRECTION ( 'NONE',  ( -0.000000000000000000, 1.000000000000000000, -0.000000000000000000 ) ) ;
#291 = FACE_OUTER_BOUND ( 'NONE', #14, .T. ) ;
#292 = DIRECTION ( 'NONE',  ( 0.000000000000000000, 1.000000000000000000, 0.000000000000000000 ) ) ;
#293 = EDGE_CURVE ( 'NONE', #5041, #3274, #2071, .T. ) ;
#294 = CIRCLE ( 'NONE', #3789, 2.250000000000001776 ) ;
#295 = CARTESIAN_POINT ( 'NONE',  ( 1.668089992235816162E-13, 0.000000000000000000, 17.24999999999998934 ) ) ;
#296 = VERTEX_POINT ( 'NONE', #1443 ) ;
#297 = DIRECTION ( 'NONE',  ( -0.000000000000000000, 1.000000000000000000, -0.000000000000000000 ) ) ;
#298 = FACE_OUTER_BOUND ( 'NONE', #5370, .T. ) ;
#299 = FACE_OUTER_BOUND ( 'NONE', #3681, .T. ) ;
#300 = AXIS2_PLACEMENT_3D ( 'NONE', #1182, #5053, #4088 ) ;
#301 = CIRCLE ( 'NONE', #2106, 2.250000000000001776 ) ;
#302 = CARTESIAN_POINT ( 'NONE',  ( 7.999999999999992895, 0.000000000000000000, -28.50000000000001066 ) ) ;
#303 = DIRECTION ( 'NONE',  ( 0.000000000000000000, 0.000000000000000000, 1.000000000000000000 ) ) ;
#304 = CARTESIAN_POINT ( 'NONE',  ( 7.632783294297951215E-14, 0.000000000000000000, -2.250000000000007994 ) ) ;
#305 = AXIS2_PLACEMENT_3D ( 'NONE', #4404, #3496, #4342 ) ;
#306 = ORIENTED_EDGE ( 'NONE', *, *, #5629, .F. ) ;
#307 = ORIENTED_EDGE ( 'NONE', *, *, #32, .T. ) ;
#308 = EDGE_CURVE ( 'NONE', #6131, #5671, #4148, .T. ) ;
#309 = DIRECTION ( 'NONE',  ( 0.000000000000000000, 0.000000000000000000, 1.000000000000000000 ) ) ;
#310 = PRODUCT_RELATED_PRODUCT_CATEGORY ( 'part', '', ( #251 ) ) ;
#311 = ORIENTED_EDGE ( 'NONE', *, *, #6194, .T. ) ;
#312 = EDGE_CURVE ( 'NONE', #6125, #2360, #5230, .T. ) ;
#313 = DIRECTION ( 'NONE',  ( 0.000000000000000000, 0.000000000000000000, 1.000000000000000000 ) ) ;
#314 = CARTESIAN_POINT ( 'NONE',  ( -23.99999999999984013, 0.000000000000000000, 19.49999999999999289 ) ) ;
#315 = AXIS2_PLACEMENT_3D ( 'NONE', #546, #1959, #2455 ) ;
#316 = CARTESIAN_POINT ( 'NONE',  ( 19.08551248218999419, 7.000000000000000000, -25.86449971279398952 ) ) ;
#317 = VERTEX_POINT ( 'NONE', #4756 ) ;
#318 = CIRCLE ( 'NONE', #3503, 2.250000000000001776 ) ;
#319 = EDGE_CURVE ( 'NONE', #1055, #4456, #4947, .T. ) ;
#320 = CYLINDRICAL_SURFACE ( 'NONE', #2359, 2.250000000000002665 ) ;
#321 = FACE_BOUND ( 'NONE', #1464, .T. ) ;
#322 = CARTESIAN_POINT ( 'NONE',  ( 40.00000000000013500, 0.000000000000000000, 9.249999999999984013 ) ) ;
#323 = DIRECTION ( 'NONE',  ( -0.000000000000000000, 1.000000000000000000, -0.000000000000000000 ) ) ;
#324 = AXIS2_PLACEMENT_3D ( 'NONE', #5624, #4669, #2707 ) ;
#325 = DIRECTION ( 'NONE',  ( 0.000000000000000000, 1.000000000000000000, 0.000000000000000000 ) ) ;
#326 = CARTESIAN_POINT ( 'NONE',  ( 2.081668171172168513E-14, 0.000000000000000000, -18.25000000000001066 ) ) ;
#327 = VERTEX_POINT ( 'NONE', #393 ) ;
#328 = DIRECTION ( 'NONE',  ( 0.000000000000000000, 0.000000000000000000, 1.000000000000000000 ) ) ;
#329 = DIRECTION ( 'NONE',  ( -0.000000000000000000, 1.000000000000000000, -0.000000000000000000 ) ) ;
#330 = LINE ( 'NONE', #801, #4980 ) ;
#331 = EDGE_LOOP ( 'NONE', ( #3599, #3182, #2855, #3436 ) ) ;
#332 = CARTESIAN_POINT ( 'NONE',  ( 16.00000000000013145, 3.000000000000000000, 13.74999999999998757 ) ) ;
#333 = CARTESIAN_POINT ( 'NONE',  ( -23.99999999999984013, 0.000000000000000000, 21.74999999999999645 ) ) ;
#334 = LINE ( 'NONE', #1882, #5141 ) ;
#335 = AXIS2_PLACEMENT_3D ( 'NONE', #1694, #631, #4896 ) ;
#336 = VERTEX_POINT ( 'NONE', #4194 ) ;
#337 = ORIENTED_EDGE ( 'NONE', *, *, #2555, .T. ) ;
#338 = DIRECTION ( 'NONE',  ( -0.000000000000000000, -1.000000000000000000, -0.000000000000000000 ) ) ;
#339 = EDGE_CURVE ( 'NONE', #3462, #5136, #4060, .T. ) ;
#340 = EDGE_CURVE ( 'NONE', #5019, #4418, #3662, .T. ) ;
#341 = EDGE_CURVE ( 'NONE', #5728, #2853, #3961, .T. ) ;
#342 = DIRECTION ( 'NONE',  ( 0.000000000000000000, 0.000000000000000000, 1.000000000000000000 ) ) ;
#343 = CYLINDRICAL_SURFACE ( 'NONE', #962, 2.250000000000001776 ) ;
#344 = AXIS2_PLACEMENT_3D ( 'NONE', #4775, #988, #4829 ) ;
#345 = DIRECTION ( 'NONE',  ( 0.000000000000000000, 1.000000000000000000, 0.000000000000000000 ) ) ;
#346 = EDGE_LOOP ( 'NONE', ( #5904, #5566, #3701, #901 ) ) ;
#347 = AXIS2_PLACEMENT_3D ( 'NONE', #2053, #1067, #3858 ) ;
#348 = EDGE_LOOP ( 'NONE', ( #2471, #4830 ) ) ;
#349 = FACE_BOUND ( 'NONE', #4205, .T. ) ;
#350 = VECTOR ( 'NONE', #3645, 1000.000000000000000 ) ;
#351 = AXIS2_PLACEMENT_3D ( 'NONE', #4619, #2390, #5729 ) ;
#352 = CYLINDRICAL_SURFACE ( 'NONE', #557, 2.250000000000001776 ) ;
#353 = EDGE_CURVE ( 'NONE', #3022, #3851, #1286, .T. ) ;
#354 = DIRECTION ( 'NONE',  ( 0.000000000000000000, 0.000000000000000000, 1.000000000000000000 ) ) ;
#355 = VERTEX_POINT ( 'NONE', #3943 ) ;
#356 = APPLICATION_CONTEXT ( 'automotive_design' ) ;
#357 = DIRECTION ( 'NONE',  ( -0.000000000000000000, 1.000000000000000000, -0.000000000000000000 ) ) ;
#358 = DIRECTION ( 'NONE',  ( 0.000000000000000000, 0.000000000000000000, 1.000000000000000000 ) ) ;
#359 = EDGE_LOOP ( 'NONE', ( #2842, #212, #5013, #1175 ) ) ;
#360 = LINE ( 'NONE', #4101, #271 ) ;
#361 = CIRCLE ( 'NONE', #5037, 1.364499712793995734 ) ;
#362 = CARTESIAN_POINT ( 'NONE',  ( 19.08551248218999419, 0.000000000000000000, -25.86449971279398952 ) ) ;
#363 = FACE_OUTER_BOUND ( 'NONE', #3340, .T. ) ;
#364 = ORIENTED_EDGE ( 'NONE', *, *, #1660, .T. ) ;
#365 = ORIENTED_EDGE ( 'NONE', *, *, #5195, .T. ) ;
#366 = LINE ( 'NONE', #844, #3108 ) ;
#367 = ORIENTED_EDGE ( 'NONE', *, *, #3596, .F. ) ;
#368 = FACE_OUTER_BOUND ( 'NONE', #5889, .T. ) ;
#369 = DIRECTION ( 'NONE',  ( 0.000000000000000000, 0.000000000000000000, 1.000000000000000000 ) ) ;
#370 = AXIS2_PLACEMENT_3D ( 'NONE', #3699, #4191, #358 ) ;
#371 = ORIENTED_EDGE ( 'NONE', *, *, #5466, .F. ) ;
#372 = EDGE_LOOP ( 'NONE', ( #432, #3078, #365, #2556 ) ) ;
#373 = DIRECTION ( 'NONE',  ( -0.000000000000000000, 1.000000000000000000, -0.000000000000000000 ) ) ;
#374 = AXIS2_PLACEMENT_3D ( 'NONE', #520, #3357, #4317 ) ;
#375 = AXIS2_PLACEMENT_3D ( 'NONE', #3268, #4160, #1803 ) ;
#376 = CARTESIAN_POINT ( 'NONE',  ( 41.99999999999996447, 3.000000000000000000, 32.49999999999998579 ) ) ;
#377 = DIRECTION ( 'NONE',  ( 0.000000000000000000, 1.000000000000000000, 0.000000000000000000 ) ) ;
#378 = EDGE_CURVE ( 'NONE', #5702, #5262, #3505, .T. ) ;
#379 = AXIS2_PLACEMENT_3D ( 'NONE', #5178, #433, #5210 ) ;
#380 = ORIENTED_EDGE ( 'NONE', *, *, #5966, .F. ) ;
#381 = CIRCLE ( 'NONE', #3876, 2.250000000000001776 ) ;
#382 = EDGE_LOOP ( 'NONE', ( #4728, #1422, #2410, #633 ) ) ;
#383 = ORIENTED_EDGE ( 'NONE', *, *, #3617, .F. ) ;
#384 = ORIENTED_EDGE ( 'NONE', *, *, #5375, .F. ) ;
#385 = CYLINDRICAL_SURFACE ( 'NONE', #1278, 2.250000000000001776 ) ;
#386 = EDGE_CURVE ( 'NONE', #6064, #5078, #4459, .T. ) ;
#387 = CARTESIAN_POINT ( 'NONE',  ( 19.08551248218999419, 7.000000000000000000, -21.99999999999999645 ) ) ;
#388 = EDGE_LOOP ( 'NONE', ( #2736, #2967, #1640, #5676 ) ) ;
#389 = DIRECTION ( 'NONE',  ( 0.000000000000000000, 1.000000000000000000, 0.000000000000000000 ) ) ;
#390 = EDGE_CURVE ( 'NONE', #3532, #1812, #478, .T. ) ;
#391 = LINE ( 'NONE', #295, #1774 ) ;
#392 = ORIENTED_EDGE ( 'NONE', *, *, #4273, .F. ) ;
#393 = CARTESIAN_POINT ( 'NONE',  ( -6.938893903907228378E-15, 0.000000000000000000, -26.25000000000001066 ) ) ;
#394 = LINE ( 'NONE', #5648, #2319 ) ;
#395 = DIRECTION ( 'NONE',  ( -0.000000000000000000, 1.000000000000000000, -0.000000000000000000 ) ) ;
#396 = ORIENTED_EDGE ( 'NONE', *, *, #620, .F. ) ;
#397 = ORIENTED_EDGE ( 'NONE', *, *, #1275, .F. ) ;
#398 = CARTESIAN_POINT ( 'NONE',  ( -15.99999999999992362, 0.000000000000000000, -4.500000000000010658 ) ) ;
#399 = ORIENTED_EDGE ( 'NONE', *, *, #6045, .F. ) ;
#400 = DIRECTION ( 'NONE',  ( 0.000000000000000000, 0.000000000000000000, 1.000000000000000000 ) ) ;
#401 = CARTESIAN_POINT ( 'NONE',  ( 32.00000000000017053, 0.000000000000000000, 19.49999999999999289 ) ) ;
#402 = ORIENTED_EDGE ( 'NONE', *, *, #308, .F. ) ;
#403 = ORIENTED_EDGE ( 'NONE', *, *, #1199, .F. ) ;
#404 = CIRCLE ( 'NONE', #5794, 2.250000000000001776 ) ;
#405 = VECTOR ( 'NONE', #270, 1000.000000000000000 ) ;
#406 = CARTESIAN_POINT ( 'NONE',  ( -23.99999999999981171, 0.000000000000000000, 29.74999999999998934 ) ) ;
#407 = EDGE_LOOP ( 'NONE', ( #104, #4582 ) ) ;
#408 = DIRECTION ( 'NONE',  ( -0.000000000000000000, 1.000000000000000000, -0.000000000000000000 ) ) ;
#409 = LINE ( 'NONE', #5219, #1265 ) ;
#410 = ORIENTED_EDGE ( 'NONE', *, *, #4273, .T. ) ;
#411 = AXIS2_PLACEMENT_3D ( 'NONE', #4741, #3873, #472 ) ;
#412 = VERTEX_POINT ( 'NONE', #1613 ) ;
#413 = ORIENTED_EDGE ( 'NONE', *, *, #5470, .T. ) ;
#414 = CYLINDRICAL_SURFACE ( 'NONE', #4849, 2.250000000000001776 ) ;
#415 = AXIS2_PLACEMENT_3D ( 'NONE', #3820, #999, #2427 ) ;
#416 = DIRECTION ( 'NONE',  ( 0.000000000000000000, 1.000000000000000000, 0.000000000000000000 ) ) ;
#417 = EDGE_CURVE ( 'NONE', #3462, #3504, #2460, .T. ) ;
#418 = ORIENTED_EDGE ( 'NONE', *, *, #3474, .F. ) ;
#419 = FACE_BOUND ( 'NONE', #5824, .T. ) ;
#420 = AXIS2_PLACEMENT_3D ( 'NONE', #5329, #5871, #3480 ) ;
#421 = EDGE_CURVE ( 'NONE', #912, #4458, #361, .T. ) ;
#422 = EDGE_CURVE ( 'NONE', #563, #5042, #3946, .T. ) ;
#423 = DIRECTION ( 'NONE',  ( -0.000000000000000000, 1.000000000000000000, -0.000000000000000000 ) ) ;
#424 = VERTEX_POINT ( 'NONE', #1129 ) ;
#425 = CARTESIAN_POINT ( 'NONE',  ( 32.00000000000005684, 0.000000000000000000, -14.75000000000001243 ) ) ;
#426 = ADVANCED_FACE ( 'NONE', ( #641 ), #4348, .F. ) ;
#427 = CARTESIAN_POINT ( 'NONE',  ( 16.00000000000004974, 0.000000000000000000, -12.50000000000001066 ) ) ;
#428 = FACE_OUTER_BOUND ( 'NONE', #4022, .T. ) ;
#429 = VERTEX_POINT ( 'NONE', #2519 ) ;
#430 = ORIENTED_EDGE ( 'NONE', *, *, #2996, .T. ) ;
#431 = CARTESIAN_POINT ( 'NONE',  ( 8.000000000000188294, 0.000000000000000000, 27.49999999999998579 ) ) ;
#432 = ORIENTED_EDGE ( 'NONE', *, *, #1139, .F. ) ;
#433 = DIRECTION ( 'NONE',  ( 0.000000000000000000, 1.000000000000000000, 0.000000000000000000 ) ) ;
#434 = CYLINDRICAL_SURFACE ( 'NONE', #3816, 2.250000000000001776 ) ;
#435 = EDGE_LOOP ( 'NONE', ( #2028, #6139 ) ) ;
#436 = ORIENTED_EDGE ( 'NONE', *, *, #6169, .F. ) ;
#437 = CARTESIAN_POINT ( 'NONE',  ( 7.632783294297951215E-14, 3.000000000000000000, -4.500000000000010658 ) ) ;
#438 = EDGE_CURVE ( 'NONE', #3213, #1379, #3416, .T. ) ;
#439 = EDGE_LOOP ( 'NONE', ( #5433, #2679, #4213, #2182 ) ) ;
#440 = FACE_OUTER_BOUND ( 'NONE', #2326, .T. ) ;
#441 = AXIS2_PLACEMENT_3D ( 'NONE', #687, #2586, #3958 ) ;
#442 = DIRECTION ( 'NONE',  ( 0.000000000000000000, 1.000000000000000000, 0.000000000000000000 ) ) ;
#443 = DIRECTION ( 'NONE',  ( -0.000000000000000000, 1.000000000000000000, -0.000000000000000000 ) ) ;
#444 = ORIENTED_EDGE ( 'NONE', *, *, #341, .T. ) ;
#445 = VERTEX_POINT ( 'NONE', #3039 ) ;
#446 = AXIS2_PLACEMENT_3D ( 'NONE', #3536, #3043, #794 ) ;
#447 = CARTESIAN_POINT ( 'NONE',  ( -23.99999999999997868, 3.000000000000000000, -20.50000000000001066 ) ) ;
#448 = CARTESIAN_POINT ( 'NONE',  ( 8.000000000000131450, 0.000000000000000000, 11.49999999999998579 ) ) ;
#449 = ORIENTED_EDGE ( 'NONE', *, *, #1369, .F. ) ;
#450 = CIRCLE ( 'NONE', #3935, 2.250000000000001776 ) ;
#451 = FACE_BOUND ( 'NONE', #1525, .T. ) ;
#452 = CIRCLE ( 'NONE', #5242, 2.250000000000002665 ) ;
#453 = VERTEX_POINT ( 'NONE', #5324 ) ;
#454 = ADVANCED_FACE ( 'NONE', ( #614, #4938 ), #2490, .T. ) ;
#455 = DIRECTION ( 'NONE',  ( 0.000000000000000000, 1.000000000000000000, 0.000000000000000000 ) ) ;
#456 = DIRECTION ( 'NONE',  ( 0.000000000000000000, 1.000000000000000000, 0.000000000000000000 ) ) ;
#457 = CARTESIAN_POINT ( 'NONE',  ( 19.08551248218999419, 0.000000000000000000, 25.86449971279400017 ) ) ;
#458 = ADVANCED_FACE ( 'NONE', ( #81, #1993, #198, #2983, #2111, #4001, #1035, #2924, #4813, #4378, #583, #1066, #2956, #2024, #3913, #3449, #702, #4033, #4618, #6016, #349, #4526, #1274, #1187, #260, #4093, #5986, #2631, #2167, #321, #6080, #5477, #2602, #1677, #1763, #2260, #1218, #4969, #2691, #3567, #2198, #4152, #4585, #4555, #763, #3102, #5003, #3194, #4501, #1796, #736, #4066, #1246, #1707, #3071, #6047, #5089, #4120, #3660, #3600, #5956, #5570, #792, #2659, #1306, #2229, #5507, #826, #3130, #2723, #1730, #5448, #5028, #289 ), #231, .T. ) ;
#459 = AXIS2_PLACEMENT_3D ( 'NONE', #1816, #5046, #3710 ) ;
#460 = AXIS2_PLACEMENT_3D ( 'NONE', #2515, #4936, #2050 ) ;
#461 = ORIENTED_EDGE ( 'NONE', *, *, #1154, .T. ) ;
#462 = CARTESIAN_POINT ( 'NONE',  ( 40.00000000000016342, 0.000000000000000000, 21.74999999999998934 ) ) ;
#463 = ORIENTED_EDGE ( 'NONE', *, *, #5027, .T. ) ;
#464 = CARTESIAN_POINT ( 'NONE',  ( -24.00000000000000711, 0.000000000000000000, -26.25000000000001066 ) ) ;
#465 = DIRECTION ( 'NONE',  ( 0.000000000000000000, 1.000000000000000000, 0.000000000000000000 ) ) ;
#466 = VERTEX_POINT ( 'NONE', #5059 ) ;
#467 = ORIENTED_EDGE ( 'NONE', *, *, #5383, .F. ) ;
#468 = DIRECTION ( 'NONE',  ( -0.000000000000000000, 1.000000000000000000, -0.000000000000000000 ) ) ;
#469 = ADVANCED_FACE ( 'NONE', ( #2138 ), #5222, .F. ) ;
#470 = ORIENTED_EDGE ( 'NONE', *, *, #3498, .F. ) ;
#471 = CARTESIAN_POINT ( 'NONE',  ( -23.99999999999995026, 0.000000000000000000, -12.50000000000001066 ) ) ;
#472 = DIRECTION ( 'NONE',  ( 0.000000000000000000, 0.000000000000000000, 1.000000000000000000 ) ) ;
#473 = DIRECTION ( 'NONE',  ( -0.000000000000000000, 1.000000000000000000, -0.000000000000000000 ) ) ;
#474 = ADVANCED_FACE ( 'NONE', ( #4747 ), #2361, .F. ) ;
#475 = CIRCLE ( 'NONE', #671, 2.250000000000001776 ) ;
#476 = ORIENTED_EDGE ( 'NONE', *, *, #4208, .F. ) ;
#477 = LINE ( 'NONE', #6050, #2948 ) ;
#478 = CIRCLE ( 'NONE', #4754, 2.250000000000001776 ) ;
#479 = CIRCLE ( 'NONE', #2384, 2.999999999999999112 ) ;
#480 = DIRECTION ( 'NONE',  ( -0.000000000000000000, 1.000000000000000000, -0.000000000000000000 ) ) ;
#481 = ORIENTED_EDGE ( 'NONE', *, *, #1969, .T. ) ;
#482 = CARTESIAN_POINT ( 'NONE',  ( -39.00000000000000711, 0.000000000000000000, 24.50000000000000355 ) ) ;
#483 = VECTOR ( 'NONE', #1908, 1000.000000000000000 ) ;
#484 = VERTEX_POINT ( 'NONE', #1924 ) ;
#485 = FACE_BOUND ( 'NONE', #4996, .T. ) ;
#486 = EDGE_LOOP ( 'NONE', ( #2619, #611, #1073, #1975, #3420, #634, #5936, #4374 ) ) ;
#487 = CARTESIAN_POINT ( 'NONE',  ( -15.99999999999984013, 0.000000000000000000, 19.49999999999999289 ) ) ;
#488 = CIRCLE ( 'NONE', #2778, 2.250000000000001776 ) ;
#489 = CYLINDRICAL_SURFACE ( 'NONE', #216, 2.250000000000001776 ) ;
#490 = FACE_OUTER_BOUND ( 'NONE', #5112, .T. ) ;
#491 = EDGE_CURVE ( 'NONE', #3504, #3389, #4049, .T. ) ;
#492 = ORIENTED_EDGE ( 'NONE', *, *, #4840, .T. ) ;
#493 = CARTESIAN_POINT ( 'NONE',  ( -8.000000000000007105, 0.000000000000000000, -28.50000000000001066 ) ) ;
#494 = ORIENTED_EDGE ( 'NONE', *, *, #1858, .F. ) ;
#495 = CARTESIAN_POINT ( 'NONE',  ( 1.665334536937734811E-13, 0.000000000000000000, 19.49999999999999289 ) ) ;
#496 = DIRECTION ( 'NONE',  ( 0.000000000000000000, 1.000000000000000000, 0.000000000000000000 ) ) ;
#497 = ORIENTED_EDGE ( 'NONE', *, *, #4419, .F. ) ;
#498 = DIRECTION ( 'NONE',  ( 0.000000000000000000, 0.000000000000000000, 1.000000000000000000 ) ) ;
#499 = ORIENTED_EDGE ( 'NONE', *, *, #4962, .T. ) ;
#500 = CARTESIAN_POINT ( 'NONE',  ( 8.000000000000131450, 0.000000000000000000, 13.74999999999998757 ) ) ;
#501 = CARTESIAN_POINT ( 'NONE',  ( -7.999999999999840128, 3.000000000000000000, 19.49999999999999289 ) ) ;
#502 = CARTESIAN_POINT ( 'NONE',  ( 40.00000000000007816, 3.000000000000000000, -2.250000000000011546 ) ) ;
#503 = AXIS2_PLACEMENT_3D ( 'NONE', #5275, #1426, #4267 ) ;
#504 = EDGE_CURVE ( 'NONE', #4156, #5254, #1434, .T. ) ;
#505 = ORIENTED_EDGE ( 'NONE', *, *, #538, .F. ) ;
#506 = DIRECTION ( 'NONE',  ( -0.000000000000000000, 1.000000000000000000, -0.000000000000000000 ) ) ;
#507 = ADVANCED_FACE ( 'NONE', ( #5639 ), #7, .F. ) ;
#508 = AXIS2_PLACEMENT_3D ( 'NONE', #4436, #5865, #4811 ) ;
#509 = CIRCLE ( 'NONE', #4785, 2.250000000000001776 ) ;
#510 = EDGE_CURVE ( 'NONE', #2947, #3382, #2163, .T. ) ;
#511 = CARTESIAN_POINT ( 'NONE',  ( -6.938893903907228378E-15, 0.000000000000000000, -28.50000000000001066 ) ) ;
#512 = ORIENTED_EDGE ( 'NONE', *, *, #4341, .T. ) ;
#513 = DIRECTION ( 'NONE',  ( 0.000000000000000000, 0.000000000000000000, 1.000000000000000000 ) ) ;
#514 = VECTOR ( 'NONE', #1990, 1000.000000000000000 ) ;
#515 = EDGE_CURVE ( 'NONE', #3923, #2023, #68, .T. ) ;
#516 = ORIENTED_EDGE ( 'NONE', *, *, #2748, .T. ) ;
#517 = CARTESIAN_POINT ( 'NONE',  ( -15.99999999999981348, 0.000000000000000000, 25.24999999999998579 ) ) ;
#519 = EDGE_LOOP ( 'NONE', ( #3727, #4133 ) ) ;
#518 = CIRCLE ( 'NONE', #4997, 2.250000000000001776 ) ;
#520 = CARTESIAN_POINT ( 'NONE',  ( 32.00000000000019185, 0.000000000000000000, 27.49999999999998579 ) ) ;
#521 = DIRECTION ( 'NONE',  ( 0.000000000000000000, 0.000000000000000000, 1.000000000000000000 ) ) ;
#522 = LINE ( 'NONE', #84, #1951 ) ;
#523 = VECTOR ( 'NONE', #5207, 1000.000000000000000 ) ;
#524 = CIRCLE ( 'NONE', #1040, 2.250000000000001776 ) ;
#525 = DIRECTION ( 'NONE',  ( 0.000000000000000000, 1.000000000000000000, 0.000000000000000000 ) ) ;
#526 = ORIENTED_EDGE ( 'NONE', *, *, #36, .F. ) ;
#527 = DIRECTION ( 'NONE',  ( -1.541976423090495387E-16, 0.000000000000000000, -1.000000000000000000 ) ) ;
#528 = CARTESIAN_POINT ( 'NONE',  ( -31.99999999999984013, 0.000000000000000000, 17.24999999999998934 ) ) ;
#529 = EDGE_LOOP ( 'NONE', ( #863, #5087 ) ) ;
#530 = AXIS2_PLACEMENT_3D ( 'NONE', #2791, #389, #2366 ) ;
#531 = CARTESIAN_POINT ( 'NONE',  ( 32.00000000000014211, 0.000000000000000000, 11.49999999999998579 ) ) ;
#532 = VERTEX_POINT ( 'NONE', #2851 ) ;
#533 = DIRECTION ( 'NONE',  ( 0.000000000000000000, 0.000000000000000000, 1.000000000000000000 ) ) ;
#534 = VECTOR ( 'NONE', #1012, 1000.000000000000000 ) ;
#535 = CARTESIAN_POINT ( 'NONE',  ( -7.999999999999979572, 0.000000000000000000, -22.75000000000001421 ) ) ;
#536 = DIRECTION ( 'NONE',  ( 0.000000000000000000, 0.000000000000000000, 1.000000000000000000 ) ) ;
#537 = ORIENTED_EDGE ( 'NONE', *, *, #232, .F. ) ;
#538 = EDGE_CURVE ( 'NONE', #6110, #1128, #3758, .T. ) ;
#539 = DIRECTION ( 'NONE',  ( 0.000000000000000000, 1.000000000000000000, 0.000000000000000000 ) ) ;
#540 = EDGE_CURVE ( 'NONE', #4554, #2226, #5864, .T. ) ;
#541 = ADVANCED_FACE ( 'NONE', ( #2884 ), #414, .F. ) ;
#542 = AXIS2_PLACEMENT_3D ( 'NONE', #4542, #3490, #5017 ) ;
#543 = DIRECTION ( 'NONE',  ( -0.000000000000000000, 1.000000000000000000, -0.000000000000000000 ) ) ;
#544 = VERTEX_POINT ( 'NONE', #5127 ) ;
#545 = ORIENTED_EDGE ( 'NONE', *, *, #3973, .T. ) ;
#546 = CARTESIAN_POINT ( 'NONE',  ( -39.99999999999987210, 3.000000000000000000, 11.49999999999998579 ) ) ;
#547 = CIRCLE ( 'NONE', #649, 2.499999999999998668 ) ;
#548 = CARTESIAN_POINT ( 'NONE',  ( -8.000000000000007105, 3.000000000000000000, -30.75000000000001421 ) ) ;
#549 = VERTEX_POINT ( 'NONE', #4779 ) ;
#550 = DIRECTION ( 'NONE',  ( 0.000000000000000000, 1.000000000000000000, 0.000000000000000000 ) ) ;
#551 = ADVANCED_FACE ( 'NONE', ( #5194 ), #385, .F. ) ;
#552 = CYLINDRICAL_SURFACE ( 'NONE', #4239, 2.250000000000001776 ) ;
#553 = CARTESIAN_POINT ( 'NONE',  ( -41.99999999999999289, 3.000000000000000000, -32.50000000000000000 ) ) ;
#554 = AXIS2_PLACEMENT_3D ( 'NONE', #4005, #4037, #2634 ) ;
#555 = EDGE_LOOP ( 'NONE', ( #124, #1981, #4875, #4119 ) ) ;
#556 = AXIS2_PLACEMENT_3D ( 'NONE', #5664, #1857, #3258 ) ;
#557 = AXIS2_PLACEMENT_3D ( 'NONE', #1983, #3196, #2849 ) ;
#558 = DIRECTION ( 'NONE',  ( 0.000000000000000000, 0.000000000000000000, 1.000000000000000000 ) ) ;
#559 = EDGE_LOOP ( 'NONE', ( #4717, #678, #872, #2741 ) ) ;
#560 = DIRECTION ( 'NONE',  ( -0.000000000000000000, 1.000000000000000000, -0.000000000000000000 ) ) ;
#561 = AXIS2_PLACEMENT_3D ( 'NONE', #834, #5067, #2729 ) ;
#562 = DIRECTION ( 'NONE',  ( 0.000000000000000000, 1.000000000000000000, 0.000000000000000000 ) ) ;
#563 = VERTEX_POINT ( 'NONE', #4217 ) ;
#564 = CIRCLE ( 'NONE', #1078, 2.250000000000001776 ) ;
#565 = AXIS2_PLACEMENT_3D ( 'NONE', #3855, #3502, #1152 ) ;
#566 = CARTESIAN_POINT ( 'NONE',  ( 32.00000000000002842, 0.000000000000000000, -22.75000000000001421 ) ) ;
#567 = ORIENTED_EDGE ( 'NONE', *, *, #2940, .F. ) ;
#568 = DIRECTION ( 'NONE',  ( 0.000000000000000000, 0.000000000000000000, 1.000000000000000000 ) ) ;
#569 = LINE ( 'NONE', #6195, #2975 ) ;
#570 = CARTESIAN_POINT ( 'NONE',  ( 40.00000000000013500, 0.000000000000000000, 11.49999999999998579 ) ) ;
#571 = ORIENTED_EDGE ( 'NONE', *, *, #5497, .T. ) ;
#572 = EDGE_LOOP ( 'NONE', ( #3716, #2420, #311, #5721 ) ) ;
#573 = CARTESIAN_POINT ( 'NONE',  ( 40.00000000000007816, 3.000000000000000000, -4.500000000000014211 ) ) ;
#574 = EDGE_CURVE ( 'NONE', #2245, #5984, #2758, .T. ) ;
#575 = CARTESIAN_POINT ( 'NONE',  ( -41.99999999999999289, 3.000000000000000000, -29.50000000000000000 ) ) ;
#576 = ORIENTED_EDGE ( 'NONE', *, *, #5040, .T. ) ;
#577 = AXIS2_PLACEMENT_3D ( 'NONE', #4595, #3237, #4563 ) ;
#578 = ORIENTED_EDGE ( 'NONE', *, *, #5154, .F. ) ;
#579 = AXIS2_PLACEMENT_3D ( 'NONE', #4541, #2706, #2773 ) ;
#580 = CARTESIAN_POINT ( 'NONE',  ( -15.99999999999984013, 0.000000000000000000, 19.49999999999999289 ) ) ;
#581 = DIRECTION ( 'NONE',  ( 0.000000000000000000, 0.000000000000000000, 1.000000000000000000 ) ) ;
#582 = ORIENTED_EDGE ( 'NONE', *, *, #2783, .T. ) ;
#583 = FACE_BOUND ( 'NONE', #6158, .T. ) ;
#584 = EDGE_CURVE ( 'NONE', #5560, #1814, #4746, .T. ) ;
#585 = CARTESIAN_POINT ( 'NONE',  ( 19.08551248218999419, 7.000000000000000000, 27.00000000000000355 ) ) ;
#586 = AXIS2_PLACEMENT_3D ( 'NONE', #4233, #527, #5685 ) ;
#587 = DIRECTION ( 'NONE',  ( 0.000000000000000000, 0.000000000000000000, 1.000000000000000000 ) ) ;
#588 = ORIENTED_EDGE ( 'NONE', *, *, #1449, .F. ) ;
#589 = EDGE_CURVE ( 'NONE', #4855, #1749, #2069, .T. ) ;
#590 = DIRECTION ( 'NONE',  ( 0.000000000000000000, 1.000000000000000000, 0.000000000000000000 ) ) ;
#591 = EDGE_LOOP ( 'NONE', ( #2523, #1784, #5229, #5607 ) ) ;
#592 = AXIS2_PLACEMENT_3D ( 'NONE', #4422, #3054, #5428 ) ;
#593 = CYLINDRICAL_SURFACE ( 'NONE', #5372, 2.250000000000001776 ) ;
#594 = CARTESIAN_POINT ( 'NONE',  ( 19.08551248218999419, 0.000000000000000000, 23.13550028720601048 ) ) ;
#595 = ORIENTED_EDGE ( 'NONE', *, *, #3714, .F. ) ;
#596 = LINE ( 'NONE', #92, #3486 ) ;
#597 = ORIENTED_EDGE ( 'NONE', *, *, #2583, .F. ) ;
#598 = DIRECTION ( 'NONE',  ( 0.000000000000000000, 0.000000000000000000, 1.000000000000000000 ) ) ;
#599 = DIRECTION ( 'NONE',  ( 0.000000000000000000, 0.000000000000000000, 1.000000000000000000 ) ) ;
#600 = CARTESIAN_POINT ( 'NONE',  ( -41.99999999999999289, 3.000000000000000000, -29.50000000000000000 ) ) ;
#601 = ORIENTED_EDGE ( 'NONE', *, *, #3501, .T. ) ;
#602 = EDGE_LOOP ( 'NONE', ( #4214, #3821 ) ) ;
#603 = DIRECTION ( 'NONE',  ( -0.000000000000000000, 1.000000000000000000, -0.000000000000000000 ) ) ;
#604 = ORIENTED_EDGE ( 'NONE', *, *, #5209, .T. ) ;
#605 = AXIS2_PLACEMENT_3D ( 'NONE', #5101, #5516, #5548 ) ;
#606 = CARTESIAN_POINT ( 'NONE',  ( -15.99999999999981348, 0.000000000000000000, 27.49999999999998579 ) ) ;
#607 = ORIENTED_EDGE ( 'NONE', *, *, #3778, .F. ) ;
#608 = AXIS2_PLACEMENT_3D ( 'NONE', #1089, #5317, #1578 ) ;
#609 = AXIS2_PLACEMENT_3D ( 'NONE', #5593, #3649, #6102 ) ;
#610 = AXIS2_PLACEMENT_3D ( 'NONE', #677, #3077, #4509 ) ;
#611 = ORIENTED_EDGE ( 'NONE', *, *, #4683, .T. ) ;
#612 = DIRECTION ( 'NONE',  ( 0.000000000000000000, 0.000000000000000000, 1.000000000000000000 ) ) ;
#613 = VERTEX_POINT ( 'NONE', #2328 ) ;
#614 = FACE_BOUND ( 'NONE', #4638, .T. ) ;
#615 = DIRECTION ( 'NONE',  ( -0.000000000000000000, 1.000000000000000000, -0.000000000000000000 ) ) ;
#616 = EDGE_CURVE ( 'NONE', #1741, #2962, #6140, .T. ) ;
#617 = CARTESIAN_POINT ( 'NONE',  ( 16.00000000000004974, 3.000000000000000000, -12.50000000000001066 ) ) ;
#618 = EDGE_CURVE ( 'NONE', #625, #3242, #4057, .T. ) ;
#619 = ORIENTED_EDGE ( 'NONE', *, *, #5695, .T. ) ;
#620 = EDGE_CURVE ( 'NONE', #1452, #5668, #5666, .T. ) ;
#621 = DIRECTION ( 'NONE',  ( 0.000000000000000000, 0.000000000000000000, 1.000000000000000000 ) ) ;
#622 = CIRCLE ( 'NONE', #6010, 2.250000000000001776 ) ;
#623 = FACE_OUTER_BOUND ( 'NONE', #1964, .T. ) ;
#624 = CARTESIAN_POINT ( 'NONE',  ( 24.00000000000013145, 0.000000000000000000, 11.49999999999998579 ) ) ;
#625 = VERTEX_POINT ( 'NONE', #161 ) ;
#626 = CARTESIAN_POINT ( 'NONE',  ( -15.99999999999992362, 0.000000000000000000, -6.750000000000014211 ) ) ;
#627 = AXIS2_PLACEMENT_3D ( 'NONE', #4782, #3353, #513 ) ;
#628 = VERTEX_POINT ( 'NONE', #2047 ) ;
#629 = CARTESIAN_POINT ( 'NONE',  ( -45.00000000000000000, 2.000000000000000000, -7.499999999999992895 ) ) ;
#630 = FACE_OUTER_BOUND ( 'NONE', #555, .T. ) ;
#631 = DIRECTION ( 'NONE',  ( 0.000000000000000000, 1.000000000000000000, 0.000000000000000000 ) ) ;
#632 = AXIS2_PLACEMENT_3D ( 'NONE', #1250, #5066, #2695 ) ;
#633 = ORIENTED_EDGE ( 'NONE', *, *, #4965, .F. ) ;
#634 = ORIENTED_EDGE ( 'NONE', *, *, #4522, .F. ) ;
#635 = ADVANCED_FACE ( 'NONE', ( #133 ), #5792, .F. ) ;
#636 = CARTESIAN_POINT ( 'NONE',  ( 8.000000000000104805, 3.000000000000000000, 3.499999999999992895 ) ) ;
#637 = FACE_OUTER_BOUND ( 'NONE', #6177, .T. ) ;
#638 = ORIENTED_EDGE ( 'NONE', *, *, #2184, .F. ) ;
#639 = DIRECTION ( 'NONE',  ( 0.000000000000000000, 1.000000000000000000, 0.000000000000000000 ) ) ;
#640 = ORIENTED_EDGE ( 'NONE', *, *, #3360, .T. ) ;
#641 = FACE_OUTER_BOUND ( 'NONE', #5093, .T. ) ;
#642 = DIRECTION ( 'NONE',  ( -0.000000000000000000, 1.000000000000000000, -0.000000000000000000 ) ) ;
#643 = CARTESIAN_POINT ( 'NONE',  ( 40.00000000000016342, 3.000000000000000000, 19.49999999999998579 ) ) ;
#644 = DIRECTION ( 'NONE',  ( 0.000000000000000000, 0.000000000000000000, 1.000000000000000000 ) ) ;
#645 = ADVANCED_FACE ( 'NONE', ( #2567 ), #3907, .F. ) ;
#646 = DIRECTION ( 'NONE',  ( 0.000000000000000000, 0.000000000000000000, 1.000000000000000000 ) ) ;
#647 = DIRECTION ( 'NONE',  ( 0.000000000000000000, 1.000000000000000000, 0.000000000000000000 ) ) ;
#648 = EDGE_LOOP ( 'NONE', ( #5839, #3732, #2838, #4748 ) ) ;
#649 = AXIS2_PLACEMENT_3D ( 'NONE', #5416, #1131, #5896 ) ;
#650 = EDGE_CURVE ( 'NONE', #1205, #3260, #2017, .T. ) ;
#651 = DIRECTION ( 'NONE',  ( 0.000000000000000000, 1.000000000000000000, 0.000000000000000000 ) ) ;
#652 = AXIS2_PLACEMENT_3D ( 'NONE', #4153, #6082, #4307 ) ;
#653 = AXIS2_PLACEMENT_3D ( 'NONE', #4114, #4144, #891 ) ;
#654 = ORIENTED_EDGE ( 'NONE', *, *, #4606, .F. ) ;
#655 = DIRECTION ( 'NONE',  ( 0.000000000000000000, 0.000000000000000000, 1.000000000000000000 ) ) ;
#656 = DIRECTION ( 'NONE',  ( 0.000000000000000000, 1.000000000000000000, 0.000000000000000000 ) ) ;
#657 = LINE ( 'NONE', #5492, #5933 ) ;
#658 = VERTEX_POINT ( 'NONE', #3848 ) ;
#659 = ORIENTED_EDGE ( 'NONE', *, *, #908, .T. ) ;
#660 = CIRCLE ( 'NONE', #3538, 1.364499712793995734 ) ;
#661 = ORIENTED_EDGE ( 'NONE', *, *, #1575, .F. ) ;
#662 = ADVANCED_FACE ( 'NONE', ( #1605 ), #5406, .F. ) ;
#663 = DIRECTION ( 'NONE',  ( -0.000000000000000000, 1.000000000000000000, -0.000000000000000000 ) ) ;
#664 = EDGE_CURVE ( 'NONE', #2580, #955, #3595, .T. ) ;
#665 = DIRECTION ( 'NONE',  ( 0.000000000000000000, 0.000000000000000000, 1.000000000000000000 ) ) ;
#666 = ORIENTED_EDGE ( 'NONE', *, *, #5577, .T. ) ;
#667 = VECTOR ( 'NONE', #3227, 1000.000000000000000 ) ;
#668 = CARTESIAN_POINT ( 'NONE',  ( 19.08551248218999419, 7.000000000000000000, 24.50000000000000355 ) ) ;
#669 = ORIENTED_EDGE ( 'NONE', *, *, #5617, .T. ) ;
#670 = CARTESIAN_POINT ( 'NONE',  ( 19.08551248218999419, 7.000000000000000000, 24.50000000000000355 ) ) ;
#671 = AXIS2_PLACEMENT_3D ( 'NONE', #487, #2859, #2336 ) ;
#672 = DIRECTION ( 'NONE',  ( 0.000000000000000000, 1.000000000000000000, 0.000000000000000000 ) ) ;
#673 = DIRECTION ( 'NONE',  ( 0.000000000000000000, 1.000000000000000000, 0.000000000000000000 ) ) ;
#674 = AXIS2_PLACEMENT_3D ( 'NONE', #5398, #3957, #1597 ) ;
#675 = DIRECTION ( 'NONE',  ( 0.000000000000000000, 0.000000000000000000, 1.000000000000000000 ) ) ;
#676 = CARTESIAN_POINT ( 'NONE',  ( -31.99999999999986855, 0.000000000000000000, 11.49999999999998579 ) ) ;
#677 = CARTESIAN_POINT ( 'NONE',  ( 40.00000000000007816, 0.000000000000000000, -4.500000000000014211 ) ) ;
#678 = ORIENTED_EDGE ( 'NONE', *, *, #4926, .T. ) ;
#679 = CIRCLE ( 'NONE', #3870, 2.499999999999998668 ) ;
#680 = CARTESIAN_POINT ( 'NONE',  ( -31.99999999999986855, 0.000000000000000000, 13.74999999999998757 ) ) ;
#681 = CARTESIAN_POINT ( 'NONE',  ( -39.99999999999987210, 3.000000000000000000, 11.49999999999998579 ) ) ;
#682 = EDGE_CURVE ( 'NONE', #2776, #4175, #3097, .T. ) ;
#683 = AXIS2_PLACEMENT_3D ( 'NONE', #3488, #5397, #568 ) ;
#684 = ORIENTED_EDGE ( 'NONE', *, *, #5901, .F. ) ;
#685 = DIRECTION ( 'NONE',  ( 0.000000000000000000, 0.000000000000000000, 1.000000000000000000 ) ) ;
#686 = DIRECTION ( 'NONE',  ( -0.000000000000000000, 1.000000000000000000, -0.000000000000000000 ) ) ;
#687 = CARTESIAN_POINT ( 'NONE',  ( 24.00000000000007816, 0.000000000000000000, -4.500000000000010658 ) ) ;
#688 = EDGE_LOOP ( 'NONE', ( #4637, #2218, #4058, #4169 ) ) ;
#689 = EDGE_LOOP ( 'NONE', ( #6152, #3375, #461, #1628 ) ) ;
#690 = ORIENTED_EDGE ( 'NONE', *, *, #5312, .F. ) ;
#691 = MECHANICAL_DESIGN_GEOMETRIC_PRESENTATION_REPRESENTATION (  '', ( #4964 ), #4445 ) ;
#692 = DIRECTION ( 'NONE',  ( 0.000000000000000000, 1.000000000000000000, 0.000000000000000000 ) ) ;
#693 = EDGE_CURVE ( 'NONE', #4650, #2290, #1318, .T. ) ;
#694 = EDGE_CURVE ( 'NONE', #4897, #1086, #707, .T. ) ;
#695 = DIRECTION ( 'NONE',  ( -0.000000000000000000, 1.000000000000000000, -0.000000000000000000 ) ) ;
#696 = EDGE_CURVE ( 'NONE', #4631, #3354, #920, .T. ) ;
#697 = CARTESIAN_POINT ( 'NONE',  ( 4.857225732735059864E-14, 0.000000000000000000, -12.50000000000001066 ) ) ;
#698 = ORIENTED_EDGE ( 'NONE', *, *, #774, .F. ) ;
#699 = DIRECTION ( 'NONE',  ( 0.000000000000000000, 0.000000000000000000, 1.000000000000000000 ) ) ;
#700 = DIRECTION ( 'NONE',  ( 0.000000000000000000, 0.000000000000000000, 1.000000000000000000 ) ) ;
#701 = ORIENTED_EDGE ( 'NONE', *, *, #1061, .F. ) ;
#702 = FACE_BOUND ( 'NONE', #6027, .T. ) ;
#703 = AXIS2_PLACEMENT_3D ( 'NONE', #4014, #2237, #4978 ) ;
#704 = CARTESIAN_POINT ( 'NONE',  ( 1.110223024625156540E-13, 0.000000000000000000, 3.499999999999992895 ) ) ;
#705 = ADVANCED_FACE ( 'NONE', ( #5763 ), #3468, .F. ) ;
#706 = CARTESIAN_POINT ( 'NONE',  ( 8.000000000000159872, 3.000000000000000000, 19.49999999999999289 ) ) ;
#707 = CIRCLE ( 'NONE', #4486, 2.250000000000001776 ) ;
#708 = CARTESIAN_POINT ( 'NONE',  ( 19.08551248218999419, 0.000000000000000000, -23.13550028720599983 ) ) ;
#709 = AXIS2_PLACEMENT_3D ( 'NONE', #2931, #3336, #119 ) ;
#710 = DIRECTION ( 'NONE',  ( 0.000000000000000000, 1.000000000000000000, 0.000000000000000000 ) ) ;
#711 = CARTESIAN_POINT ( 'NONE',  ( 32.00000000000019185, 0.000000000000000000, 29.74999999999998934 ) ) ;
#712 = ORIENTED_EDGE ( 'NONE', *, *, #3094, .T. ) ;
#713 = DIRECTION ( 'NONE',  ( 0.000000000000000000, 0.000000000000000000, 1.000000000000000000 ) ) ;
#714 = CARTESIAN_POINT ( 'NONE',  ( 40.00000000000004974, 0.000000000000000000, -12.50000000000001421 ) ) ;
#715 = AXIS2_PLACEMENT_3D ( 'NONE', #64, #4774, #1487 ) ;
#716 = DIRECTION ( 'NONE',  ( -0.000000000000000000, 1.000000000000000000, -0.000000000000000000 ) ) ;
#717 = ORIENTED_EDGE ( 'NONE', *, *, #3259, .T. ) ;
#718 = DIRECTION ( 'NONE',  ( -0.000000000000000000, -1.000000000000000000, -0.000000000000000000 ) ) ;
#719 = CARTESIAN_POINT ( 'NONE',  ( -31.99999999999984013, 0.000000000000000000, 19.49999999999999289 ) ) ;
#720 = ORIENTED_EDGE ( 'NONE', *, *, #1551, .T. ) ;
#721 = EDGE_LOOP ( 'NONE', ( #4906, #430 ) ) ;
#722 = AXIS2_PLACEMENT_3D ( 'NONE', #1739, #2206, #3544 ) ;
#723 = LINE ( 'NONE', #4575, #2549 ) ;
#724 = VECTOR ( 'NONE', #1564, 1000.000000000000000 ) ;
#725 = AXIS2_PLACEMENT_3D ( 'NONE', #5203, #3238, #3329 ) ;
#726 = DIRECTION ( 'NONE',  ( 0.000000000000000000, 0.000000000000000000, -1.000000000000000000 ) ) ;
#727 = EDGE_CURVE ( 'NONE', #3038, #2965, #5376, .T. ) ;
#728 = DIRECTION ( 'NONE',  ( -0.000000000000000000, 1.000000000000000000, -0.000000000000000000 ) ) ;
#729 = ORIENTED_EDGE ( 'NONE', *, *, #5435, .T. ) ;
#730 = EDGE_CURVE ( 'NONE', #2255, #2134, #5595, .T. ) ;
#731 = EDGE_CURVE ( 'NONE', #4458, #912, #2901, .T. ) ;
#732 =( NAMED_UNIT ( * ) SI_UNIT ( $, .STERADIAN. ) SOLID_ANGLE_UNIT ( ) );
#733 = CIRCLE ( 'NONE', #2131, 2.250000000000001776 ) ;
#734 = DIRECTION ( 'NONE',  ( 0.000000000000000000, 1.000000000000000000, 0.000000000000000000 ) ) ;
#735 = ORIENTED_EDGE ( 'NONE', *, *, #1397, .F. ) ;
#736 = FACE_BOUND ( 'NONE', #519, .T. ) ;
#737 = CARTESIAN_POINT ( 'NONE',  ( 40.00000000000010658, 3.000000000000000000, 5.749999999999988454 ) ) ;
#738 = DIRECTION ( 'NONE',  ( 0.000000000000000000, 1.000000000000000000, 0.000000000000000000 ) ) ;
#739 = VECTOR ( 'NONE', #5280, 1000.000000000000000 ) ;
#740 = FACE_BOUND ( 'NONE', #348, .T. ) ;
#741 = EDGE_CURVE ( 'NONE', #2059, #1452, #103, .T. ) ;
#742 = DIRECTION ( 'NONE',  ( 0.000000000000000000, 1.000000000000000000, 0.000000000000000000 ) ) ;
#743 = DIRECTION ( 'NONE',  ( -0.000000000000000000, -1.000000000000000000, -0.000000000000000000 ) ) ;
#744 = DIRECTION ( 'NONE',  ( 0.000000000000000000, -1.000000000000000000, 0.000000000000000000 ) ) ;
#745 = LINE ( 'NONE', #3638, #1801 ) ;
#746 = VERTEX_POINT ( 'NONE', #3967 ) ;
#747 = AXIS2_PLACEMENT_3D ( 'NONE', #3431, #5249, #3403 ) ;
#748 = DIRECTION ( 'NONE',  ( 0.000000000000000000, 1.000000000000000000, 0.000000000000000000 ) ) ;
#749 = CARTESIAN_POINT ( 'NONE',  ( -39.00000000000000711, 0.000000000000000000, -24.49999999999999289 ) ) ;
#750 = CARTESIAN_POINT ( 'NONE',  ( -23.99999999999997868, 0.000000000000000000, -18.25000000000001066 ) ) ;
#751 = CIRCLE ( 'NONE', #148, 2.250000000000001776 ) ;
#752 = ORIENTED_EDGE ( 'NONE', *, *, #2423, .T. ) ;
#753 = ORIENTED_EDGE ( 'NONE', *, *, #4465, .F. ) ;
#754 = AXIS2_PLACEMENT_3D ( 'NONE', #1054, #3460, #5821 ) ;
#755 = DIRECTION ( 'NONE',  ( 0.000000000000000000, 1.000000000000000000, 0.000000000000000000 ) ) ;
#756 = AXIS2_PLACEMENT_3D ( 'NONE', #765, #3106, #6051 ) ;
#757 = AXIS2_PLACEMENT_3D ( 'NONE', #4527, #3162, #201 ) ;
#758 = DIRECTION ( 'NONE',  ( -1.000000000000000000, -0.000000000000000000, 7.709882115452476934E-17 ) ) ;
#759 = CIRCLE ( 'NONE', #4835, 2.250000000000001776 ) ;
#760 = EDGE_CURVE ( 'NONE', #4937, #1542, #1120, .T. ) ;
#761 = CARTESIAN_POINT ( 'NONE',  ( 8.000000000000021316, 3.000000000000000000, -18.25000000000001066 ) ) ;
#762 = ORIENTED_EDGE ( 'NONE', *, *, #5575, .F. ) ;
#763 = FACE_BOUND ( 'NONE', #3547, .T. ) ;
#764 = CARTESIAN_POINT ( 'NONE',  ( 16.00000000000010303, 3.000000000000000000, 5.749999999999995559 ) ) ;
#765 = CARTESIAN_POINT ( 'NONE',  ( -32.00000000000000000, 0.000000000000000000, -28.50000000000000711 ) ) ;
#766 = FACE_BOUND ( 'NONE', #4032, .T. ) ;
#767 = ADVANCED_FACE ( 'NONE', ( #637 ), #2978, .T. ) ;
#768 = CARTESIAN_POINT ( 'NONE',  ( 7.999999999999992895, 3.000000000000000000, -28.50000000000001066 ) ) ;
#769 = ORIENTED_EDGE ( 'NONE', *, *, #5846, .F. ) ;
#770 = AXIS2_PLACEMENT_3D ( 'NONE', #4583, #699, #3597 ) ;
#771 = DIRECTION ( 'NONE',  ( 0.000000000000000000, 1.000000000000000000, 0.000000000000000000 ) ) ;
#772 = CARTESIAN_POINT ( 'NONE',  ( -31.99999999999995381, 0.000000000000000000, -12.50000000000001066 ) ) ;
#773 = DIRECTION ( 'NONE',  ( 0.000000000000000000, 0.000000000000000000, -1.000000000000000000 ) ) ;
#774 = EDGE_CURVE ( 'NONE', #3067, #4230, #2594, .T. ) ;
#775 = CIRCLE ( 'NONE', #5766, 2.250000000000001776 ) ;
#776 = ORIENTED_EDGE ( 'NONE', *, *, #4808, .T. ) ;
#777 = CARTESIAN_POINT ( 'NONE',  ( -7.999999999999952038, 0.000000000000000000, -10.25000000000000888 ) ) ;
#778 = EDGE_LOOP ( 'NONE', ( #2234, #5793, #5907, #3651 ) ) ;
#779 = VECTOR ( 'NONE', #2845, 1000.000000000000000 ) ;
#780 = DIRECTION ( 'NONE',  ( 0.000000000000000000, 1.000000000000000000, 0.000000000000000000 ) ) ;
#781 = DIRECTION ( 'NONE',  ( -0.000000000000000000, 1.000000000000000000, -0.000000000000000000 ) ) ;
#782 = VERTEX_POINT ( 'NONE', #2625 ) ;
#783 = ORIENTED_EDGE ( 'NONE', *, *, #2107, .F. ) ;
#784 = CARTESIAN_POINT ( 'NONE',  ( -7.999999999999840128, 0.000000000000000000, 21.74999999999999645 ) ) ;
#785 = AXIS2_PLACEMENT_3D ( 'NONE', #5421, #3949, #646 ) ;
#786 = EDGE_CURVE ( 'NONE', #5055, #1289, #2792, .T. ) ;
#787 = DIRECTION ( 'NONE',  ( 0.000000000000000000, 0.000000000000000000, 1.000000000000000000 ) ) ;
#788 = AXIS2_PLACEMENT_3D ( 'NONE', #3076, #710, #237 ) ;
#789 = CARTESIAN_POINT ( 'NONE',  ( 32.00000000000000000, 0.000000000000000000, -28.50000000000001066 ) ) ;
#790 = VERTEX_POINT ( 'NONE', #3065 ) ;
#791 = CYLINDRICAL_SURFACE ( 'NONE', #1176, 2.250000000000001776 ) ;
#792 = FACE_BOUND ( 'NONE', #1844, .T. ) ;
#793 = CARTESIAN_POINT ( 'NONE',  ( 40.00000000000002132, 0.000000000000000000, -22.75000000000001776 ) ) ;
#794 = DIRECTION ( 'NONE',  ( 0.000000000000000000, 0.000000000000000000, 1.000000000000000000 ) ) ;
#795 = CARTESIAN_POINT ( 'NONE',  ( 40.00000000000016342, 0.000000000000000000, 19.49999999999998579 ) ) ;
#796 = AXIS2_PLACEMENT_3D ( 'NONE', #4824, #3456, #5364 ) ;
#797 = LINE ( 'NONE', #326, #4529 ) ;
#798 = ORIENTED_EDGE ( 'NONE', *, *, #1619, .T. ) ;
#799 = DIRECTION ( 'NONE',  ( 0.000000000000000000, 0.000000000000000000, 1.000000000000000000 ) ) ;
#800 = CARTESIAN_POINT ( 'NONE',  ( -16.00000000000000711, 3.000000000000000000, -30.75000000000001421 ) ) ;
#801 = CARTESIAN_POINT ( 'NONE',  ( -15.99999999999981348, 0.000000000000000000, 29.74999999999998934 ) ) ;
#802 = CIRCLE ( 'NONE', #5083, 2.250000000000001776 ) ;
#803 = ADVANCED_FACE ( 'NONE', ( #4995 ), #6039, .F. ) ;
#804 = AXIS2_PLACEMENT_3D ( 'NONE', #1819, #5557, #4609 ) ;
#805 = ADVANCED_FACE ( 'NONE', ( #3594 ), #5502, .F. ) ;
#806 = CIRCLE ( 'NONE', #709, 2.250000000000001776 ) ;
#807 = EDGE_LOOP ( 'NONE', ( #5931, #3441, #4561, #2129 ) ) ;
#808 = ORIENTED_EDGE ( 'NONE', *, *, #1407, .T. ) ;
#809 = CYLINDRICAL_SURFACE ( 'NONE', #5405, 2.250000000000001776 ) ;
#810 = CYLINDRICAL_SURFACE ( 'NONE', #3561, 2.250000000000001776 ) ;
#811 = DIRECTION ( 'NONE',  ( 0.000000000000000000, 0.000000000000000000, 1.000000000000000000 ) ) ;
#812 = ORIENTED_EDGE ( 'NONE', *, *, #5418, .T. ) ;
#813 = EDGE_LOOP ( 'NONE', ( #5630, #5116 ) ) ;
#814 = PLANE ( 'NONE',  #5898 ) ;
#815 = VECTOR ( 'NONE', #4176, 1000.000000000000000 ) ;
#816 = ORIENTED_EDGE ( 'NONE', *, *, #3542, .F. ) ;
#817 = DIRECTION ( 'NONE',  ( -0.000000000000000000, 1.000000000000000000, -0.000000000000000000 ) ) ;
#818 = CARTESIAN_POINT ( 'NONE',  ( -45.00000000000000000, 3.000000000000000000, -29.50000000000000000 ) ) ;
#819 = AXIS2_PLACEMENT_3D ( 'NONE', #3652, #5499, #1299 ) ;
#820 = EDGE_CURVE ( 'NONE', #5055, #5646, #4521, .T. ) ;
#821 = DIRECTION ( 'NONE',  ( 0.000000000000000000, 0.000000000000000000, 1.000000000000000000 ) ) ;
#822 = ORIENTED_EDGE ( 'NONE', *, *, #1397, .T. ) ;
#823 = AXIS2_PLACEMENT_3D ( 'NONE', #1779, #1324, #4633 ) ;
#824 = VERTEX_POINT ( 'NONE', #5950 ) ;
#825 = AXIS2_PLACEMENT_3D ( 'NONE', #5989, #1682, #204 ) ;
#826 = FACE_BOUND ( 'NONE', #4483, .T. ) ;
#827 = DIRECTION ( 'NONE',  ( 0.000000000000000000, 1.000000000000000000, 0.000000000000000000 ) ) ;
#828 = CYLINDRICAL_SURFACE ( 'NONE', #5946, 2.250000000000002665 ) ;
#829 = EDGE_LOOP ( 'NONE', ( #4919, #191 ) ) ;
#830 = ORIENTED_EDGE ( 'NONE', *, *, #4305, .T. ) ;
#831 = VECTOR ( 'NONE', #3365, 1000.000000000000000 ) ;
#832 = EDGE_CURVE ( 'NONE', #1989, #3236, #404, .T. ) ;
#833 = LINE ( 'NONE', #1279, #3016 ) ;
#834 = CARTESIAN_POINT ( 'NONE',  ( 16.00000000000013145, 0.000000000000000000, 11.49999999999998579 ) ) ;
#835 = ORIENTED_EDGE ( 'NONE', *, *, #6123, .T. ) ;
#836 = EDGE_CURVE ( 'NONE', #5493, #5715, #1516, .T. ) ;
#837 = DIRECTION ( 'NONE',  ( 0.000000000000000000, 0.000000000000000000, 1.000000000000000000 ) ) ;
#838 = DIRECTION ( 'NONE',  ( 0.000000000000000000, 1.000000000000000000, 0.000000000000000000 ) ) ;
#839 = AXIS2_PLACEMENT_3D ( 'NONE', #3914, #2433, #1934 ) ;
#840 = CARTESIAN_POINT ( 'NONE',  ( 19.08551248218999419, 0.000000000000000000, -25.86449971279398952 ) ) ;
#841 = ADVANCED_FACE ( 'NONE', ( #1759 ), #3125, .F. ) ;
#842 = ORIENTED_EDGE ( 'NONE', *, *, #1213, .F. ) ;
#843 = ORIENTED_EDGE ( 'NONE', *, *, #1500, .F. ) ;
#844 = CARTESIAN_POINT ( 'NONE',  ( 7.999999999999992895, 0.000000000000000000, -26.25000000000001066 ) ) ;
#845 = ORIENTED_EDGE ( 'NONE', *, *, #5730, .F. ) ;
#846 = CYLINDRICAL_SURFACE ( 'NONE', #171, 1.364499712793995734 ) ;
#847 = CARTESIAN_POINT ( 'NONE',  ( -32.00000000000000000, 0.000000000000000000, -30.75000000000001066 ) ) ;
#848 = AXIS2_PLACEMENT_3D ( 'NONE', #1665, #5463, #3614 ) ;
#849 = VERTEX_POINT ( 'NONE', #3994 ) ;
#850 = ORIENTED_EDGE ( 'NONE', *, *, #1449, .T. ) ;
#851 = LINE ( 'NONE', #3183, #4885 ) ;
#852 = ORIENTED_EDGE ( 'NONE', *, *, #2392, .T. ) ;
#853 = AXIS2_PLACEMENT_3D ( 'NONE', #706, #738, #2114 ) ;
#854 = CARTESIAN_POINT ( 'NONE',  ( 32.00000000000008527, 0.000000000000000000, -2.250000000000007994 ) ) ;
#855 = CARTESIAN_POINT ( 'NONE',  ( 16.00000000000013145, 0.000000000000000000, 13.74999999999998757 ) ) ;
#856 = EDGE_CURVE ( 'NONE', #2276, #3242, #2193, .T. ) ;
#857 = DIRECTION ( 'NONE',  ( 0.000000000000000000, 0.000000000000000000, 1.000000000000000000 ) ) ;
#858 = EDGE_LOOP ( 'NONE', ( #6159, #582, #1383, #4435 ) ) ;
#859 = EDGE_CURVE ( 'NONE', #1778, #549, #2298, .T. ) ;
#860 = VECTOR ( 'NONE', #4118, 1000.000000000000000 ) ;
#862 = ORIENTED_EDGE ( 'NONE', *, *, #3287, .T. ) ;
#861 = CIRCLE ( 'NONE', #4157, 2.250000000000001776 ) ;
#863 = ORIENTED_EDGE ( 'NONE', *, *, #1875, .T. ) ;
#864 = CARTESIAN_POINT ( 'NONE',  ( 40.00000000000002132, 0.000000000000000000, -20.50000000000001421 ) ) ;
#865 = AXIS2_PLACEMENT_3D ( 'NONE', #2242, #4137, #4636 ) ;
#866 = AXIS2_PLACEMENT_3D ( 'NONE', #4834, #2016, #1147 ) ;
#867 = DIRECTION ( 'NONE',  ( -0.000000000000000000, -1.000000000000000000, -0.000000000000000000 ) ) ;
#868 = VERTEX_POINT ( 'NONE', #1302 ) ;
#869 = ORIENTED_EDGE ( 'NONE', *, *, #960, .F. ) ;
#870 = FACE_BOUND ( 'NONE', #2647, .T. ) ;
#871 = CARTESIAN_POINT ( 'NONE',  ( 24.00000000000007816, 0.000000000000000000, -6.750000000000014211 ) ) ;
#872 = ORIENTED_EDGE ( 'NONE', *, *, #2269, .T. ) ;
#873 = DIRECTION ( 'NONE',  ( 0.000000000000000000, 0.000000000000000000, 1.000000000000000000 ) ) ;
#874 = CYLINDRICAL_SURFACE ( 'NONE', #2325, 2.250000000000001776 ) ;
#875 = CARTESIAN_POINT ( 'NONE',  ( -16.00000000000000711, 0.000000000000000000, -28.50000000000001066 ) ) ;
#876 = ORIENTED_EDGE ( 'NONE', *, *, #417, .T. ) ;
#877 = ORIENTED_EDGE ( 'NONE', *, *, #5195, .F. ) ;
#878 = CARTESIAN_POINT ( 'NONE',  ( 24.00000000000010303, 0.000000000000000000, 5.749999999999995559 ) ) ;
#879 = ORIENTED_EDGE ( 'NONE', *, *, #4036, .F. ) ;
#880 = LINE ( 'NONE', #2648, #5260 ) ;
#881 = DIRECTION ( 'NONE',  ( -0.000000000000000000, -0.000000000000000000, 1.000000000000000000 ) ) ;
#882 = VECTOR ( 'NONE', #4625, 1000.000000000000000 ) ;
#883 = VERTEX_POINT ( 'NONE', #1268 ) ;
#884 = ORIENTED_EDGE ( 'NONE', *, *, #4228, .F. ) ;
#885 = CARTESIAN_POINT ( 'NONE',  ( 8.000000000000104805, 0.000000000000000000, 3.499999999999992895 ) ) ;
#886 = CIRCLE ( 'NONE', #3463, 2.500000000000002220 ) ;
#887 = AXIS2_PLACEMENT_3D ( 'NONE', #5076, #3613, #5520 ) ;
#888 = ORIENTED_EDGE ( 'NONE', *, *, #584, .F. ) ;
#889 = DIRECTION ( 'NONE',  ( 0.000000000000000000, 0.000000000000000000, 1.000000000000000000 ) ) ;
#890 = CARTESIAN_POINT ( 'NONE',  ( 19.08551248218999419, 7.000000000000000000, 22.00000000000000711 ) ) ;
#891 = DIRECTION ( 'NONE',  ( 0.000000000000000000, 0.000000000000000000, 1.000000000000000000 ) ) ;
#892 = VECTOR ( 'NONE', #2437, 1000.000000000000000 ) ;
#893 = ORIENTED_EDGE ( 'NONE', *, *, #5347, .T. ) ;
#894 = EDGE_CURVE ( 'NONE', #4682, #1777, #6104, .T. ) ;
#895 = EDGE_CURVE ( 'NONE', #2955, #3786, #1702, .T. ) ;
#896 = UNCERTAINTY_MEASURE_WITH_UNIT (LENGTH_MEASURE( 1.000000000000000082E-05 ), #2656, 'distance_accuracy_value', 'NONE');
#897 = CIRCLE ( 'NONE', #683, 2.250000000000001776 ) ;
#898 = EDGE_CURVE ( 'NONE', #5250, #4690, #1706, .T. ) ;
#899 = EDGE_LOOP ( 'NONE', ( #3283, #735 ) ) ;
#900 = EDGE_LOOP ( 'NONE', ( #884, #2313, #927, #3989 ) ) ;
#901 = ORIENTED_EDGE ( 'NONE', *, *, #2987, .F. ) ;
#902 = DIRECTION ( 'NONE',  ( -0.000000000000000000, 1.000000000000000000, -0.000000000000000000 ) ) ;
#903 = DIRECTION ( 'NONE',  ( 0.000000000000000000, 0.000000000000000000, 1.000000000000000000 ) ) ;
#904 = FACE_BOUND ( 'NONE', #2212, .T. ) ;
#905 = DIRECTION ( 'NONE',  ( 0.000000000000000000, 0.000000000000000000, 1.000000000000000000 ) ) ;
#906 = ORIENTED_EDGE ( 'NONE', *, *, #3156, .T. ) ;
#907 = CARTESIAN_POINT ( 'NONE',  ( -15.99999999999992362, 0.000000000000000000, -6.750000000000014211 ) ) ;
#908 = EDGE_CURVE ( 'NONE', #1356, #945, #1024, .T. ) ;
#909 = DIRECTION ( 'NONE',  ( -0.000000000000000000, 1.000000000000000000, -0.000000000000000000 ) ) ;
#910 = DIRECTION ( 'NONE',  ( 0.000000000000000000, 1.000000000000000000, 0.000000000000000000 ) ) ;
#911 = AXIS2_PLACEMENT_3D ( 'NONE', #5071, #3080, #773 ) ;
#912 = VERTEX_POINT ( 'NONE', #316 ) ;
#913 = ORIENTED_EDGE ( 'NONE', *, *, #4914, .F. ) ;
#914 = DIRECTION ( 'NONE',  ( -0.000000000000000000, 1.000000000000000000, -0.000000000000000000 ) ) ;
#915 = VERTEX_POINT ( 'NONE', #4549 ) ;
#916 = DIRECTION ( 'NONE',  ( 0.000000000000000000, 1.000000000000000000, 0.000000000000000000 ) ) ;
#917 = CARTESIAN_POINT ( 'NONE',  ( 24.00000000000013145, 0.000000000000000000, 13.74999999999998757 ) ) ;
#918 = ORIENTED_EDGE ( 'NONE', *, *, #1026, .F. ) ;
#919 = ORIENTED_EDGE ( 'NONE', *, *, #3291, .T. ) ;
#920 = CIRCLE ( 'NONE', #4678, 2.250000000000001776 ) ;
#921 = AXIS2_PLACEMENT_3D ( 'NONE', #5628, #3806, #4327 ) ;
#922 = CARTESIAN_POINT ( 'NONE',  ( 8.000000000000104805, 0.000000000000000000, 1.249999999999989786 ) ) ;
#923 = EDGE_LOOP ( 'NONE', ( #5503, #4500, #5354, #3457 ) ) ;
#924 = CARTESIAN_POINT ( 'NONE',  ( -15.99999999999986855, 0.000000000000000000, 11.49999999999998579 ) ) ;
#925 = CARTESIAN_POINT ( 'NONE',  ( 8.000000000000076383, 3.000000000000000000, -4.500000000000010658 ) ) ;
#926 = LINE ( 'NONE', #1300, #6044 ) ;
#927 = ORIENTED_EDGE ( 'NONE', *, *, #589, .T. ) ;
#928 = EDGE_CURVE ( 'NONE', #4762, #1833, #3691, .T. ) ;
#929 = ORIENTED_EDGE ( 'NONE', *, *, #3596, .T. ) ;
#930 = ADVANCED_FACE ( 'NONE', ( #5530 ), #4115, .F. ) ;
#931 = DIRECTION ( 'NONE',  ( -0.000000000000000000, 1.000000000000000000, -0.000000000000000000 ) ) ;
#932 = VECTOR ( 'NONE', #4280, 1000.000000000000000 ) ;
#933 = CARTESIAN_POINT ( 'NONE',  ( -31.99999999999984013, 3.000000000000000000, 21.74999999999999645 ) ) ;
#934 = ORIENTED_EDGE ( 'NONE', *, *, #5575, .T. ) ;
#935 = FACE_BOUND ( 'NONE', #2450, .T. ) ;
#936 = AXIS2_PLACEMENT_3D ( 'NONE', #174, #2961, #1159 ) ;
#937 = ORIENTED_EDGE ( 'NONE', *, *, #1437, .F. ) ;
#938 = DIRECTION ( 'NONE',  ( 0.000000000000000000, 0.000000000000000000, 1.000000000000000000 ) ) ;
#939 = EDGE_CURVE ( 'NONE', #1169, #2317, #1809, .T. ) ;
#940 = FACE_OUTER_BOUND ( 'NONE', #5157, .T. ) ;
#941 = DIRECTION ( 'NONE',  ( 0.000000000000000000, 0.000000000000000000, 1.000000000000000000 ) ) ;
#942 = EDGE_CURVE ( 'NONE', #658, #5702, #3089, .T. ) ;
#943 = ORIENTED_EDGE ( 'NONE', *, *, #5061, .F. ) ;
#944 = DIRECTION ( 'NONE',  ( 1.000000000000000000, 0.000000000000000000, 0.000000000000000000 ) ) ;
#945 = VERTEX_POINT ( 'NONE', #6071 ) ;
#946 = DIRECTION ( 'NONE',  ( -0.000000000000000000, 1.000000000000000000, -0.000000000000000000 ) ) ;
#947 = CARTESIAN_POINT ( 'NONE',  ( 40.00000000000004974, 3.000000000000000000, -12.50000000000001421 ) ) ;
#948 = EDGE_LOOP ( 'NONE', ( #4369, #5377 ) ) ;
#949 = ORIENTED_EDGE ( 'NONE', *, *, #5255, .F. ) ;
#950 = DIRECTION ( 'NONE',  ( 0.000000000000000000, 0.000000000000000000, 1.000000000000000000 ) ) ;
#951 = ORIENTED_EDGE ( 'NONE', *, *, #616, .T. ) ;
#952 = CARTESIAN_POINT ( 'NONE',  ( 19.08551248218999419, 3.000000000000000000, 22.00000000000000711 ) ) ;
#953 = DIRECTION ( 'NONE',  ( 0.000000000000000000, 0.000000000000000000, 1.000000000000000000 ) ) ;
#954 = DIRECTION ( 'NONE',  ( 0.000000000000000000, 0.000000000000000000, 1.000000000000000000 ) ) ;
#955 = VERTEX_POINT ( 'NONE', #5119 ) ;
#956 = DIRECTION ( 'NONE',  ( 0.000000000000000000, 0.000000000000000000, 1.000000000000000000 ) ) ;
#957 = VECTOR ( 'NONE', #4256, 1000.000000000000000 ) ;
#958 = DIRECTION ( 'NONE',  ( 0.000000000000000000, 0.000000000000000000, 1.000000000000000000 ) ) ;
#959 = EDGE_LOOP ( 'NONE', ( #1150, #4353 ) ) ;
#960 = EDGE_CURVE ( 'NONE', #2375, #2245, #2595, .T. ) ;
#961 = CIRCLE ( 'NONE', #2546, 1.364499712793995734 ) ;
#962 = AXIS2_PLACEMENT_3D ( 'NONE', #1364, #4676, #2321 ) ;
#963 = DIRECTION ( 'NONE',  ( -0.000000000000000000, 1.000000000000000000, -0.000000000000000000 ) ) ;
#964 = ORIENTED_EDGE ( 'NONE', *, *, #5594, .F. ) ;
#965 = FACE_BOUND ( 'NONE', #5407, .T. ) ;
#966 = VECTOR ( 'NONE', #3998, 1000.000000000000000 ) ;
#967 = VECTOR ( 'NONE', #2653, 1000.000000000000000 ) ;
#968 = VERTEX_POINT ( 'NONE', #4613 ) ;
#969 = CARTESIAN_POINT ( 'NONE',  ( 19.08551248218999419, 0.000000000000000000, -24.49999999999999289 ) ) ;
#970 = DIRECTION ( 'NONE',  ( -0.000000000000000000, 1.000000000000000000, -0.000000000000000000 ) ) ;
#971 = DIRECTION ( 'NONE',  ( 0.000000000000000000, 0.000000000000000000, 1.000000000000000000 ) ) ;
#972 = CIRCLE ( 'NONE', #865, 2.250000000000001776 ) ;
#973 = ADVANCED_FACE ( 'NONE', ( #3447, #5834 ), #3037, .T. ) ;
#974 = VERTEX_POINT ( 'NONE', #1527 ) ;
#975 = DIRECTION ( 'NONE',  ( 0.000000000000000000, 0.000000000000000000, 1.000000000000000000 ) ) ;
#976 = ORIENTED_EDGE ( 'NONE', *, *, #2257, .T. ) ;
#977 = CARTESIAN_POINT ( 'NONE',  ( 32.00000000000005684, 0.000000000000000000, -12.50000000000001066 ) ) ;
#978 = CARTESIAN_POINT ( 'NONE',  ( 4.884780285715875273E-14, 0.000000000000000000, -14.75000000000001243 ) ) ;
#979 = EDGE_CURVE ( 'NONE', #4659, #3871, #2690, .T. ) ;
#980 = VERTEX_POINT ( 'NONE', #1558 ) ;
#981 = ORIENTED_EDGE ( 'NONE', *, *, #4381, .T. ) ;
#982 = EDGE_CURVE ( 'NONE', #3422, #1542, #802, .T. ) ;
#983 = CYLINDRICAL_SURFACE ( 'NONE', #4285, 2.250000000000001776 ) ;
#984 = VECTOR ( 'NONE', #931, 1000.000000000000000 ) ;
#985 = EDGE_LOOP ( 'NONE', ( #3028, #1880, #1389, #4525 ) ) ;
#986 = DIRECTION ( 'NONE',  ( -0.000000000000000000, 1.000000000000000000, -0.000000000000000000 ) ) ;
#987 = DIRECTION ( 'NONE',  ( -0.000000000000000000, 1.000000000000000000, -0.000000000000000000 ) ) ;
#988 = DIRECTION ( 'NONE',  ( 0.000000000000000000, 1.000000000000000000, 0.000000000000000000 ) ) ;
#989 = AXIS2_PLACEMENT_3D ( 'NONE', #4162, #3702, #2731 ) ;
#990 = EDGE_CURVE ( 'NONE', #2908, #5143, #1127, .T. ) ;
#991 = EDGE_LOOP ( 'NONE', ( #1183, #2045, #5281, #4450 ) ) ;
#992 = DIRECTION ( 'NONE',  ( 0.000000000000000000, 0.000000000000000000, 1.000000000000000000 ) ) ;
#993 = AXIS2_PLACEMENT_3D ( 'NONE', #3551, #5368, #599 ) ;
#994 = CIRCLE ( 'NONE', #4953, 2.250000000000001776 ) ;
#995 = AXIS2_PLACEMENT_3D ( 'NONE', #1585, #1645, #5925 ) ;
#996 = CIRCLE ( 'NONE', #5266, 2.250000000000001776 ) ;
#997 = DIRECTION ( 'NONE',  ( 0.000000000000000000, 0.000000000000000000, 1.000000000000000000 ) ) ;
#998 = EDGE_LOOP ( 'NONE', ( #816, #3070, #1448, #5170 ) ) ;
#999 = DIRECTION ( 'NONE',  ( 0.000000000000000000, 1.000000000000000000, 0.000000000000000000 ) ) ;
#1000 = AXIS2_PLACEMENT_3D ( 'NONE', #6164, #4301, #2905 ) ;
#1001 = VERTEX_POINT ( 'NONE', #2922 ) ;
#1002 = PRESENTATION_STYLE_ASSIGNMENT (( #5949 ) ) ;
#1003 = ORIENTED_EDGE ( 'NONE', *, *, #5982, .F. ) ;
#1004 = LINE ( 'NONE', #3796, #3267 ) ;
#1005 = DIRECTION ( 'NONE',  ( 0.000000000000000000, 0.000000000000000000, -1.000000000000000000 ) ) ;
#1006 = DIRECTION ( 'NONE',  ( 0.000000000000000000, 0.000000000000000000, 1.000000000000000000 ) ) ;
#1007 = ORIENTED_EDGE ( 'NONE', *, *, #5701, .T. ) ;
#1008 = DIRECTION ( 'NONE',  ( -0.000000000000000000, 1.000000000000000000, -0.000000000000000000 ) ) ;
#1009 = EDGE_CURVE ( 'NONE', #5668, #1452, #3193, .T. ) ;
#1010 = VERTEX_POINT ( 'NONE', #548 ) ;
#1011 = CARTESIAN_POINT ( 'NONE',  ( -23.99999999999997868, 3.000000000000000000, -18.25000000000001066 ) ) ;
#1012 = DIRECTION ( 'NONE',  ( -0.000000000000000000, 1.000000000000000000, -0.000000000000000000 ) ) ;
#1013 = ORIENTED_EDGE ( 'NONE', *, *, #4281, .T. ) ;
#1014 = EDGE_CURVE ( 'NONE', #4409, #2367, #4040, .T. ) ;
#1015 = EDGE_CURVE ( 'NONE', #3897, #4855, #3882, .T. ) ;
#1016 = CARTESIAN_POINT ( 'NONE',  ( 2.081668171172168513E-14, 0.000000000000000000, -20.50000000000001066 ) ) ;
#1017 = ORIENTED_EDGE ( 'NONE', *, *, #5115, .F. ) ;
#1018 = CARTESIAN_POINT ( 'NONE',  ( -15.99999999999995204, 0.000000000000000000, -12.50000000000001066 ) ) ;
#1019 = CARTESIAN_POINT ( 'NONE',  ( -24.00000000000000711, 3.000000000000000000, -26.25000000000001066 ) ) ;
#1020 = CARTESIAN_POINT ( 'NONE',  ( 32.00000000000002842, 0.000000000000000000, -18.25000000000001066 ) ) ;
#1021 = VERTEX_POINT ( 'NONE', #2981 ) ;
#1022 = EDGE_CURVE ( 'NONE', #980, #253, #6150, .T. ) ;
#1023 = DIRECTION ( 'NONE',  ( -0.000000000000000000, 1.000000000000000000, -0.000000000000000000 ) ) ;
#1024 = CIRCLE ( 'NONE', #3298, 2.250000000000001776 ) ;
#1025 = CIRCLE ( 'NONE', #3896, 2.250000000000001776 ) ;
#1026 = EDGE_CURVE ( 'NONE', #5302, #1519, #3911, .T. ) ;
#1027 = DIRECTION ( 'NONE',  ( 0.000000000000000000, 1.000000000000000000, 0.000000000000000000 ) ) ;
#1028 = ORIENTED_EDGE ( 'NONE', *, *, #1726, .T. ) ;
#1029 = EDGE_LOOP ( 'NONE', ( #2445, #1523 ) ) ;
#1030 = DIRECTION ( 'NONE',  ( 0.000000000000000000, 1.000000000000000000, 0.000000000000000000 ) ) ;
#1031 = CIRCLE ( 'NONE', #1823, 2.250000000000002665 ) ;
#1032 = DIRECTION ( 'NONE',  ( 0.000000000000000000, 0.000000000000000000, -1.000000000000000000 ) ) ;
#1034 = ORIENTED_EDGE ( 'NONE', *, *, #895, .F. ) ;
#1033 = AXIS2_PLACEMENT_3D ( 'NONE', #4130, #4013, #5993 ) ;
#1035 = FACE_BOUND ( 'NONE', #959, .T. ) ;
#1036 = DIRECTION ( 'NONE',  ( 0.000000000000000000, 0.000000000000000000, 1.000000000000000000 ) ) ;
#1037 = CYLINDRICAL_SURFACE ( 'NONE', #6041, 2.250000000000002665 ) ;
#1038 = EDGE_CURVE ( 'NONE', #532, #4156, #2456, .T. ) ;
#1039 = VECTOR ( 'NONE', #4666, 1000.000000000000000 ) ;
#1040 = AXIS2_PLACEMENT_3D ( 'NONE', #6180, #838, #5614 ) ;
#1041 = FACE_OUTER_BOUND ( 'NONE', #4819, .T. ) ;
#1042 = EDGE_CURVE ( 'NONE', #2346, #915, #1079, .T. ) ;
#1043 = ORIENTED_EDGE ( 'NONE', *, *, #1022, .F. ) ;
#1044 = CARTESIAN_POINT ( 'NONE',  ( 39.99999999999999289, 0.000000000000000000, -28.50000000000001421 ) ) ;
#1045 = CARTESIAN_POINT ( 'NONE',  ( -23.99999999999986855, 3.000000000000000000, 11.49999999999998579 ) ) ;
#1046 = EDGE_LOOP ( 'NONE', ( #1900, #3832, #1212, #3148 ) ) ;
#1047 = VECTOR ( 'NONE', #4008, 1000.000000000000000 ) ;
#1048 = DIRECTION ( 'NONE',  ( 0.000000000000000000, 0.000000000000000000, 1.000000000000000000 ) ) ;
#1049 = ADVANCED_FACE ( 'NONE', ( #3384 ), #4877, .T. ) ;
#1050 = ORIENTED_EDGE ( 'NONE', *, *, #242, .T. ) ;
#1051 = DIRECTION ( 'NONE',  ( -1.000000000000000000, -0.000000000000000000, -0.000000000000000000 ) ) ;
#1052 = CIRCLE ( 'NONE', #5828, 2.999999999999999112 ) ;
#1053 = FACE_OUTER_BOUND ( 'NONE', #2735, .T. ) ;
#1054 = CARTESIAN_POINT ( 'NONE',  ( 8.000000000000131450, 3.000000000000000000, 11.49999999999998579 ) ) ;
#1055 = VERTEX_POINT ( 'NONE', #1611 ) ;
#1056 = ORIENTED_EDGE ( 'NONE', *, *, #43, .F. ) ;
#1057 = DIRECTION ( 'NONE',  ( -0.000000000000000000, 1.000000000000000000, -0.000000000000000000 ) ) ;
#1058 = ADVANCED_FACE ( 'NONE', ( #5798 ), #2080, .F. ) ;
#1059 = CARTESIAN_POINT ( 'NONE',  ( -15.99999999999981348, 0.000000000000000000, 25.24999999999998579 ) ) ;
#1060 = EDGE_LOOP ( 'NONE', ( #3192, #2441 ) ) ;
#1061 = EDGE_CURVE ( 'NONE', #4266, #3688, #2952, .T. ) ;
#1062 = ORIENTED_EDGE ( 'NONE', *, *, #832, .T. ) ;
#1063 = DIRECTION ( 'NONE',  ( 0.000000000000000000, 1.000000000000000000, 0.000000000000000000 ) ) ;
#1064 = DIRECTION ( 'NONE',  ( 0.000000000000000000, 1.000000000000000000, 0.000000000000000000 ) ) ;
#1065 = VERTEX_POINT ( 'NONE', #3475 ) ;
#1066 = FACE_BOUND ( 'NONE', #4868, .T. ) ;
#1067 = DIRECTION ( 'NONE',  ( -0.000000000000000000, 1.000000000000000000, -0.000000000000000000 ) ) ;
#1068 = CARTESIAN_POINT ( 'NONE',  ( 24.00000000000010303, 0.000000000000000000, 3.499999999999992895 ) ) ;
#1069 = AXIS2_PLACEMENT_3D ( 'NONE', #263, #323, #4475 ) ;
#1070 = VERTEX_POINT ( 'NONE', #4315 ) ;
#1071 = AXIS2_PLACEMENT_3D ( 'NONE', #3417, #642, #521 ) ;
#1072 = CYLINDRICAL_SURFACE ( 'NONE', #936, 2.250000000000001776 ) ;
#1073 = ORIENTED_EDGE ( 'NONE', *, *, #3850, .T. ) ;
#1074 = DIRECTION ( 'NONE',  ( 0.000000000000000000, 0.000000000000000000, 1.000000000000000000 ) ) ;
#1075 = CIRCLE ( 'NONE', #2746, 2.250000000000001776 ) ;
#1076 = DIRECTION ( 'NONE',  ( 0.000000000000000000, 0.000000000000000000, 1.000000000000000000 ) ) ;
#1077 = ORIENTED_EDGE ( 'NONE', *, *, #194, .F. ) ;
#1078 = AXIS2_PLACEMENT_3D ( 'NONE', #6157, #6063, #1326 ) ;
#1079 = CIRCLE ( 'NONE', #1271, 2.250000000000001776 ) ;
#1080 = CYLINDRICAL_SURFACE ( 'NONE', #1604, 1.364499712793999064 ) ;
#1081 = ORIENTED_EDGE ( 'NONE', *, *, #4381, .F. ) ;
#1082 = CARTESIAN_POINT ( 'NONE',  ( 24.00000000000004974, 0.000000000000000000, -14.75000000000001243 ) ) ;
#1083 = CARTESIAN_POINT ( 'NONE',  ( -32.00000000000000000, 3.000000000000000000, -26.25000000000000711 ) ) ;
#1084 = DIRECTION ( 'NONE',  ( -0.000000000000000000, 1.000000000000000000, -0.000000000000000000 ) ) ;
#1085 = EDGE_LOOP ( 'NONE', ( #1485, #3280, #2019, #5351 ) ) ;
#1086 = VERTEX_POINT ( 'NONE', #2954 ) ;
#1087 = DIRECTION ( 'NONE',  ( -0.000000000000000000, 1.000000000000000000, -0.000000000000000000 ) ) ;
#1088 = EDGE_LOOP ( 'NONE', ( #769, #3921, #5942, #2897 ) ) ;
#1089 = CARTESIAN_POINT ( 'NONE',  ( 19.08551248218999419, 7.000000000000000000, -24.49999999999999289 ) ) ;
#1090 = EDGE_LOOP ( 'NONE', ( #5419, #5634, #1791, #3655 ) ) ;
#1091 = EDGE_CURVE ( 'NONE', #4966, #3433, #4836, .T. ) ;
#1092 = EDGE_CURVE ( 'NONE', #4690, #115, #2488, .T. ) ;
#1093 = CIRCLE ( 'NONE', #3861, 1.364499712793995734 ) ;
#1094 = VERTEX_POINT ( 'NONE', #2600 ) ;
#1095 = EDGE_CURVE ( 'NONE', #5863, #3509, #1866, .T. ) ;
#1096 = CIRCLE ( 'NONE', #75, 2.250000000000001776 ) ;
#1097 = DIRECTION ( 'NONE',  ( 0.000000000000000000, 0.000000000000000000, 1.000000000000000000 ) ) ;
#1098 = DIRECTION ( 'NONE',  ( -0.000000000000000000, 1.000000000000000000, -0.000000000000000000 ) ) ;
#1099 = EDGE_LOOP ( 'NONE', ( #120, #4803 ) ) ;
#1100 = DIRECTION ( 'NONE',  ( -0.000000000000000000, 1.000000000000000000, -0.000000000000000000 ) ) ;
#1101 = DIRECTION ( 'NONE',  ( -0.000000000000000000, 1.000000000000000000, -0.000000000000000000 ) ) ;
#1102 = CIRCLE ( 'NONE', #2389, 2.250000000000001776 ) ;
#1103 = DIRECTION ( 'NONE',  ( 0.000000000000000000, 1.000000000000000000, 0.000000000000000000 ) ) ;
#1104 = ORIENTED_EDGE ( 'NONE', *, *, #5072, .T. ) ;
#1105 = LINE ( 'NONE', #3421, #5408 ) ;
#1106 = VECTOR ( 'NONE', #3284, 1000.000000000000000 ) ;
#1107 = EDGE_CURVE ( 'NONE', #4711, #2620, #1304, .T. ) ;
#1108 = FACE_OUTER_BOUND ( 'NONE', #3311, .T. ) ;
#1109 = DIRECTION ( 'NONE',  ( 0.000000000000000000, 0.000000000000000000, 1.000000000000000000 ) ) ;
#1110 = VERTEX_POINT ( 'NONE', #761 ) ;
#1111 = LINE ( 'NONE', #5426, #2592 ) ;
#1112 = EDGE_LOOP ( 'NONE', ( #5496, #1478 ) ) ;
#1113 = CARTESIAN_POINT ( 'NONE',  ( 24.00000000000007816, 3.000000000000000000, -6.750000000000014211 ) ) ;
#1114 = CARTESIAN_POINT ( 'NONE',  ( -39.00000000000000711, 0.000000000000000000, -23.13550028720599627 ) ) ;
#1115 = CARTESIAN_POINT ( 'NONE',  ( 32.00000000000005684, 0.000000000000000000, -14.75000000000001243 ) ) ;
#1116 = EDGE_LOOP ( 'NONE', ( #5602, #4306 ) ) ;
#1117 = EDGE_LOOP ( 'NONE', ( #1886, #3988 ) ) ;
#1118 = CARTESIAN_POINT ( 'NONE',  ( 1.110223024625156540E-13, 3.000000000000000000, 3.499999999999992895 ) ) ;
#1119 = VECTOR ( 'NONE', #2338, 1000.000000000000000 ) ;
#1120 = LINE ( 'NONE', #1059, #203 ) ;
#1121 = ORIENTED_EDGE ( 'NONE', *, *, #3171, .T. ) ;
#1122 = AXIS2_PLACEMENT_3D ( 'NONE', #1211, #3620, #2718 ) ;
#1123 = AXIS2_PLACEMENT_3D ( 'NONE', #5114, #1723, #309 ) ;
#1124 = EDGE_CURVE ( 'NONE', #3260, #4139, #5752, .T. ) ;
#1125 = ORIENTED_EDGE ( 'NONE', *, *, #4208, .T. ) ;
#1126 = EDGE_CURVE ( 'NONE', #3543, #4976, #452, .T. ) ;
#1127 = LINE ( 'NONE', #4346, #2411 ) ;
#1128 = VERTEX_POINT ( 'NONE', #1729 ) ;
#1129 = CARTESIAN_POINT ( 'NONE',  ( 40.00000000000007816, 3.000000000000000000, -6.750000000000016875 ) ) ;
#1130 = DIRECTION ( 'NONE',  ( 0.000000000000000000, 0.000000000000000000, 1.000000000000000000 ) ) ;
#1131 = DIRECTION ( 'NONE',  ( 0.000000000000000000, 1.000000000000000000, 0.000000000000000000 ) ) ;
#1132 = CYLINDRICAL_SURFACE ( 'NONE', #5214, 2.250000000000001776 ) ;
#1133 = VECTOR ( 'NONE', #5832, 1000.000000000000000 ) ;
#1134 = EDGE_CURVE ( 'NONE', #1356, #4518, #4524, .T. ) ;
#1135 = DIRECTION ( 'NONE',  ( 0.000000000000000000, 1.000000000000000000, 0.000000000000000000 ) ) ;
#1136 = DIRECTION ( 'NONE',  ( -0.000000000000000000, 0.000000000000000000, 1.000000000000000000 ) ) ;
#1137 = ORIENTED_EDGE ( 'NONE', *, *, #1577, .T. ) ;
#1138 = CARTESIAN_POINT ( 'NONE',  ( -6.938893903907228378E-15, 3.000000000000000000, -28.50000000000001066 ) ) ;
#1139 = EDGE_CURVE ( 'NONE', #3448, #1606, #1185, .T. ) ;
#1140 = ORIENTED_EDGE ( 'NONE', *, *, #5701, .F. ) ;
#1141 = FACE_OUTER_BOUND ( 'NONE', #3411, .T. ) ;
#1142 = CARTESIAN_POINT ( 'NONE',  ( 32.00000000000005684, 3.000000000000000000, -12.50000000000001066 ) ) ;
#1143 = DIRECTION ( 'NONE',  ( -0.000000000000000000, 1.000000000000000000, -0.000000000000000000 ) ) ;
#1144 = EDGE_LOOP ( 'NONE', ( #166, #2502 ) ) ;
#1145 = ORIENTED_EDGE ( 'NONE', *, *, #4002, .F. ) ;
#1146 = ORIENTED_EDGE ( 'NONE', *, *, #1162, .T. ) ;
#1147 = DIRECTION ( 'NONE',  ( 0.000000000000000000, 0.000000000000000000, 1.000000000000000000 ) ) ;
#1148 = CARTESIAN_POINT ( 'NONE',  ( -15.99999999999981348, 0.000000000000000000, 27.49999999999998579 ) ) ;
#1149 = ORIENTED_EDGE ( 'NONE', *, *, #3742, .T. ) ;
#1150 = ORIENTED_EDGE ( 'NONE', *, *, #5209, .F. ) ;
#1151 = AXIS2_PLACEMENT_3D ( 'NONE', #3118, #246, #3985 ) ;
#1152 = DIRECTION ( 'NONE',  ( 0.000000000000000000, 0.000000000000000000, 1.000000000000000000 ) ) ;
#1153 = ORIENTED_EDGE ( 'NONE', *, *, #32, .F. ) ;
#1154 = EDGE_CURVE ( 'NONE', #2972, #2730, #3348, .T. ) ;
#1155 = DIRECTION ( 'NONE',  ( -0.000000000000000000, 1.000000000000000000, -0.000000000000000000 ) ) ;
#1156 = CYLINDRICAL_SURFACE ( 'NONE', #3938, 2.250000000000002665 ) ;
#1157 = DIRECTION ( 'NONE',  ( 0.000000000000000000, 0.000000000000000000, 1.000000000000000000 ) ) ;
#1158 = ORIENTED_EDGE ( 'NONE', *, *, #1726, .F. ) ;
#1159 = DIRECTION ( 'NONE',  ( 0.000000000000000000, 0.000000000000000000, 1.000000000000000000 ) ) ;
#1160 = CARTESIAN_POINT ( 'NONE',  ( 1.110223024625156540E-13, 0.000000000000000000, 3.499999999999992895 ) ) ;
#1161 = PLANE ( 'NONE',  #4990 ) ;
#1162 = EDGE_CURVE ( 'NONE', #1667, #5469, #196, .T. ) ;
#1163 = ORIENTED_EDGE ( 'NONE', *, *, #1095, .F. ) ;
#1164 = AXIS2_PLACEMENT_3D ( 'NONE', #114, #5870, #3388 ) ;
#1165 = LINE ( 'NONE', #1283, #3605 ) ;
#1166 = CARTESIAN_POINT ( 'NONE',  ( 24.00000000000013145, 0.000000000000000000, 9.249999999999984013 ) ) ;
#1167 = EDGE_CURVE ( 'NONE', #5853, #2276, #1754, .T. ) ;
#1168 = VECTOR ( 'NONE', #290, 1000.000000000000000 ) ;
#1169 = VERTEX_POINT ( 'NONE', #5475 ) ;
#1170 = DIRECTION ( 'NONE',  ( 0.000000000000000000, 1.000000000000000000, 0.000000000000000000 ) ) ;
#1171 = ADVANCED_FACE ( 'NONE', ( #5923 ), #791, .F. ) ;
#1172 = LINE ( 'NONE', #3055, #1394 ) ;
#1173 = DIRECTION ( 'NONE',  ( 0.000000000000000000, 0.000000000000000000, 1.000000000000000000 ) ) ;
#1174 = ORIENTED_EDGE ( 'NONE', *, *, #3819, .T. ) ;
#1175 = ORIENTED_EDGE ( 'NONE', *, *, #3583, .F. ) ;
#1176 = AXIS2_PLACEMENT_3D ( 'NONE', #4064, #5088, #3069 ) ;
#1177 = CIRCLE ( 'NONE', #3045, 2.250000000000002665 ) ;
#1178 = VERTEX_POINT ( 'NONE', #229 ) ;
#1179 = DIRECTION ( 'NONE',  ( 0.000000000000000000, 0.000000000000000000, 1.000000000000000000 ) ) ;
#1180 = ADVANCED_FACE ( 'NONE', ( #2657 ), #320, .F. ) ;
#1181 = AXIS2_PLACEMENT_3D ( 'NONE', #5893, #1100, #3534 ) ;
#1182 = CARTESIAN_POINT ( 'NONE',  ( 41.99999999999999289, 0.000000000000000000, 29.49999999999998934 ) ) ;
#1183 = ORIENTED_EDGE ( 'NONE', *, *, #1329, .F. ) ;
#1184 =( NAMED_UNIT ( * ) PLANE_ANGLE_UNIT ( ) SI_UNIT ( $, .RADIAN. ) );
#1185 = LINE ( 'NONE', #3158, #860 ) ;
#1186 = ORIENTED_EDGE ( 'NONE', *, *, #540, .F. ) ;
#1187 = FACE_BOUND ( 'NONE', #4053, .T. ) ;
#1188 = AXIS2_PLACEMENT_3D ( 'NONE', #5137, #4510, #5010 ) ;
#1189 = CARTESIAN_POINT ( 'NONE',  ( -15.99999999999986855, 0.000000000000000000, 13.74999999999998757 ) ) ;
#1190 = CARTESIAN_POINT ( 'NONE',  ( -39.00000000000000711, 7.000000000000000000, 27.00000000000000711 ) ) ;
#1191 = AXIS2_PLACEMENT_3D ( 'NONE', #126, #718, #1571 ) ;
#1192 = CARTESIAN_POINT ( 'NONE',  ( 19.08551248218999419, 7.000000000000000000, 24.50000000000000355 ) ) ;
#1193 = CYLINDRICAL_SURFACE ( 'NONE', #4771, 1.364499712793999064 ) ;
#1194 = CARTESIAN_POINT ( 'NONE',  ( 32.00000000000014211, 0.000000000000000000, 13.74999999999998757 ) ) ;
#1195 = VERTEX_POINT ( 'NONE', #3598 ) ;
#1196 = AXIS2_PLACEMENT_3D ( 'NONE', #3709, #4051, #3581 ) ;
#1197 = LINE ( 'NONE', #4945, #1826 ) ;
#1198 = LINE ( 'NONE', #3545, #5694 ) ;
#1199 = EDGE_CURVE ( 'NONE', #3067, #4016, #2750, .T. ) ;
#1200 = ORIENTED_EDGE ( 'NONE', *, *, #293, .F. ) ;
#1201 = DIRECTION ( 'NONE',  ( -0.000000000000000000, 1.000000000000000000, -0.000000000000000000 ) ) ;
#1202 = CYLINDRICAL_SURFACE ( 'NONE', #2663, 2.250000000000001776 ) ;
#1203 = CARTESIAN_POINT ( 'NONE',  ( -24.99999999999999645, 3.000000000000000000, 7.500000000000007105 ) ) ;
#1204 = ADVANCED_FACE ( 'NONE', ( #4031 ), #2572, .F. ) ;
#1205 = VERTEX_POINT ( 'NONE', #5954 ) ;
#1206 = EDGE_CURVE ( 'NONE', #66, #4617, #4967, .T. ) ;
#1207 = ORIENTED_EDGE ( 'NONE', *, *, #2794, .T. ) ;
#1208 = LINE ( 'NONE', #5081, #4085 ) ;
#1209 = CARTESIAN_POINT ( 'NONE',  ( -31.99999999999984013, 3.000000000000000000, 19.49999999999999289 ) ) ;
#1210 = ADVANCED_FACE ( 'NONE', ( #3565 ), #4553, .F. ) ;
#1211 = CARTESIAN_POINT ( 'NONE',  ( 16.00000000000007816, 3.000000000000000000, -4.500000000000010658 ) ) ;
#1212 = ORIENTED_EDGE ( 'NONE', *, *, #5389, .F. ) ;
#1213 = EDGE_CURVE ( 'NONE', #1322, #549, #4999, .T. ) ;
#1214 = VERTEX_POINT ( 'NONE', #2165 ) ;
#1215 = CARTESIAN_POINT ( 'NONE',  ( 45.00000000000000000, 3.000000000000000000, 32.49999999999998579 ) ) ;
#1216 = ORIENTED_EDGE ( 'NONE', *, *, #1660, .F. ) ;
#1217 = AXIS2_PLACEMENT_3D ( 'NONE', #606, #3380, #5284 ) ;
#1218 = FACE_BOUND ( 'NONE', #2357, .T. ) ;
#1219 = AXIS2_PLACEMENT_3D ( 'NONE', #885, #2777, #4672 ) ;
#1220 = LINE ( 'NONE', #5005, #3843 ) ;
#1221 = DIRECTION ( 'NONE',  ( -0.000000000000000000, 1.000000000000000000, -0.000000000000000000 ) ) ;
#1222 = FACE_OUTER_BOUND ( 'NONE', #2098, .T. ) ;
#1223 = AXIS2_PLACEMENT_3D ( 'NONE', #2145, #742, #4975 ) ;
#1224 = LINE ( 'NONE', #1194, #1609 ) ;
#1225 = CYLINDRICAL_SURFACE ( 'NONE', #577, 2.250000000000001776 ) ;
#1226 = LINE ( 'NONE', #3079, #3408 ) ;
#1227 = LINE ( 'NONE', #1775, #1704 ) ;
#1228 = CIRCLE ( 'NONE', #4994, 2.250000000000002665 ) ;
#1229 = ORIENTED_EDGE ( 'NONE', *, *, #5153, .T. ) ;
#1230 = DIRECTION ( 'NONE',  ( 0.000000000000000000, 0.000000000000000000, 1.000000000000000000 ) ) ;
#1231 = ORIENTED_EDGE ( 'NONE', *, *, #1407, .F. ) ;
#1232 = DIRECTION ( 'NONE',  ( 0.000000000000000000, 1.000000000000000000, 0.000000000000000000 ) ) ;
#1233 = DIRECTION ( 'NONE',  ( -0.000000000000000000, 1.000000000000000000, -0.000000000000000000 ) ) ;
#1234 = VERTEX_POINT ( 'NONE', #3186 ) ;
#1235 = ORIENTED_EDGE ( 'NONE', *, *, #6004, .T. ) ;
#1236 = CIRCLE ( 'NONE', #627, 2.250000000000001776 ) ;
#1237 = EDGE_CURVE ( 'NONE', #1876, #1178, #5133, .T. ) ;
#1238 = LINE ( 'NONE', #1698, #4434 ) ;
#1239 = ORIENTED_EDGE ( 'NONE', *, *, #3017, .F. ) ;
#1240 = AXIS2_PLACEMENT_3D ( 'NONE', #3115, #748, #2646 ) ;
#1241 = DIRECTION ( 'NONE',  ( 0.000000000000000000, 1.000000000000000000, 0.000000000000000000 ) ) ;
#1242 = DIRECTION ( 'NONE',  ( -0.000000000000000000, 1.000000000000000000, -0.000000000000000000 ) ) ;
#1243 = ADVANCED_FACE ( 'NONE', ( #3784 ), #3653, .F. ) ;
#1244 = DIRECTION ( 'NONE',  ( 0.000000000000000000, 1.000000000000000000, 0.000000000000000000 ) ) ;
#1245 = ORIENTED_EDGE ( 'NONE', *, *, #4461, .T. ) ;
#1246 = FACE_BOUND ( 'NONE', #2939, .T. ) ;
#1247 = EDGE_CURVE ( 'NONE', #3351, #3367, #3937, .T. ) ;
#1248 = FACE_OUTER_BOUND ( 'NONE', #5506, .T. ) ;
#1249 = CARTESIAN_POINT ( 'NONE',  ( 40.00000000000004974, 3.000000000000000000, -12.50000000000001421 ) ) ;
#1250 = CARTESIAN_POINT ( 'NONE',  ( -23.99999999999984013, 3.000000000000000000, 19.49999999999999289 ) ) ;
#1251 = DIRECTION ( 'NONE',  ( 0.000000000000000000, 0.000000000000000000, 1.000000000000000000 ) ) ;
#1252 = CARTESIAN_POINT ( 'NONE',  ( 40.00000000000010658, 0.000000000000000000, 1.249999999999982903 ) ) ;
#1253 = CARTESIAN_POINT ( 'NONE',  ( -31.99999999999997868, 3.000000000000000000, -22.75000000000001421 ) ) ;
#1254 = DIRECTION ( 'NONE',  ( 0.000000000000000000, 0.000000000000000000, 1.000000000000000000 ) ) ;
#1255 = DIRECTION ( 'NONE',  ( 0.000000000000000000, 0.000000000000000000, 1.000000000000000000 ) ) ;
#1256 = ORIENTED_EDGE ( 'NONE', *, *, #5415, .T. ) ;
#1257 = DIRECTION ( 'NONE',  ( -0.000000000000000000, 1.000000000000000000, -0.000000000000000000 ) ) ;
#1258 = DIRECTION ( 'NONE',  ( 0.000000000000000000, 1.000000000000000000, 0.000000000000000000 ) ) ;
#1259 = CIRCLE ( 'NONE', #2542, 2.250000000000002665 ) ;
#1260 = EDGE_LOOP ( 'NONE', ( #3825, #3890 ) ) ;
#1261 = ORIENTED_EDGE ( 'NONE', *, *, #4474, .F. ) ;
#1262 = CARTESIAN_POINT ( 'NONE',  ( 8.000000000000047962, 0.000000000000000000, -12.50000000000001066 ) ) ;
#1263 = AXIS2_PLACEMENT_3D ( 'NONE', #1376, #3265, #5092 ) ;
#1264 = ORIENTED_EDGE ( 'NONE', *, *, #5417, .F. ) ;
#1265 = VECTOR ( 'NONE', #443, 1000.000000000000000 ) ;
#1266 = AXIS2_PLACEMENT_3D ( 'NONE', #3827, #3104, #5030 ) ;
#1267 = DIRECTION ( 'NONE',  ( 0.000000000000000000, 1.000000000000000000, 0.000000000000000000 ) ) ;
#1268 = CARTESIAN_POINT ( 'NONE',  ( -45.00000000000000000, 3.000000000000000000, -7.499999999999992895 ) ) ;
#1269 = ORIENTED_EDGE ( 'NONE', *, *, #4318, .T. ) ;
#1270 = CIRCLE ( 'NONE', #324, 2.250000000000002665 ) ;
#1271 = AXIS2_PLACEMENT_3D ( 'NONE', #3010, #1963, #46 ) ;
#1272 = CARTESIAN_POINT ( 'NONE',  ( -6.663348374099073505E-15, 0.000000000000000000, -30.75000000000001421 ) ) ;
#1273 = EDGE_CURVE ( 'NONE', #4711, #327, #3251, .T. ) ;
#1274 = FACE_BOUND ( 'NONE', #5922, .T. ) ;
#1275 = EDGE_CURVE ( 'NONE', #3851, #968, #409, .T. ) ;
#1276 = CARTESIAN_POINT ( 'NONE',  ( -45.00000000000000000, 3.000000000000000000, -7.499999999999992895 ) ) ;
#1277 = DIRECTION ( 'NONE',  ( 0.000000000000000000, 1.000000000000000000, 0.000000000000000000 ) ) ;
#1278 = AXIS2_PLACEMENT_3D ( 'NONE', #511, #3756, #4684 ) ;
#1279 = CARTESIAN_POINT ( 'NONE',  ( -39.00000000000000711, 0.000000000000000000, 23.13550028720600693 ) ) ;
#1280 = DIRECTION ( 'NONE',  ( -0.000000000000000000, -1.000000000000000000, -0.000000000000000000 ) ) ;
#1281 = ORIENTED_EDGE ( 'NONE', *, *, #2644, .T. ) ;
#1282 = DIRECTION ( 'NONE',  ( 0.000000000000000000, 1.000000000000000000, 0.000000000000000000 ) ) ;
#1283 = CARTESIAN_POINT ( 'NONE',  ( 1.110223024625156540E-13, 0.000000000000000000, 5.749999999999995559 ) ) ;
#1284 = VECTOR ( 'NONE', #276, 1000.000000000000000 ) ;
#1285 = CYLINDRICAL_SURFACE ( 'NONE', #911, 2.499999999999998668 ) ;
#1286 = CIRCLE ( 'NONE', #995, 2.250000000000001776 ) ;
#1287 = EDGE_CURVE ( 'NONE', #2938, #4397, #5536, .T. ) ;
#1288 = ORIENTED_EDGE ( 'NONE', *, *, #1838, .T. ) ;
#1289 = VERTEX_POINT ( 'NONE', #2846 ) ;
#1290 = DIRECTION ( 'NONE',  ( 0.000000000000000000, 0.000000000000000000, 1.000000000000000000 ) ) ;
#1291 = CIRCLE ( 'NONE', #3164, 2.250000000000001776 ) ;
#1292 = CARTESIAN_POINT ( 'NONE',  ( 24.00000000000013145, 3.000000000000000000, 11.49999999999998579 ) ) ;
#1293 = CARTESIAN_POINT ( 'NONE',  ( 24.00000000000004974, 0.000000000000000000, -12.50000000000001066 ) ) ;
#1294 = EDGE_LOOP ( 'NONE', ( #3499, #91 ) ) ;
#1295 = ORIENTED_EDGE ( 'NONE', *, *, #2696, .T. ) ;
#1296 = FACE_OUTER_BOUND ( 'NONE', #4497, .T. ) ;
#1297 = AXIS2_PLACEMENT_3D ( 'NONE', #5331, #4820, #4857 ) ;
#1298 = ORIENTED_EDGE ( 'NONE', *, *, #4122, .F. ) ;
#1299 = DIRECTION ( 'NONE',  ( 0.000000000000000000, 0.000000000000000000, 1.000000000000000000 ) ) ;
#1300 = CARTESIAN_POINT ( 'NONE',  ( -39.99999999999987210, 0.000000000000000000, 9.249999999999984013 ) ) ;
#1301 = AXIS2_PLACEMENT_3D ( 'NONE', #3453, #4416, #144 ) ;
#1302 = CARTESIAN_POINT ( 'NONE',  ( -15.99999999999989697, 0.000000000000000000, 5.749999999999995559 ) ) ;
#1303 = ORIENTED_EDGE ( 'NONE', *, *, #2070, .T. ) ;
#1304 = LINE ( 'NONE', #1272, #966 ) ;
#1305 = ORIENTED_EDGE ( 'NONE', *, *, #2294, .T. ) ;
#1306 = FACE_BOUND ( 'NONE', #4089, .T. ) ;
#1307 = DIRECTION ( 'NONE',  ( -0.000000000000000000, 1.000000000000000000, -0.000000000000000000 ) ) ;
#1308 = EDGE_CURVE ( 'NONE', #4725, #5748, #5746, .T. ) ;
#1309 = DIRECTION ( 'NONE',  ( 0.000000000000000000, -1.000000000000000000, 0.000000000000000000 ) ) ;
#1310 = ORIENTED_EDGE ( 'NONE', *, *, #4111, .T. ) ;
#1311 = DIRECTION ( 'NONE',  ( 0.000000000000000000, 0.000000000000000000, 1.000000000000000000 ) ) ;
#1312 = AXIS2_PLACEMENT_3D ( 'NONE', #2060, #4481, #5845 ) ;
#1313 = CARTESIAN_POINT ( 'NONE',  ( -23.99999999999997868, 0.000000000000000000, -20.50000000000001066 ) ) ;
#1314 = EDGE_LOOP ( 'NONE', ( #2517, #3556 ) ) ;
#1315 = CARTESIAN_POINT ( 'NONE',  ( -39.00000000000000711, 0.000000000000000000, 24.50000000000000355 ) ) ;
#1316 = CARTESIAN_POINT ( 'NONE',  ( 24.00000000000004974, 3.000000000000000000, -14.75000000000001243 ) ) ;
#1317 = DIRECTION ( 'NONE',  ( -0.000000000000000000, 1.000000000000000000, -0.000000000000000000 ) ) ;
#1318 = CIRCLE ( 'NONE', #5486, 2.250000000000001776 ) ;
#1319 = AXIS2_PLACEMENT_3D ( 'NONE', #2682, #5495, #4545 ) ;
#1320 = ADVANCED_FACE ( 'NONE', ( #1825 ), #3316, .F. ) ;
#1321 = AXIS2_PLACEMENT_3D ( 'NONE', #238, #1592, #2992 ) ;
#1322 = VERTEX_POINT ( 'NONE', #5156 ) ;
#1323 = ORIENTED_EDGE ( 'NONE', *, *, #4318, .F. ) ;
#1324 = DIRECTION ( 'NONE',  ( 0.000000000000000000, 1.000000000000000000, 0.000000000000000000 ) ) ;
#1325 = FACE_OUTER_BOUND ( 'NONE', #559, .T. ) ;
#1326 = DIRECTION ( 'NONE',  ( 0.000000000000000000, 0.000000000000000000, 1.000000000000000000 ) ) ;
#1327 = ORIENTED_EDGE ( 'NONE', *, *, #1732, .T. ) ;
#1328 = ORIENTED_EDGE ( 'NONE', *, *, #6114, .F. ) ;
#1329 = EDGE_CURVE ( 'NONE', #3412, #5015, #926, .T. ) ;
#1330 = DIRECTION ( 'NONE',  ( 0.000000000000000000, 1.000000000000000000, 0.000000000000000000 ) ) ;
#1331 = VECTOR ( 'NONE', #817, 1000.000000000000000 ) ;
#1332 = DIRECTION ( 'NONE',  ( 0.000000000000000000, 1.000000000000000000, 0.000000000000000000 ) ) ;
#1333 = CARTESIAN_POINT ( 'NONE',  ( -41.99999999999999289, 3.000000000000000000, -32.50000000000000000 ) ) ;
#1334 = VECTOR ( 'NONE', #744, 1000.000000000000000 ) ;
#1335 = DIRECTION ( 'NONE',  ( 0.000000000000000000, 0.000000000000000000, 1.000000000000000000 ) ) ;
#1336 = ORIENTED_EDGE ( 'NONE', *, *, #3965, .T. ) ;
#1337 = AXIS2_PLACEMENT_3D ( 'NONE', #5683, #5716, #1447 ) ;
#1338 = ORIENTED_EDGE ( 'NONE', *, *, #3287, .F. ) ;
#1339 = ORIENTED_EDGE ( 'NONE', *, *, #4187, .T. ) ;
#1340 = CIRCLE ( 'NONE', #3219, 2.250000000000001776 ) ;
#1341 = DIRECTION ( 'NONE',  ( 0.000000000000000000, 1.000000000000000000, 0.000000000000000000 ) ) ;
#1342 = FACE_OUTER_BOUND ( 'NONE', #4982, .T. ) ;
#1343 = CARTESIAN_POINT ( 'NONE',  ( 24.00000000000010303, 0.000000000000000000, 1.249999999999989786 ) ) ;
#1344 = EDGE_LOOP ( 'NONE', ( #4297, #5313 ) ) ;
#1345 = FACE_BOUND ( 'NONE', #5162, .T. ) ;
#1346 = LINE ( 'NONE', #871, #882 ) ;
#1347 = ORIENTED_EDGE ( 'NONE', *, *, #2944, .T. ) ;
#1348 = CARTESIAN_POINT ( 'NONE',  ( 1.942890293094023946E-13, 3.000000000000000000, 29.74999999999998934 ) ) ;
#1349 = LINE ( 'NONE', #2369, #222 ) ;
#1350 = FACE_OUTER_BOUND ( 'NONE', #4898, .T. ) ;
#1351 = EDGE_LOOP ( 'NONE', ( #2658, #3216 ) ) ;
#1352 = CARTESIAN_POINT ( 'NONE',  ( 19.08551248218999419, 3.000000000000000000, 24.50000000000000355 ) ) ;
#1353 = ORIENTED_EDGE ( 'NONE', *, *, #4495, .F. ) ;
#1354 = DIRECTION ( 'NONE',  ( -0.000000000000000000, 1.000000000000000000, -0.000000000000000000 ) ) ;
#1355 = CARTESIAN_POINT ( 'NONE',  ( -15.99999999999984013, 3.000000000000000000, 21.74999999999999645 ) ) ;
#1356 = VERTEX_POINT ( 'NONE', #3684 ) ;
#1357 = ORIENTED_EDGE ( 'NONE', *, *, #1647, .F. ) ;
#1358 = ADVANCED_FACE ( 'NONE', ( #2286 ), #343, .F. ) ;
#1359 = DIRECTION ( 'NONE',  ( -0.000000000000000000, 1.000000000000000000, -0.000000000000000000 ) ) ;
#1360 = EDGE_CURVE ( 'NONE', #5715, #5493, #4431, .T. ) ;
#1361 = ORIENTED_EDGE ( 'NONE', *, *, #2451, .F. ) ;
#1362 = AXIS2_PLACEMENT_3D ( 'NONE', #3015, #1103, #1617 ) ;
#1363 = DIRECTION ( 'NONE',  ( -0.000000000000000000, 1.000000000000000000, -0.000000000000000000 ) ) ;
#1364 = CARTESIAN_POINT ( 'NONE',  ( 1.387778780781445676E-13, 0.000000000000000000, 11.49999999999998579 ) ) ;
#1365 = ORIENTED_EDGE ( 'NONE', *, *, #1287, .F. ) ;
#1366 = AXIS2_PLACEMENT_3D ( 'NONE', #5988, #1221, #1157 ) ;
#1367 = AXIS2_PLACEMENT_3D ( 'NONE', #5985, #6046, #6014 ) ;
#1368 = CIRCLE ( 'NONE', #1862, 2.250000000000001776 ) ;
#1369 = EDGE_CURVE ( 'NONE', #5333, #2343, #5847, .T. ) ;
#1370 = VERTEX_POINT ( 'NONE', #818 ) ;
#1371 = VERTEX_POINT ( 'NONE', #6036 ) ;
#1372 = CARTESIAN_POINT ( 'NONE',  ( -15.99999999999984013, 3.000000000000000000, 19.49999999999999289 ) ) ;
#1373 = AXIS2_PLACEMENT_3D ( 'NONE', #6098, #2678, #5657 ) ;
#1374 = AXIS2_PLACEMENT_3D ( 'NONE', #3414, #5322, #612 ) ;
#1375 = CIRCLE ( 'NONE', #866, 2.250000000000001776 ) ;
#1376 = CARTESIAN_POINT ( 'NONE',  ( -31.99999999999995381, 3.000000000000000000, -12.50000000000001066 ) ) ;
#1377 = FACE_BOUND ( 'NONE', #4732, .T. ) ;
#1378 = DIRECTION ( 'NONE',  ( 0.000000000000000000, 0.000000000000000000, -1.000000000000000000 ) ) ;
#1379 = VERTEX_POINT ( 'NONE', #5563 ) ;
#1380 = CARTESIAN_POINT ( 'NONE',  ( -15.99999999999997868, 0.000000000000000000, -22.75000000000001421 ) ) ;
#1381 = LINE ( 'NONE', #362, #5815 ) ;
#1382 = CYLINDRICAL_SURFACE ( 'NONE', #1953, 2.250000000000001776 ) ;
#1383 = ORIENTED_EDGE ( 'NONE', *, *, #3929, .T. ) ;
#1384 = CARTESIAN_POINT ( 'NONE',  ( 32.00000000000002842, 0.000000000000000000, -20.50000000000001066 ) ) ;
#1385 = ORIENTED_EDGE ( 'NONE', *, *, #3742, .F. ) ;
#1386 = DIRECTION ( 'NONE',  ( -0.000000000000000000, 1.000000000000000000, -0.000000000000000000 ) ) ;
#1387 = DIRECTION ( 'NONE',  ( 0.000000000000000000, 0.000000000000000000, -1.000000000000000000 ) ) ;
#1388 = CIRCLE ( 'NONE', #370, 2.250000000000001776 ) ;
#1389 = ORIENTED_EDGE ( 'NONE', *, *, #4086, .T. ) ;
#1390 = EDGE_LOOP ( 'NONE', ( #571, #2204 ) ) ;
#1391 = CARTESIAN_POINT ( 'NONE',  ( 1.942890293094023946E-13, 3.000000000000000000, 27.49999999999998579 ) ) ;
#1392 = CIRCLE ( 'NONE', #2168, 2.250000000000001776 ) ;
#1393 = ADVANCED_FACE ( 'NONE', ( #4212 ), #1757, .F. ) ;
#1394 = VECTOR ( 'NONE', #4895, 1000.000000000000000 ) ;
#1395 = ORIENTED_EDGE ( 'NONE', *, *, #1213, .T. ) ;
#1396 = CYLINDRICAL_SURFACE ( 'NONE', #1404, 2.250000000000001776 ) ;
#1397 = EDGE_CURVE ( 'NONE', #1086, #4897, #1466, .T. ) ;
#1398 = EDGE_CURVE ( 'NONE', #5197, #3786, #6136, .T. ) ;
#1399 = FACE_OUTER_BOUND ( 'NONE', #2494, .T. ) ;
#1400 = DIRECTION ( 'NONE',  ( 0.000000000000000000, 1.000000000000000000, 0.000000000000000000 ) ) ;
#1401 = AXIS2_PLACEMENT_3D ( 'NONE', #495, #3308, #4202 ) ;
#1402 = ORIENTED_EDGE ( 'NONE', *, *, #3623, .T. ) ;
#1403 = EDGE_CURVE ( 'NONE', #2093, #4409, #5118, .T. ) ;
#1404 = AXIS2_PLACEMENT_3D ( 'NONE', #924, #2386, #6193 ) ;
#1405 = ORIENTED_EDGE ( 'NONE', *, *, #650, .T. ) ;
#1406 = CARTESIAN_POINT ( 'NONE',  ( 16.00000000000007816, 0.000000000000000000, -4.500000000000010658 ) ) ;
#1407 = EDGE_CURVE ( 'NONE', #2915, #3120, #1957, .T. ) ;
#1408 = DIRECTION ( 'NONE',  ( 0.000000000000000000, 0.000000000000000000, 1.000000000000000000 ) ) ;
#1409 = EDGE_LOOP ( 'NONE', ( #3029, #5549, #822, #2900 ) ) ;
#1410 = FACE_BOUND ( 'NONE', #2544, .T. ) ;
#1411 = ORIENTED_EDGE ( 'NONE', *, *, #786, .T. ) ;
#1412 = CARTESIAN_POINT ( 'NONE',  ( 7.632783294297951215E-14, 0.000000000000000000, -4.500000000000010658 ) ) ;
#1413 = CARTESIAN_POINT ( 'NONE',  ( 16.00000000000010303, 3.000000000000000000, 3.499999999999992895 ) ) ;
#1414 = DIRECTION ( 'NONE',  ( 0.000000000000000000, 1.000000000000000000, 0.000000000000000000 ) ) ;
#1415 = VECTOR ( 'NONE', #6024, 1000.000000000000000 ) ;
#1416 = ORIENTED_EDGE ( 'NONE', *, *, #5310, .F. ) ;
#1417 = EDGE_LOOP ( 'NONE', ( #4600, #4446, #3313, #6094 ) ) ;
#1418 = CARTESIAN_POINT ( 'NONE',  ( 40.00000000000004974, 3.000000000000000000, -14.75000000000001599 ) ) ;
#1419 = ORIENTED_EDGE ( 'NONE', *, *, #73, .F. ) ;
#1420 = CARTESIAN_POINT ( 'NONE',  ( -23.99999999999984013, 0.000000000000000000, 17.24999999999998934 ) ) ;
#1421 = DIRECTION ( 'NONE',  ( 0.000000000000000000, 0.000000000000000000, 1.000000000000000000 ) ) ;
#1422 = ORIENTED_EDGE ( 'NONE', *, *, #2253, .T. ) ;
#1423 = VERTEX_POINT ( 'NONE', #502 ) ;
#1424 = AXIS2_PLACEMENT_3D ( 'NONE', #5379, #1064, #5411 ) ;
#1425 = CIRCLE ( 'NONE', #2199, 2.250000000000001776 ) ;
#1426 = DIRECTION ( 'NONE',  ( 0.000000000000000000, 1.000000000000000000, 0.000000000000000000 ) ) ;
#1427 = ORIENTED_EDGE ( 'NONE', *, *, #2061, .T. ) ;
#1428 = DIRECTION ( 'NONE',  ( 0.000000000000000000, 1.000000000000000000, 0.000000000000000000 ) ) ;
#1429 = DIRECTION ( 'NONE',  ( 0.000000000000000000, 0.000000000000000000, 1.000000000000000000 ) ) ;
#1430 = CARTESIAN_POINT ( 'NONE',  ( 40.00000000000018474, 3.000000000000000000, 27.49999999999998579 ) ) ;
#1431 = EDGE_CURVE ( 'NONE', #1559, #5078, #3900, .T. ) ;
#1432 = ORIENTED_EDGE ( 'NONE', *, *, #1551, .F. ) ;
#1433 = CIRCLE ( 'NONE', #2112, 2.250000000000001776 ) ;
#1434 = LINE ( 'NONE', #3722, #667 ) ;
#1435 = EDGE_LOOP ( 'NONE', ( #1992, #943, #2887, #2754 ) ) ;
#1436 = AXIS2_PLACEMENT_3D ( 'NONE', #448, #2725, #4185 ) ;
#1437 = EDGE_CURVE ( 'NONE', #2341, #6031, #3438, .T. ) ;
#1438 = CARTESIAN_POINT ( 'NONE',  ( -7.999999999999923617, 0.000000000000000000, -6.750000000000014211 ) ) ;
#1439 = ORIENTED_EDGE ( 'NONE', *, *, #2257, .F. ) ;
#1440 = FACE_OUTER_BOUND ( 'NONE', #2598, .T. ) ;
#1441 = EDGE_CURVE ( 'NONE', #3323, #5659, #2879, .T. ) ;
#1442 = EDGE_LOOP ( 'NONE', ( #3795, #2128 ) ) ;
#1443 = CARTESIAN_POINT ( 'NONE',  ( -31.99999999999984013, 3.000000000000000000, 17.24999999999998934 ) ) ;
#1444 = CARTESIAN_POINT ( 'NONE',  ( 40.00000000000004974, 0.000000000000000000, -10.25000000000001243 ) ) ;
#1445 = LINE ( 'NONE', #2768, #957 ) ;
#1446 = EDGE_LOOP ( 'NONE', ( #5104, #4641 ) ) ;
#1447 = DIRECTION ( 'NONE',  ( 0.000000000000000000, 0.000000000000000000, 1.000000000000000000 ) ) ;
#1448 = ORIENTED_EDGE ( 'NONE', *, *, #2909, .T. ) ;
#1449 = EDGE_CURVE ( 'NONE', #5001, #5674, #4229, .T. ) ;
#1450 = CARTESIAN_POINT ( 'NONE',  ( 7.632783294297951215E-14, 3.000000000000000000, -2.250000000000007994 ) ) ;
#1451 = CARTESIAN_POINT ( 'NONE',  ( -7.999999999999868550, 3.000000000000000000, 9.249999999999984013 ) ) ;
#1452 = VERTEX_POINT ( 'NONE', #1515 ) ;
#1453 = EDGE_LOOP ( 'NONE', ( #1017, #2534 ) ) ;
#1454 = LINE ( 'NONE', #922, #5698 ) ;
#1455 = ORIENTED_EDGE ( 'NONE', *, *, #4071, .T. ) ;
#1456 = DIRECTION ( 'NONE',  ( 0.000000000000000000, 0.000000000000000000, -1.000000000000000000 ) ) ;
#1457 = AXIS2_PLACEMENT_3D ( 'NONE', #2505, #127, #2040 ) ;
#1458 = CARTESIAN_POINT ( 'NONE',  ( -7.999999999999952038, 3.000000000000000000, -14.75000000000001243 ) ) ;
#1459 = DIRECTION ( 'NONE',  ( -0.000000000000000000, 1.000000000000000000, -0.000000000000000000 ) ) ;
#1460 = EDGE_LOOP ( 'NONE', ( #1600, #227, #3176, #1269 ) ) ;
#1461 = LINE ( 'NONE', #1920, #4034 ) ;
#1462 = CIRCLE ( 'NONE', #2141, 2.250000000000001776 ) ;
#1463 = DIRECTION ( 'NONE',  ( 0.000000000000000000, 1.000000000000000000, 0.000000000000000000 ) ) ;
#1464 = EDGE_LOOP ( 'NONE', ( #5947, #5473 ) ) ;
#1465 = AXIS2_PLACEMENT_3D ( 'NONE', #704, #4067, #5414 ) ;
#1466 = CIRCLE ( 'NONE', #4931, 2.250000000000001776 ) ;
#1467 = DIRECTION ( 'NONE',  ( -0.000000000000000000, 1.000000000000000000, -0.000000000000000000 ) ) ;
#1468 = ORIENTED_EDGE ( 'NONE', *, *, #4562, .F. ) ;
#1469 = PLANE ( 'NONE',  #530 ) ;
#1470 = ADVANCED_FACE ( 'NONE', ( #2444 ), #1545, .F. ) ;
#1471 = EDGE_CURVE ( 'NONE', #1205, #1593, #3133, .T. ) ;
#1472 = AXIS2_PLACEMENT_3D ( 'NONE', #2137, #1244, #5569 ) ;
#1473 = CIRCLE ( 'NONE', #351, 2.250000000000002665 ) ;
#1474 = VERTEX_POINT ( 'NONE', #2937 ) ;
#1475 = DIRECTION ( 'NONE',  ( 0.000000000000000000, 0.000000000000000000, 1.000000000000000000 ) ) ;
#1476 = CARTESIAN_POINT ( 'NONE',  ( -7.999999999999868550, 3.000000000000000000, 13.74999999999998757 ) ) ;
#1477 = LINE ( 'NONE', #1935, #247 ) ;
#1478 = ORIENTED_EDGE ( 'NONE', *, *, #1167, .T. ) ;
#1479 = DIRECTION ( 'NONE',  ( 0.000000000000000000, 0.000000000000000000, 1.000000000000000000 ) ) ;
#1480 = EDGE_LOOP ( 'NONE', ( #4924, #5785, #1716, #2756 ) ) ;
#1481 = DIRECTION ( 'NONE',  ( 0.000000000000000000, 0.000000000000000000, 1.000000000000000000 ) ) ;
#1482 = DIRECTION ( 'NONE',  ( 0.000000000000000000, 0.000000000000000000, 1.000000000000000000 ) ) ;
#1483 = ORIENTED_EDGE ( 'NONE', *, *, #5350, .T. ) ;
#1484 = DIRECTION ( 'NONE',  ( -0.000000000000000000, 1.000000000000000000, -0.000000000000000000 ) ) ;
#1485 = ORIENTED_EDGE ( 'NONE', *, *, #2661, .F. ) ;
#1486 = CARTESIAN_POINT ( 'NONE',  ( 8.000000000000131450, 3.000000000000000000, 9.249999999999984013 ) ) ;
#1487 = DIRECTION ( 'NONE',  ( 0.000000000000000000, 0.000000000000000000, 1.000000000000000000 ) ) ;
#1488 = CARTESIAN_POINT ( 'NONE',  ( 8.000000000000131450, 3.000000000000000000, 11.49999999999998579 ) ) ;
#1489 = ORIENTED_EDGE ( 'NONE', *, *, #4926, .F. ) ;
#1490 = CARTESIAN_POINT ( 'NONE',  ( -7.999999999999952038, 0.000000000000000000, -12.50000000000001066 ) ) ;
#1491 = VECTOR ( 'NONE', #1939, 1000.000000000000000 ) ;
#1492 = DIRECTION ( 'NONE',  ( 0.000000000000000000, 0.000000000000000000, 1.000000000000000000 ) ) ;
#1493 = ORIENTED_EDGE ( 'NONE', *, *, #3659, .F. ) ;
#1494 = EDGE_CURVE ( 'NONE', #195, #6142, #5529, .T. ) ;
#1495 = CIRCLE ( 'NONE', #2883, 2.250000000000001776 ) ;
#1496 = VERTEX_POINT ( 'NONE', #1115 ) ;
#1497 = CARTESIAN_POINT ( 'NONE',  ( -31.99999999999984013, 3.000000000000000000, 19.49999999999999289 ) ) ;
#1498 = CARTESIAN_POINT ( 'NONE',  ( -15.99999999999981348, 3.000000000000000000, 27.49999999999998579 ) ) ;
#1499 = EDGE_LOOP ( 'NONE', ( #467, #3960, #619, #3396 ) ) ;
#1500 = EDGE_CURVE ( 'NONE', #3786, #1370, #5436, .T. ) ;
#1501 = DIRECTION ( 'NONE',  ( -0.000000000000000000, 1.000000000000000000, -0.000000000000000000 ) ) ;
#1502 = DIRECTION ( 'NONE',  ( 0.000000000000000000, 0.000000000000000000, 1.000000000000000000 ) ) ;
#1503 = DIRECTION ( 'NONE',  ( -0.000000000000000000, -0.000000000000000000, 1.000000000000000000 ) ) ;
#1504 = EDGE_LOOP ( 'NONE', ( #243, #4186, #6000, #1028 ) ) ;
#1505 = CARTESIAN_POINT ( 'NONE',  ( -15.99999999999995204, 3.000000000000000000, -14.75000000000001243 ) ) ;
#1506 = ORIENTED_EDGE ( 'NONE', *, *, #1134, .T. ) ;
#1507 = DIRECTION ( 'NONE',  ( 0.000000000000000000, 1.000000000000000000, 0.000000000000000000 ) ) ;
#1508 = CARTESIAN_POINT ( 'NONE',  ( 41.99999999999999289, 0.000000000000000000, -29.50000000000000711 ) ) ;
#1509 = ORIENTED_EDGE ( 'NONE', *, *, #5711, .T. ) ;
#1510 = CARTESIAN_POINT ( 'NONE',  ( -31.99999999999984013, 0.000000000000000000, 21.74999999999999645 ) ) ;
#1511 = EDGE_CURVE ( 'NONE', #181, #3116, #145, .T. ) ;
#1512 = ORIENTED_EDGE ( 'NONE', *, *, #1697, .T. ) ;
#1513 = DIRECTION ( 'NONE',  ( 0.000000000000000000, 0.000000000000000000, 1.000000000000000000 ) ) ;
#1514 = CARTESIAN_POINT ( 'NONE',  ( -41.99999999999999289, 0.000000000000000000, -32.50000000000000000 ) ) ;
#1515 = CARTESIAN_POINT ( 'NONE',  ( -23.99999999999997868, 3.000000000000000000, -22.75000000000001421 ) ) ;
#1516 = CIRCLE ( 'NONE', #105, 2.250000000000001776 ) ;
#1517 = VERTEX_POINT ( 'NONE', #3874 ) ;
#1518 = EDGE_CURVE ( 'NONE', #5469, #2955, #3035, .T. ) ;
#1519 = VERTEX_POINT ( 'NONE', #1918 ) ;
#1520 = CARTESIAN_POINT ( 'NONE',  ( 24.00000000000007816, 0.000000000000000000, -4.500000000000010658 ) ) ;
#1521 = AXIS2_PLACEMENT_3D ( 'NONE', #947, #5842, #4010 ) ;
#1522 = CARTESIAN_POINT ( 'NONE',  ( -23.99999999999995026, 3.000000000000000000, -12.50000000000001066 ) ) ;
#1523 = ORIENTED_EDGE ( 'NONE', *, *, #339, .T. ) ;
#1524 = VECTOR ( 'NONE', #2354, 1000.000000000000000 ) ;
#1525 = EDGE_LOOP ( 'NONE', ( #712, #3245 ) ) ;
#1526 = PLANE ( 'NONE',  #5403 ) ;
#1527 = CARTESIAN_POINT ( 'NONE',  ( -39.00000000000000711, 7.000000000000000000, -21.99999999999999289 ) ) ;
#1529 = ORIENTED_EDGE ( 'NONE', *, *, #1042, .T. ) ;
#1528 = AXIS2_PLACEMENT_3D ( 'NONE', #482, #4249, #6141 ) ;
#1530 = DIRECTION ( 'NONE',  ( 0.000000000000000000, 1.000000000000000000, 0.000000000000000000 ) ) ;
#1531 = CYLINDRICAL_SURFACE ( 'NONE', #3143, 2.250000000000001776 ) ;
#1532 = DIRECTION ( 'NONE',  ( 0.000000000000000000, 0.000000000000000000, 1.000000000000000000 ) ) ;
#1533 = AXIS2_PLACEMENT_3D ( 'NONE', #493, #1846, #4727 ) ;
#1534 = ORIENTED_EDGE ( 'NONE', *, *, #2423, .F. ) ;
#1535 = CIRCLE ( 'NONE', #2917, 2.250000000000002665 ) ;
#1536 = CARTESIAN_POINT ( 'NONE',  ( -39.99999999999995026, 0.000000000000000000, -12.50000000000001066 ) ) ;
#1537 = ORIENTED_EDGE ( 'NONE', *, *, #538, .T. ) ;
#1538 = LINE ( 'NONE', #4358, #2977 ) ;
#1539 = CARTESIAN_POINT ( 'NONE',  ( 24.00000000000007816, 3.000000000000000000, -4.500000000000010658 ) ) ;
#1540 = ORIENTED_EDGE ( 'NONE', *, *, #1586, .T. ) ;
#1541 = DIRECTION ( 'NONE',  ( -0.000000000000000000, 1.000000000000000000, -0.000000000000000000 ) ) ;
#1542 = VERTEX_POINT ( 'NONE', #5758 ) ;
#1543 = CYLINDRICAL_SURFACE ( 'NONE', #88, 2.250000000000001776 ) ;
#1544 = CARTESIAN_POINT ( 'NONE',  ( -23.99999999999997868, 0.000000000000000000, -20.50000000000001066 ) ) ;
#1545 = CYLINDRICAL_SURFACE ( 'NONE', #747, 2.250000000000002665 ) ;
#1546 = ADVANCED_FACE ( 'NONE', ( #4396 ), #4272, .F. ) ;
#1547 = ORIENTED_EDGE ( 'NONE', *, *, #5862, .F. ) ;
#1548 = EDGE_CURVE ( 'NONE', #6006, #1371, #2474, .T. ) ;
#1549 = ORIENTED_EDGE ( 'NONE', *, *, #1765, .T. ) ;
#1550 = CARTESIAN_POINT ( 'NONE',  ( 32.00000000000005684, 3.000000000000000000, -10.25000000000000888 ) ) ;
#1551 = EDGE_CURVE ( 'NONE', #6031, #2341, #5522, .T. ) ;
#1552 = DIRECTION ( 'NONE',  ( 0.000000000000000000, 0.000000000000000000, -1.000000000000000000 ) ) ;
#1553 = ORIENTED_EDGE ( 'NONE', *, *, #3377, .T. ) ;
#1554 = EDGE_CURVE ( 'NONE', #3706, #4925, #2418, .T. ) ;
#1555 = ORIENTED_EDGE ( 'NONE', *, *, #1603, .F. ) ;
#1556 = CARTESIAN_POINT ( 'NONE',  ( -7.999999999999868550, 0.000000000000000000, 13.74999999999998757 ) ) ;
#1557 = AXIS2_PLACEMENT_3D ( 'NONE', #643, #4910, #3975 ) ;
#1558 = CARTESIAN_POINT ( 'NONE',  ( 32.00000000000014211, 0.000000000000000000, 13.74999999999998757 ) ) ;
#1559 = VERTEX_POINT ( 'NONE', #97 ) ;
#1560 = CARTESIAN_POINT ( 'NONE',  ( 32.00000000000014211, 3.000000000000000000, 11.49999999999998579 ) ) ;
#1561 = AXIS2_PLACEMENT_3D ( 'NONE', #1430, #377, #5597 ) ;
#1562 = CARTESIAN_POINT ( 'NONE',  ( -7.999999999999979572, 0.000000000000000000, -20.50000000000001066 ) ) ;
#1563 = CARTESIAN_POINT ( 'NONE',  ( 19.08551248218999419, 3.000000000000000000, 27.00000000000000355 ) ) ;
#1564 = DIRECTION ( 'NONE',  ( -0.000000000000000000, -1.000000000000000000, 0.000000000000000000 ) ) ;
#1565 = DIRECTION ( 'NONE',  ( 0.000000000000000000, 0.000000000000000000, 1.000000000000000000 ) ) ;
#1566 = DIRECTION ( 'NONE',  ( -0.000000000000000000, 1.000000000000000000, -0.000000000000000000 ) ) ;
#1567 = ORIENTED_EDGE ( 'NONE', *, *, #1206, .T. ) ;
#1568 = LINE ( 'NONE', #626, #5894 ) ;
#1569 = ORIENTED_EDGE ( 'NONE', *, *, #1761, .T. ) ;
#1570 = CARTESIAN_POINT ( 'NONE',  ( 40.00000000000013500, 0.000000000000000000, 11.49999999999998579 ) ) ;
#1571 = DIRECTION ( 'NONE',  ( 0.000000000000000000, 0.000000000000000000, -1.000000000000000000 ) ) ;
#1572 = CARTESIAN_POINT ( 'NONE',  ( 32.00000000000008527, 0.000000000000000000, -2.250000000000007994 ) ) ;
#1573 = VERTEX_POINT ( 'NONE', #1572 ) ;
#1574 = ORIENTED_EDGE ( 'NONE', *, *, #2862, .F. ) ;
#1575 = EDGE_CURVE ( 'NONE', #5041, #4397, #2907, .T. ) ;
#1576 = CARTESIAN_POINT ( 'NONE',  ( 41.99999999999996447, 3.000000000000000000, -32.50000000000000711 ) ) ;
#1577 = EDGE_CURVE ( 'NONE', #1581, #5668, #5727, .T. ) ;
#1578 = DIRECTION ( 'NONE',  ( 0.000000000000000000, 0.000000000000000000, 1.000000000000000000 ) ) ;
#1579 = ORIENTED_EDGE ( 'NONE', *, *, #3047, .F. ) ;
#1580 = EDGE_CURVE ( 'NONE', #5627, #1749, #4801, .T. ) ;
#1581 = VERTEX_POINT ( 'NONE', #750 ) ;
#1582 = VECTOR ( 'NONE', #2617, 1000.000000000000000 ) ;
#1583 = CARTESIAN_POINT ( 'NONE',  ( -45.00000000000000000, 2.000000000000000000, 7.500000000000007105 ) ) ;
#1584 = ORIENTED_EDGE ( 'NONE', *, *, #5776, .F. ) ;
#1585 = CARTESIAN_POINT ( 'NONE',  ( -15.99999999999986855, 0.000000000000000000, 11.49999999999998579 ) ) ;
#1586 = EDGE_CURVE ( 'NONE', #4175, #445, #5974, .T. ) ;
#1587 = CARTESIAN_POINT ( 'NONE',  ( -39.00000000000000711, 0.000000000000000000, -25.86449971279399307 ) ) ;
#1588 = DIRECTION ( 'NONE',  ( 0.000000000000000000, 0.000000000000000000, 1.000000000000000000 ) ) ;
#1589 = CARTESIAN_POINT ( 'NONE',  ( 32.00000000000005684, 3.000000000000000000, -12.50000000000001066 ) ) ;
#1590 = AXIS2_PLACEMENT_3D ( 'NONE', #3572, #2608, #2144 ) ;
#1591 = DIRECTION ( 'NONE',  ( 0.000000000000000000, 1.000000000000000000, 0.000000000000000000 ) ) ;
#1592 = DIRECTION ( 'NONE',  ( 0.000000000000000000, 1.000000000000000000, 0.000000000000000000 ) ) ;
#1593 = VERTEX_POINT ( 'NONE', #1719 ) ;
#1594 = DIRECTION ( 'NONE',  ( -0.000000000000000000, 1.000000000000000000, -0.000000000000000000 ) ) ;
#1595 = ORIENTED_EDGE ( 'NONE', *, *, #1697, .F. ) ;
#1596 = CARTESIAN_POINT ( 'NONE',  ( 8.000000000000076383, 0.000000000000000000, -6.750000000000014211 ) ) ;
#1597 = DIRECTION ( 'NONE',  ( 0.000000000000000000, 0.000000000000000000, 1.000000000000000000 ) ) ;
#1598 = DIRECTION ( 'NONE',  ( -0.000000000000000000, -0.000000000000000000, 1.000000000000000000 ) ) ;
#1599 = ORIENTED_EDGE ( 'NONE', *, *, #5996, .T. ) ;
#1600 = ORIENTED_EDGE ( 'NONE', *, *, #5312, .T. ) ;
#1601 = ORIENTED_EDGE ( 'NONE', *, *, #3409, .F. ) ;
#1602 = DIRECTION ( 'NONE',  ( 0.000000000000000000, 0.000000000000000000, 1.000000000000000000 ) ) ;
#1603 = EDGE_CURVE ( 'NONE', #5853, #625, #4079, .T. ) ;
#1604 = AXIS2_PLACEMENT_3D ( 'NONE', #5303, #3980, #5394 ) ;
#1605 = FACE_OUTER_BOUND ( 'NONE', #2136, .T. ) ;
#1606 = VERTEX_POINT ( 'NONE', #2126 ) ;
#1607 = AXIS2_PLACEMENT_3D ( 'NONE', #5086, #4026, #5022 ) ;
#1608 = CIRCLE ( 'NONE', #3299, 2.250000000000002665 ) ;
#1609 = VECTOR ( 'NONE', #2058, 1000.000000000000000 ) ;
#1610 = ORIENTED_EDGE ( 'NONE', *, *, #3222, .T. ) ;
#1611 = CARTESIAN_POINT ( 'NONE',  ( 16.00000000000010303, 0.000000000000000000, 5.749999999999995559 ) ) ;
#1612 = EDGE_LOOP ( 'NONE', ( #4681, #3356, #134, #1125 ) ) ;
#1613 = CARTESIAN_POINT ( 'NONE',  ( 1.110223024625156540E-13, 3.000000000000000000, 5.749999999999995559 ) ) ;
#1614 = EDGE_CURVE ( 'NONE', #3799, #336, #4321, .T. ) ;
#1615 = VECTOR ( 'NONE', #4211, 1000.000000000000000 ) ;
#1616 = FACE_OUTER_BOUND ( 'NONE', #3776, .T. ) ;
#1617 = DIRECTION ( 'NONE',  ( 0.000000000000000000, 0.000000000000000000, 1.000000000000000000 ) ) ;
#1618 = EDGE_CURVE ( 'NONE', #4344, #3448, #5121, .T. ) ;
#1619 = EDGE_CURVE ( 'NONE', #2385, #4418, #657, .T. ) ;
#1620 = ORIENTED_EDGE ( 'NONE', *, *, #157, .T. ) ;
#1621 = DIRECTION ( 'NONE',  ( 0.000000000000000000, 1.000000000000000000, 0.000000000000000000 ) ) ;
#1622 = CIRCLE ( 'NONE', #5090, 2.250000000000001776 ) ;
#1623 = CARTESIAN_POINT ( 'NONE',  ( 8.000000000000047962, 3.000000000000000000, -10.25000000000000888 ) ) ;
#1624 = DIRECTION ( 'NONE',  ( 0.000000000000000000, 0.000000000000000000, 1.000000000000000000 ) ) ;
#1625 = ORIENTED_EDGE ( 'NONE', *, *, #5665, .T. ) ;
#1626 = DIRECTION ( 'NONE',  ( -0.000000000000000000, 1.000000000000000000, -0.000000000000000000 ) ) ;
#1627 = EDGE_CURVE ( 'NONE', #790, #4655, #3232, .T. ) ;
#1628 = ORIENTED_EDGE ( 'NONE', *, *, #4305, .F. ) ;
#1629 = DIRECTION ( 'NONE',  ( 0.000000000000000000, 0.000000000000000000, 1.000000000000000000 ) ) ;
#1630 = CARTESIAN_POINT ( 'NONE',  ( -39.00000000000000711, 7.000000000000000000, -26.99999999999999645 ) ) ;
#1631 = CARTESIAN_POINT ( 'NONE',  ( 40.00000000000007816, 3.000000000000000000, -4.500000000000014211 ) ) ;
#1632 = AXIS2_PLACEMENT_3D ( 'NONE', #795, #3667, #5959 ) ;
#1633 = ORIENTED_EDGE ( 'NONE', *, *, #939, .F. ) ;
#1634 = VERTEX_POINT ( 'NONE', #1203 ) ;
#1635 = ORIENTED_EDGE ( 'NONE', *, *, #3559, .T. ) ;
#1636 = DIRECTION ( 'NONE',  ( 0.000000000000000000, 1.000000000000000000, 0.000000000000000000 ) ) ;
#1637 = AXIS2_PLACEMENT_3D ( 'NONE', #401, #1849, #5179 ) ;
#1638 = VERTEX_POINT ( 'NONE', #2559 ) ;
#1639 = DIRECTION ( 'NONE',  ( -0.000000000000000000, 1.000000000000000000, -0.000000000000000000 ) ) ;
#1640 = ORIENTED_EDGE ( 'NONE', *, *, #4349, .T. ) ;
#1641 = EDGE_LOOP ( 'NONE', ( #1655, #4573, #5160, #4457 ) ) ;
#1642 = VECTOR ( 'NONE', #214, 1000.000000000000000 ) ;
#1643 = DIRECTION ( 'NONE',  ( 0.000000000000000000, 0.000000000000000000, 1.000000000000000000 ) ) ;
#1644 = ORIENTED_EDGE ( 'NONE', *, *, #1441, .F. ) ;
#1645 = DIRECTION ( 'NONE',  ( 0.000000000000000000, 1.000000000000000000, 0.000000000000000000 ) ) ;
#1646 = DIRECTION ( 'NONE',  ( 0.000000000000000000, 0.000000000000000000, 1.000000000000000000 ) ) ;
#1647 = EDGE_CURVE ( 'NONE', #2075, #4230, #5221, .T. ) ;
#1648 = CARTESIAN_POINT ( 'NONE',  ( -39.00000000000000711, 7.000000000000000000, -23.13550028720599627 ) ) ;
#1649 = CIRCLE ( 'NONE', #45, 1.364499712793995734 ) ;
#1650 = ADVANCED_FACE ( 'NONE', ( #2187 ), #6002, .F. ) ;
#1651 = ADVANCED_FACE ( 'NONE', ( #2649 ), #3582, .F. ) ;
#1652 = FACE_BOUND ( 'NONE', #5653, .T. ) ;
#1653 = DIRECTION ( 'NONE',  ( 0.000000000000000000, 0.000000000000000000, 1.000000000000000000 ) ) ;
#1654 = CARTESIAN_POINT ( 'NONE',  ( 1.945645748392105297E-13, 3.000000000000000000, 25.24999999999998579 ) ) ;
#1655 = ORIENTED_EDGE ( 'NONE', *, *, #4844, .F. ) ;
#1656 = AXIS2_PLACEMENT_3D ( 'NONE', #2854, #2295, #5705 ) ;
#1657 = CARTESIAN_POINT ( 'NONE',  ( -15.99999999999981348, 0.000000000000000000, 29.74999999999998934 ) ) ;
#1658 = CARTESIAN_POINT ( 'NONE',  ( 24.00000000000010303, 0.000000000000000000, 5.749999999999995559 ) ) ;
#1659 = AXIS2_PLACEMENT_3D ( 'NONE', #3378, #5091, #956 ) ;
#1660 = EDGE_CURVE ( 'NONE', #1021, #466, #4916, .T. ) ;
#1661 = EDGE_LOOP ( 'NONE', ( #476, #3836 ) ) ;
#1662 =( LENGTH_UNIT ( ) NAMED_UNIT ( * ) SI_UNIT ( .MILLI., .METRE. ) );
#1663 = ORIENTED_EDGE ( 'NONE', *, *, #4002, .T. ) ;
#1664 = DIRECTION ( 'NONE',  ( 0.000000000000000000, 0.000000000000000000, 1.000000000000000000 ) ) ;
#1665 = CARTESIAN_POINT ( 'NONE',  ( 8.000000000000047962, 0.000000000000000000, -12.50000000000001066 ) ) ;
#1666 = EDGE_LOOP ( 'NONE', ( #5760, #5574, #690, #1851, #842, #248, #3057, #307 ) ) ;
#1667 = VERTEX_POINT ( 'NONE', #2618 ) ;
#1668 = AXIS2_PLACEMENT_3D ( 'NONE', #3905, #692, #5885 ) ;
#1669 = ORIENTED_EDGE ( 'NONE', *, *, #6089, .T. ) ;
#1670 = EDGE_CURVE ( 'NONE', #1943, #4494, #4816, .T. ) ;
#1671 = CARTESIAN_POINT ( 'NONE',  ( 40.00000000000018474, 3.000000000000000000, 29.74999999999998934 ) ) ;
#1672 = ORIENTED_EDGE ( 'NONE', *, *, #3895, .T. ) ;
#1673 = CARTESIAN_POINT ( 'NONE',  ( -45.00000000000000000, 3.000000000000000000, 29.50000000000000355 ) ) ;
#1674 = CARTESIAN_POINT ( 'NONE',  ( -7.999999999999812594, 0.000000000000000000, 29.74999999999998934 ) ) ;
#1675 = ORIENTED_EDGE ( 'NONE', *, *, #3289, .T. ) ;
#1676 = DIRECTION ( 'NONE',  ( -0.000000000000000000, 1.000000000000000000, -0.000000000000000000 ) ) ;
#1677 = FACE_BOUND ( 'NONE', #3805, .T. ) ;
#1678 = AXIS2_PLACEMENT_3D ( 'NONE', #1315, #1932, #5738 ) ;
#1679 = DIRECTION ( 'NONE',  ( 0.000000000000000000, 0.000000000000000000, 1.000000000000000000 ) ) ;
#1680 = DIRECTION ( 'NONE',  ( -0.000000000000000000, 1.000000000000000000, -0.000000000000000000 ) ) ;
#1681 = CIRCLE ( 'NONE', #5768, 2.250000000000001776 ) ;
#1682 = DIRECTION ( 'NONE',  ( 0.000000000000000000, 1.000000000000000000, 0.000000000000000000 ) ) ;
#1683 = EDGE_CURVE ( 'NONE', #99, #2238, #1945, .T. ) ;
#1684 = FACE_OUTER_BOUND ( 'NONE', #1863, .T. ) ;
#1685 = DIRECTION ( 'NONE',  ( -0.000000000000000000, 1.000000000000000000, -0.000000000000000000 ) ) ;
#1686 = DIRECTION ( 'NONE',  ( 0.000000000000000000, 1.000000000000000000, 0.000000000000000000 ) ) ;
#1687 = CIRCLE ( 'NONE', #4462, 2.250000000000001776 ) ;
#1688 = FACE_OUTER_BOUND ( 'NONE', #4984, .T. ) ;
#1689 = DIRECTION ( 'NONE',  ( 0.000000000000000000, 1.000000000000000000, 0.000000000000000000 ) ) ;
#1690 = CIRCLE ( 'NONE', #5678, 2.250000000000001776 ) ;
#1691 = CARTESIAN_POINT ( 'NONE',  ( 16.00000000000010303, 0.000000000000000000, 3.499999999999992895 ) ) ;
#1692 = ORIENTED_EDGE ( 'NONE', *, *, #4257, .T. ) ;
#1693 = CYLINDRICAL_SURFACE ( 'NONE', #2277, 2.250000000000001776 ) ;
#1694 = CARTESIAN_POINT ( 'NONE',  ( -7.999999999999812594, 3.000000000000000000, 27.49999999999998579 ) ) ;
#1695 = VERTEX_POINT ( 'NONE', #5521 ) ;
#1696 = ORIENTED_EDGE ( 'NONE', *, *, #2944, .F. ) ;
#1697 = EDGE_CURVE ( 'NONE', #5206, #5620, #37, .T. ) ;
#1698 = CARTESIAN_POINT ( 'NONE',  ( -39.00000000000000711, 7.000000000000000000, 22.00000000000000355 ) ) ;
#1699 = ORIENTED_EDGE ( 'NONE', *, *, #620, .T. ) ;
#1700 = ADVANCED_FACE ( 'NONE', ( #4424 ), #154, .F. ) ;
#1701 = DIRECTION ( 'NONE',  ( 0.000000000000000000, 0.000000000000000000, 1.000000000000000000 ) ) ;
#1702 = LINE ( 'NONE', #3187, #3590 ) ;
#1703 = ORIENTED_EDGE ( 'NONE', *, *, #3184, .F. ) ;
#1704 = VECTOR ( 'NONE', #3673, 1000.000000000000000 ) ;
#1705 = DIRECTION ( 'NONE',  ( -0.000000000000000000, 1.000000000000000000, -0.000000000000000000 ) ) ;
#1706 = CIRCLE ( 'NONE', #2506, 2.250000000000001776 ) ;
#1707 = FACE_BOUND ( 'NONE', #1818, .T. ) ;
#1708 = DIRECTION ( 'NONE',  ( 0.000000000000000000, 0.000000000000000000, 1.000000000000000000 ) ) ;
#1709 = CARTESIAN_POINT ( 'NONE',  ( -24.99999999999999645, 2.000000000000000000, 7.500000000000007105 ) ) ;
#1710 = DIRECTION ( 'NONE',  ( 0.000000000000000000, 0.000000000000000000, 1.000000000000000000 ) ) ;
#1711 = CARTESIAN_POINT ( 'NONE',  ( -7.999999999999868550, 0.000000000000000000, 9.249999999999984013 ) ) ;
#1712 = DIRECTION ( 'NONE',  ( 0.000000000000000000, 1.000000000000000000, 0.000000000000000000 ) ) ;
#1713 = DIRECTION ( 'NONE',  ( 0.000000000000000000, 0.000000000000000000, 1.000000000000000000 ) ) ;
#1714 = CYLINDRICAL_SURFACE ( 'NONE', #3091, 2.250000000000002665 ) ;
#1715 = AXIS2_PLACEMENT_3D ( 'NONE', #5051, #3257, #787 ) ;
#1716 = ORIENTED_EDGE ( 'NONE', *, *, #4566, .T. ) ;
#1717 = CYLINDRICAL_SURFACE ( 'NONE', #128, 2.250000000000001776 ) ;
#1718 = DIRECTION ( 'NONE',  ( 0.000000000000000000, 0.000000000000000000, 1.000000000000000000 ) ) ;
#1719 = CARTESIAN_POINT ( 'NONE',  ( -7.999999999999840128, 0.000000000000000000, 21.74999999999999645 ) ) ;
#1720 = ORIENTED_EDGE ( 'NONE', *, *, #2174, .F. ) ;
#1721 = ORIENTED_EDGE ( 'NONE', *, *, #4692, .T. ) ;
#1722 = AXIS2_PLACEMENT_3D ( 'NONE', #1691, #1201, #3212 ) ;
#1723 = DIRECTION ( 'NONE',  ( 0.000000000000000000, 1.000000000000000000, 0.000000000000000000 ) ) ;
#1724 = CIRCLE ( 'NONE', #2522, 2.250000000000001776 ) ;
#1725 = EDGE_CURVE ( 'NONE', #1949, #5302, #5881, .T. ) ;
#1726 = EDGE_CURVE ( 'NONE', #1423, #424, #2339, .T. ) ;
#1727 = DIRECTION ( 'NONE',  ( 0.000000000000000000, 0.000000000000000000, 1.000000000000000000 ) ) ;
#1728 = ORIENTED_EDGE ( 'NONE', *, *, #1554, .F. ) ;
#1729 = CARTESIAN_POINT ( 'NONE',  ( 32.00000000000017053, 3.000000000000000000, 17.24999999999998934 ) ) ;
#1730 = FACE_BOUND ( 'NONE', #5830, .T. ) ;
#1731 = CYLINDRICAL_SURFACE ( 'NONE', #5855, 2.250000000000002665 ) ;
#1732 = EDGE_CURVE ( 'NONE', #3735, #4725, #3056, .T. ) ;
#1733 = DIRECTION ( 'NONE',  ( -0.000000000000000000, 1.000000000000000000, -0.000000000000000000 ) ) ;
#1734 = AXIS2_PLACEMENT_3D ( 'NONE', #4020, #4923, #5940 ) ;
#1735 = FACE_BOUND ( 'NONE', #2530, .T. ) ;
#1736 = LINE ( 'NONE', #3633, #3254 ) ;
#1737 = ORIENTED_EDGE ( 'NONE', *, *, #2070, .F. ) ;
#1738 = CARTESIAN_POINT ( 'NONE',  ( -41.99999999999999289, 0.000000000000000000, -29.50000000000000000 ) ) ;
#1739 = CARTESIAN_POINT ( 'NONE',  ( -23.99999999999984013, 0.000000000000000000, 19.49999999999999289 ) ) ;
#1740 = CARTESIAN_POINT ( 'NONE',  ( -39.99999999999987210, 0.000000000000000000, 11.49999999999998579 ) ) ;
#1741 = VERTEX_POINT ( 'NONE', #917 ) ;
#1742 = ORIENTED_EDGE ( 'NONE', *, *, #3992, .F. ) ;
#1743 = CARTESIAN_POINT ( 'NONE',  ( -8.000000000000007105, 0.000000000000000000, -28.50000000000001066 ) ) ;
#1744 = EDGE_LOOP ( 'NONE', ( #4054, #1261, #5328, #808 ) ) ;
#1745 = DIRECTION ( 'NONE',  ( 0.000000000000000000, 0.000000000000000000, 1.000000000000000000 ) ) ;
#1746 = CARTESIAN_POINT ( 'NONE',  ( 24.00000000000007816, 0.000000000000000000, -4.500000000000010658 ) ) ;
#1747 = AXIS2_PLACEMENT_3D ( 'NONE', #875, #3798, #971 ) ;
#1748 = ORIENTED_EDGE ( 'NONE', *, *, #4159, .T. ) ;
#1749 = VERTEX_POINT ( 'NONE', #1355 ) ;
#1750 = CIRCLE ( 'NONE', #5235, 2.250000000000001776 ) ;
#1751 = AXIS2_PLACEMENT_3D ( 'NONE', #314, #5085, #4710 ) ;
#1752 = LINE ( 'NONE', #3218, #967 ) ;
#1753 = ORIENTED_EDGE ( 'NONE', *, *, #6081, .F. ) ;
#1754 = CIRCLE ( 'NONE', #4238, 2.250000000000001776 ) ;
#1755 = AXIS2_PLACEMENT_3D ( 'NONE', #3877, #2693, #4121 ) ;
#1756 = DIRECTION ( 'NONE',  ( 0.000000000000000000, 0.000000000000000000, 1.000000000000000000 ) ) ;
#1757 = CYLINDRICAL_SURFACE ( 'NONE', #2248, 2.250000000000002665 ) ;
#1758 = EDGE_CURVE ( 'NONE', #3461, #2005, #2651, .T. ) ;
#1759 = FACE_OUTER_BOUND ( 'NONE', #688, .T. ) ;
#1760 = ORIENTED_EDGE ( 'NONE', *, *, #4463, .T. ) ;
#1761 = EDGE_CURVE ( 'NONE', #6130, #1065, #3537, .T. ) ;
#1762 = DIRECTION ( 'NONE',  ( 0.000000000000000000, 1.000000000000000000, 0.000000000000000000 ) ) ;
#1763 = FACE_BOUND ( 'NONE', #6192, .T. ) ;
#1764 = CARTESIAN_POINT ( 'NONE',  ( -7.999999999999952038, 0.000000000000000000, -14.75000000000001243 ) ) ;
#1765 = EDGE_CURVE ( 'NONE', #2308, #53, #4702, .T. ) ;
#1766 = DIRECTION ( 'NONE',  ( -0.000000000000000000, 1.000000000000000000, -0.000000000000000000 ) ) ;
#1767 = CARTESIAN_POINT ( 'NONE',  ( -39.00000000000000711, 0.000000000000000000, -25.86449971279399307 ) ) ;
#1768 = EDGE_CURVE ( 'NONE', #6163, #3405, #334, .T. ) ;
#1769 = FACE_OUTER_BOUND ( 'NONE', #4247, .T. ) ;
#1770 = ORIENTED_EDGE ( 'NONE', *, *, #5228, .T. ) ;
#1771 = LINE ( 'NONE', #5036, #72 ) ;
#1772 = CARTESIAN_POINT ( 'NONE',  ( -39.00000000000000711, 7.000000000000000000, -21.99999999999999289 ) ) ;
#1773 = AXIS2_PLACEMENT_3D ( 'NONE', #3489, #2009, #183 ) ;
#1774 = VECTOR ( 'NONE', #3606, 1000.000000000000000 ) ;
#1775 = CARTESIAN_POINT ( 'NONE',  ( 16.00000000000004974, 0.000000000000000000, -14.75000000000001243 ) ) ;
#1776 = AXIS2_PLACEMENT_3D ( 'NONE', #2545, #5801, #4879 ) ;
#1777 = VERTEX_POINT ( 'NONE', #5554 ) ;
#1778 = VERTEX_POINT ( 'NONE', #2774 ) ;
#1779 = CARTESIAN_POINT ( 'NONE',  ( -7.999999999999952038, 3.000000000000000000, -12.50000000000001066 ) ) ;
#1780 = VECTOR ( 'NONE', #5272, 1000.000000000000000 ) ;
#1781 = DIRECTION ( 'NONE',  ( -0.000000000000000000, 1.000000000000000000, -0.000000000000000000 ) ) ;
#1782 = DIRECTION ( 'NONE',  ( 0.000000000000000000, 1.000000000000000000, 0.000000000000000000 ) ) ;
#1783 = ORIENTED_EDGE ( 'NONE', *, *, #836, .F. ) ;
#1784 = ORIENTED_EDGE ( 'NONE', *, *, #2635, .T. ) ;
#1785 = DIRECTION ( 'NONE',  ( 0.000000000000000000, 1.000000000000000000, 0.000000000000000000 ) ) ;
#1786 = AXIS2_PLACEMENT_3D ( 'NONE', #4894, #95, #4950 ) ;
#1787 = VERTEX_POINT ( 'NONE', #4107 ) ;
#1788 = CARTESIAN_POINT ( 'NONE',  ( -31.99999999999984013, 0.000000000000000000, 17.24999999999998934 ) ) ;
#1789 = DIRECTION ( 'NONE',  ( 0.000000000000000000, 0.000000000000000000, 1.000000000000000000 ) ) ;
#1790 = CARTESIAN_POINT ( 'NONE',  ( 16.00000000000004974, 0.000000000000000000, -12.50000000000001066 ) ) ;
#1791 = ORIENTED_EDGE ( 'NONE', *, *, #696, .T. ) ;
#1792 = ADVANCED_FACE ( 'NONE', ( #5109 ), #3680, .T. ) ;
#1793 = ORIENTED_EDGE ( 'NONE', *, *, #3939, .T. ) ;
#1794 = EDGE_LOOP ( 'NONE', ( #4021, #3883, #1245, #2885 ) ) ;
#1795 = VERTEX_POINT ( 'NONE', #4572 ) ;
#1796 = FACE_BOUND ( 'NONE', #2351, .T. ) ;
#1797 = FACE_OUTER_BOUND ( 'NONE', #1794, .T. ) ;
#1798 = CARTESIAN_POINT ( 'NONE',  ( -23.99999999999981171, 0.000000000000000000, 27.49999999999998579 ) ) ;
#1799 = ORIENTED_EDGE ( 'NONE', *, *, #2447, .F. ) ;
#1800 = FACE_BOUND ( 'NONE', #3231, .T. ) ;
#1801 = VECTOR ( 'NONE', #3609, 1000.000000000000000 ) ;
#1802 = EDGE_CURVE ( 'NONE', #6125, #4698, #1960, .T. ) ;
#1803 = DIRECTION ( 'NONE',  ( 0.000000000000000000, 0.000000000000000000, 1.000000000000000000 ) ) ;
#1804 = ORIENTED_EDGE ( 'NONE', *, *, #727, .T. ) ;
#1805 = CARTESIAN_POINT ( 'NONE',  ( 40.00000000000004974, 0.000000000000000000, -14.75000000000001599 ) ) ;
#1806 = EDGE_CURVE ( 'NONE', #6163, #6006, #3748, .T. ) ;
#1807 = CARTESIAN_POINT ( 'NONE',  ( -31.99999999999995381, 0.000000000000000000, -10.25000000000000888 ) ) ;
#1808 = DIRECTION ( 'NONE',  ( 0.000000000000000000, 1.000000000000000000, 0.000000000000000000 ) ) ;
#1809 = CIRCLE ( 'NONE', #4577, 2.250000000000002665 ) ;
#1810 = AXIS2_PLACEMENT_3D ( 'NONE', #2638, #1566, #3454 ) ;
#1811 = ORIENTED_EDGE ( 'NONE', *, *, #4281, .F. ) ;
#1812 = VERTEX_POINT ( 'NONE', #2312 ) ;
#1813 = CARTESIAN_POINT ( 'NONE',  ( 32.00000000000000000, 3.000000000000000000, -30.75000000000001421 ) ) ;
#1814 = VERTEX_POINT ( 'NONE', #3737 ) ;
#1815 = CYLINDRICAL_SURFACE ( 'NONE', #1196, 2.250000000000001776 ) ;
#1816 = CARTESIAN_POINT ( 'NONE',  ( 8.000000000000021316, 3.000000000000000000, -20.50000000000001066 ) ) ;
#1817 = ORIENTED_EDGE ( 'NONE', *, *, #2292, .F. ) ;
#1818 = EDGE_LOOP ( 'NONE', ( #2042, #4259 ) ) ;
#1819 = CARTESIAN_POINT ( 'NONE',  ( 8.000000000000021316, 0.000000000000000000, -20.50000000000001066 ) ) ;
#1820 = AXIS2_PLACEMENT_3D ( 'NONE', #2684, #4579, #313 ) ;
#1821 = ADVANCED_FACE ( 'NONE', ( #6129 ), #2740, .F. ) ;
#1822 = EDGE_LOOP ( 'NONE', ( #3484, #4167, #4081, #4393 ) ) ;
#1823 = AXIS2_PLACEMENT_3D ( 'NONE', #3672, #3729, #1840 ) ;
#1824 = DIRECTION ( 'NONE',  ( -0.000000000000000000, 1.000000000000000000, -0.000000000000000000 ) ) ;
#1825 = FACE_OUTER_BOUND ( 'NONE', #185, .T. ) ;
#1826 = VECTOR ( 'NONE', #3051, 1000.000000000000000 ) ;
#1827 = VERTEX_POINT ( 'NONE', #847 ) ;
#1828 = ORIENTED_EDGE ( 'NONE', *, *, #2918, .F. ) ;
#1829 = ORIENTED_EDGE ( 'NONE', *, *, #859, .F. ) ;
#1830 = ORIENTED_EDGE ( 'NONE', *, *, #2329, .F. ) ;
#1831 = DIRECTION ( 'NONE',  ( 0.000000000000000000, 0.000000000000000000, 1.000000000000000000 ) ) ;
#1832 = CARTESIAN_POINT ( 'NONE',  ( 1.942890293094023946E-13, 0.000000000000000000, 27.49999999999998579 ) ) ;
#1833 = VERTEX_POINT ( 'NONE', #4604 ) ;
#1834 = CIRCLE ( 'NONE', #4012, 2.250000000000001776 ) ;
#1835 = FACE_BOUND ( 'NONE', #2807, .T. ) ;
#1836 = DIRECTION ( 'NONE',  ( -0.000000000000000000, -1.000000000000000000, -0.000000000000000000 ) ) ;
#1837 = EDGE_LOOP ( 'NONE', ( #410, #5874 ) ) ;
#1838 = EDGE_CURVE ( 'NONE', #628, #6073, #972, .T. ) ;
#1839 = DIRECTION ( 'NONE',  ( 0.000000000000000000, 1.000000000000000000, 0.000000000000000000 ) ) ;
#1840 = DIRECTION ( 'NONE',  ( 0.000000000000000000, 0.000000000000000000, 1.000000000000000000 ) ) ;
#1841 = DIRECTION ( 'NONE',  ( 0.000000000000000000, 1.000000000000000000, 0.000000000000000000 ) ) ;
#1842 = EDGE_CURVE ( 'NONE', #3354, #4631, #564, .T. ) ;
#1843 = EDGE_CURVE ( 'NONE', #484, #2402, #2279, .T. ) ;
#1844 = EDGE_LOOP ( 'NONE', ( #4517, #3385 ) ) ;
#1845 = ORIENTED_EDGE ( 'NONE', *, *, #232, .T. ) ;
#1846 = DIRECTION ( 'NONE',  ( -0.000000000000000000, 1.000000000000000000, -0.000000000000000000 ) ) ;
#1847 = ORIENTED_EDGE ( 'NONE', *, *, #3437, .T. ) ;
#1848 = DIRECTION ( 'NONE',  ( 0.000000000000000000, 1.000000000000000000, 0.000000000000000000 ) ) ;
#1849 = DIRECTION ( 'NONE',  ( 0.000000000000000000, 1.000000000000000000, 0.000000000000000000 ) ) ;
#1850 = ORIENTED_EDGE ( 'NONE', *, *, #1107, .T. ) ;
#1851 = ORIENTED_EDGE ( 'NONE', *, *, #859, .T. ) ;
#1852 = DIRECTION ( 'NONE',  ( 0.000000000000000000, 1.000000000000000000, 0.000000000000000000 ) ) ;
#1853 = EDGE_CURVE ( 'NONE', #4230, #2075, #759, .T. ) ;
#1854 = EDGE_LOOP ( 'NONE', ( #2166, #1753, #463, #1721 ) ) ;
#1855 = DIRECTION ( 'NONE',  ( 0.000000000000000000, 1.000000000000000000, 0.000000000000000000 ) ) ;
#1856 = FACE_OUTER_BOUND ( 'NONE', #5447, .T. ) ;
#1857 = DIRECTION ( 'NONE',  ( 0.000000000000000000, 1.000000000000000000, 0.000000000000000000 ) ) ;
#1858 = EDGE_CURVE ( 'NONE', #1110, #5107, #4530, .T. ) ;
#1859 = EDGE_LOOP ( 'NONE', ( #3566, #4621, #5291, #4878 ) ) ;
#1860 = CIRCLE ( 'NONE', #1436, 2.250000000000001776 ) ;
#1861 = VECTOR ( 'NONE', #3191, 1000.000000000000000 ) ;
#1862 = AXIS2_PLACEMENT_3D ( 'NONE', #2547, #2958, #5357 ) ;
#1863 = EDGE_LOOP ( 'NONE', ( #371, #3689, #1295, #1264 ) ) ;
#1864 = EDGE_LOOP ( 'NONE', ( #5590, #2287, #666, #5899 ) ) ;
#1865 = CARTESIAN_POINT ( 'NONE',  ( 24.00000000000013145, 0.000000000000000000, 13.74999999999998757 ) ) ;
#1866 = CIRCLE ( 'NONE', #1367, 2.250000000000001776 ) ;
#1867 = CYLINDRICAL_SURFACE ( 'NONE', #3317, 2.250000000000001776 ) ;
#1868 = ORIENTED_EDGE ( 'NONE', *, *, #2759, .F. ) ;
#1869 = FACE_BOUND ( 'NONE', #4261, .T. ) ;
#1870 = CARTESIAN_POINT ( 'NONE',  ( 1.942890293094023946E-13, 0.000000000000000000, 27.49999999999998579 ) ) ;
#1871 = ORIENTED_EDGE ( 'NONE', *, *, #6038, .T. ) ;
#1872 = DIRECTION ( 'NONE',  ( 0.000000000000000000, 0.000000000000000000, 1.000000000000000000 ) ) ;
#1873 = LINE ( 'NONE', #1807, #56 ) ;
#1874 = CYLINDRICAL_SURFACE ( 'NONE', #3240, 2.250000000000001776 ) ;
#1875 = EDGE_CURVE ( 'NONE', #4494, #1943, #1270, .T. ) ;
#1876 = VERTEX_POINT ( 'NONE', #304 ) ;
#1877 = ORIENTED_EDGE ( 'NONE', *, *, #3320, .T. ) ;
#1878 = AXIS2_PLACEMENT_3D ( 'NONE', #1406, #3817, #997 ) ;
#1879 = FACE_OUTER_BOUND ( 'NONE', #2979, .T. ) ;
#1880 = ORIENTED_EDGE ( 'NONE', *, *, #2034, .F. ) ;
#1881 = DIRECTION ( 'NONE',  ( 0.000000000000000000, 1.000000000000000000, 0.000000000000000000 ) ) ;
#1882 = CARTESIAN_POINT ( 'NONE',  ( 8.000000000000076383, 0.000000000000000000, -6.750000000000014211 ) ) ;
#1883 = EDGE_LOOP ( 'NONE', ( #1799, #4468, #3739, #3893 ) ) ;
#1884 = ORIENTED_EDGE ( 'NONE', *, *, #5159, .F. ) ;
#1885 = CYLINDRICAL_SURFACE ( 'NONE', #2793, 2.250000000000002665 ) ;
#1886 = ORIENTED_EDGE ( 'NONE', *, *, #2976, .F. ) ;
#1887 = DIRECTION ( 'NONE',  ( 0.000000000000000000, 0.000000000000000000, 1.000000000000000000 ) ) ;
#1888 = FACE_OUTER_BOUND ( 'NONE', #5690, .T. ) ;
#1889 = DIRECTION ( 'NONE',  ( 0.000000000000000000, 0.000000000000000000, 1.000000000000000000 ) ) ;
#1890 = EDGE_CURVE ( 'NONE', #3009, #5805, #5316, .T. ) ;
#1891 = VECTOR ( 'NONE', #560, 1000.000000000000000 ) ;
#1892 = EDGE_LOOP ( 'NONE', ( #4128, #2650, #2588, #3875 ) ) ;
#1893 = ADVANCED_FACE ( 'NONE', ( #2806 ), #434, .F. ) ;
#1894 = EDGE_CURVE ( 'NONE', #4925, #849, #5410, .T. ) ;
#1895 = CIRCLE ( 'NONE', #3671, 2.250000000000001776 ) ;
#1896 = VERTEX_POINT ( 'NONE', #2468 ) ;
#1897 = DIRECTION ( 'NONE',  ( 0.000000000000000000, 1.000000000000000000, 0.000000000000000000 ) ) ;
#1898 = LINE ( 'NONE', #387, #5024 ) ;
#1899 = EDGE_CURVE ( 'NONE', #195, #2972, #5811, .T. ) ;
#1900 = ORIENTED_EDGE ( 'NONE', *, *, #2824, .F. ) ;
#1901 = FACE_BOUND ( 'NONE', #3337, .T. ) ;
#1902 = ORIENTED_EDGE ( 'NONE', *, *, #2149, .T. ) ;
#1903 = LINE ( 'NONE', #5264, #4853 ) ;
#1904 = CARTESIAN_POINT ( 'NONE',  ( -32.00000000000000000, 3.000000000000000000, -30.75000000000001066 ) ) ;
#1905 = CARTESIAN_POINT ( 'NONE',  ( -31.99999999999997868, 0.000000000000000000, -18.25000000000001066 ) ) ;
#1906 = CARTESIAN_POINT ( 'NONE',  ( -45.00000000000000000, 3.000000000000000000, 7.500000000000007105 ) ) ;
#1907 = ORIENTED_EDGE ( 'NONE', *, *, #3656, .F. ) ;
#1908 = DIRECTION ( 'NONE',  ( 1.000000000000000000, 0.000000000000000000, -1.541976423090495387E-16 ) ) ;
#1909 = DIRECTION ( 'NONE',  ( 0.000000000000000000, 0.000000000000000000, 1.000000000000000000 ) ) ;
#1910 = EDGE_LOOP ( 'NONE', ( #2489, #2610, #5371, #5145 ) ) ;
#1911 = ORIENTED_EDGE ( 'NONE', *, *, #832, .F. ) ;
#1912 = AXIS2_PLACEMENT_3D ( 'NONE', #4146, #3223, #1335 ) ;
#1913 = CIRCLE ( 'NONE', #804, 2.250000000000001776 ) ;
#1914 = DIRECTION ( 'NONE',  ( -0.000000000000000000, 1.000000000000000000, -0.000000000000000000 ) ) ;
#1915 = ORIENTED_EDGE ( 'NONE', *, *, #1398, .T. ) ;
#1916 = DIRECTION ( 'NONE',  ( 0.000000000000000000, 1.000000000000000000, 0.000000000000000000 ) ) ;
#1917 = DIRECTION ( 'NONE',  ( 0.000000000000000000, 0.000000000000000000, 1.000000000000000000 ) ) ;
#1918 = CARTESIAN_POINT ( 'NONE',  ( -24.99999999999999645, 2.000000000000000000, 7.500000000000007105 ) ) ;
#1919 = ORIENTED_EDGE ( 'NONE', *, *, #5846, .T. ) ;
#1920 = CARTESIAN_POINT ( 'NONE',  ( 16.00000000000010303, 0.000000000000000000, 1.249999999999989786 ) ) ;
#1921 = EDGE_CURVE ( 'NONE', #1474, #445, #2038, .T. ) ;
#1922 = EDGE_CURVE ( 'NONE', #532, #2667, #4359, .T. ) ;
#1923 = CIRCLE ( 'NONE', #2910, 2.500000000000002220 ) ;
#1924 = CARTESIAN_POINT ( 'NONE',  ( -45.00000000000000000, 3.000000000000000000, 7.500000000000007105 ) ) ;
#1925 = EDGE_LOOP ( 'NONE', ( #384, #4282, #1699, #4632 ) ) ;
#1926 = CIRCLE ( 'NONE', #823, 2.250000000000001776 ) ;
#1927 = DIRECTION ( 'NONE',  ( 0.000000000000000000, 1.000000000000000000, 0.000000000000000000 ) ) ;
#1928 = ORIENTED_EDGE ( 'NONE', *, *, #618, .T. ) ;
#1929 = FACE_BOUND ( 'NONE', #529, .T. ) ;
#1930 = CIRCLE ( 'NONE', #2613, 2.250000000000002665 ) ;
#1931 = ORIENTED_EDGE ( 'NONE', *, *, #1875, .F. ) ;
#1932 = DIRECTION ( 'NONE',  ( -0.000000000000000000, 1.000000000000000000, -0.000000000000000000 ) ) ;
#1933 = EDGE_CURVE ( 'NONE', #1787, #1896, #733, .T. ) ;
#1934 = DIRECTION ( 'NONE',  ( 0.000000000000000000, 0.000000000000000000, 1.000000000000000000 ) ) ;
#1935 = CARTESIAN_POINT ( 'NONE',  ( -16.00000000000000711, 0.000000000000000000, -30.75000000000001421 ) ) ;
#1936 = EDGE_LOOP ( 'NONE', ( #2498, #1817, #3563, #5189 ) ) ;
#1937 = ORIENTED_EDGE ( 'NONE', *, *, #6045, .T. ) ;
#1938 = DIRECTION ( 'NONE',  ( 0.000000000000000000, 0.000000000000000000, 1.000000000000000000 ) ) ;
#1939 = DIRECTION ( 'NONE',  ( -0.000000000000000000, 1.000000000000000000, -0.000000000000000000 ) ) ;
#1940 = DIRECTION ( 'NONE',  ( 0.000000000000000000, 1.000000000000000000, 0.000000000000000000 ) ) ;
#1941 = EDGE_LOOP ( 'NONE', ( #3720, #1483, #720, #5911 ) ) ;
#1942 = CARTESIAN_POINT ( 'NONE',  ( -7.999999999999896083, 3.000000000000000000, 1.249999999999989786 ) ) ;
#1943 = VERTEX_POINT ( 'NONE', #2003 ) ;
#1944 = CARTESIAN_POINT ( 'NONE',  ( -7.999999999999979572, 3.000000000000000000, -22.75000000000001421 ) ) ;
#1945 = CIRCLE ( 'NONE', #542, 2.250000000000002665 ) ;
#1946 = DIRECTION ( 'NONE',  ( -0.000000000000000000, 1.000000000000000000, -0.000000000000000000 ) ) ;
#1947 = DIRECTION ( 'NONE',  ( 0.000000000000000000, 1.000000000000000000, 0.000000000000000000 ) ) ;
#1948 = ADVANCED_FACE ( 'NONE', ( #3865 ), #2868, .F. ) ;
#1949 = VERTEX_POINT ( 'NONE', #3892 ) ;
#1950 = LINE ( 'NONE', #2446, #3252 ) ;
#1951 = VECTOR ( 'NONE', #1503, 1000.000000000000000 ) ;
#1952 = EDGE_CURVE ( 'NONE', #6131, #4682, #3803, .T. ) ;
#1953 = AXIS2_PLACEMENT_3D ( 'NONE', #4663, #395, #5174 ) ;
#1954 = DIRECTION ( 'NONE',  ( -0.000000000000000000, 1.000000000000000000, -0.000000000000000000 ) ) ;
#1955 = EDGE_LOOP ( 'NONE', ( #397, #2036, #4199, #1013 ) ) ;
#1956 = AXIS2_PLACEMENT_3D ( 'NONE', #1562, #2025, #1130 ) ;
#1957 = CIRCLE ( 'NONE', #5440, 2.250000000000001776 ) ;
#1958 = ORIENTED_EDGE ( 'NONE', *, *, #856, .F. ) ;
#1959 = DIRECTION ( 'NONE',  ( 0.000000000000000000, 1.000000000000000000, 0.000000000000000000 ) ) ;
#1960 = CIRCLE ( 'NONE', #2852, 2.250000000000001776 ) ;
#1961 = AXIS2_PLACEMENT_3D ( 'NONE', #3531, #5446, #3128 ) ;
#1962 = VECTOR ( 'NONE', #2941, 1000.000000000000000 ) ;
#1963 = DIRECTION ( 'NONE',  ( 0.000000000000000000, 1.000000000000000000, 0.000000000000000000 ) ) ;
#1964 = EDGE_LOOP ( 'NONE', ( #3455, #6025, #4357, #2033 ) ) ;
#1965 = CARTESIAN_POINT ( 'NONE',  ( -31.99999999999986855, 3.000000000000000000, 11.49999999999998579 ) ) ;
#1966 = EDGE_CURVE ( 'NONE', #186, #6119, #5110, .T. ) ;
#1967 = CARTESIAN_POINT ( 'NONE',  ( 16.00000000000013145, 0.000000000000000000, 11.49999999999998579 ) ) ;
#1968 = LINE ( 'NONE', #5358, #4028 ) ;
#1969 = EDGE_CURVE ( 'NONE', #2541, #1998, #1834, .T. ) ;
#1970 = CARTESIAN_POINT ( 'NONE',  ( 32.00000000000011369, 3.000000000000000000, 1.249999999999989786 ) ) ;
#1971 = EDGE_LOOP ( 'NONE', ( #5393, #4664 ) ) ;
#1972 = DIRECTION ( 'NONE',  ( 0.000000000000000000, 0.000000000000000000, 1.000000000000000000 ) ) ;
#1973 = VECTOR ( 'NONE', #4848, 1000.000000000000000 ) ;
#1974 = DIRECTION ( 'NONE',  ( 0.000000000000000000, 1.000000000000000000, 0.000000000000000000 ) ) ;
#1975 = ORIENTED_EDGE ( 'NONE', *, *, #4932, .T. ) ;
#1976 = CARTESIAN_POINT ( 'NONE',  ( -31.99999999999986855, 0.000000000000000000, 9.249999999999984013 ) ) ;
#1977 = ORIENTED_EDGE ( 'NONE', *, *, #982, .T. ) ;
#1978 = DIRECTION ( 'NONE',  ( -0.000000000000000000, 1.000000000000000000, -0.000000000000000000 ) ) ;
#1979 = LINE ( 'NONE', #535, #1524 ) ;
#1980 = CARTESIAN_POINT ( 'NONE',  ( -15.99999999999997868, 0.000000000000000000, -20.50000000000001066 ) ) ;
#1981 = ORIENTED_EDGE ( 'NONE', *, *, #2447, .T. ) ;
#1982 = CIRCLE ( 'NONE', #3954, 2.999999999999999112 ) ;
#1983 = CARTESIAN_POINT ( 'NONE',  ( -15.99999999999995204, 0.000000000000000000, -12.50000000000001066 ) ) ;
#1984 = AXIS2_PLACEMENT_3D ( 'NONE', #749, #5045, #6028 ) ;
#1985 = AXIS2_PLACEMENT_3D ( 'NONE', #1160, #175, #1074 ) ;
#1986 = DIRECTION ( 'NONE',  ( 0.000000000000000000, 0.000000000000000000, 1.000000000000000000 ) ) ;
#1987 = ORIENTED_EDGE ( 'NONE', *, *, #2987, .T. ) ;
#1988 = AXIS2_PLACEMENT_3D ( 'NONE', #1570, #4365, #598 ) ;
#1989 = VERTEX_POINT ( 'NONE', #978 ) ;
#1990 = DIRECTION ( 'NONE',  ( -0.000000000000000000, 1.000000000000000000, -0.000000000000000000 ) ) ;
#1991 = DIRECTION ( 'NONE',  ( 0.000000000000000000, 0.000000000000000000, 1.000000000000000000 ) ) ;
#1992 = ORIENTED_EDGE ( 'NONE', *, *, #417, .F. ) ;
#1993 = FACE_BOUND ( 'NONE', #5545, .T. ) ;
#1994 = DIRECTION ( 'NONE',  ( -0.000000000000000000, -1.000000000000000000, -0.000000000000000000 ) ) ;
#1995 = EDGE_CURVE ( 'NONE', #955, #2580, #5625, .T. ) ;
#1996 = CARTESIAN_POINT ( 'NONE',  ( 8.000000000000021316, 0.000000000000000000, -20.50000000000001066 ) ) ;
#1997 = EDGE_CURVE ( 'NONE', #28, #249, #1052, .T. ) ;
#1998 = VERTEX_POINT ( 'NONE', #1451 ) ;
#1999 = EDGE_CURVE ( 'NONE', #3338, #3871, #3309, .T. ) ;
#2000 = CYLINDRICAL_SURFACE ( 'NONE', #5822, 2.250000000000001776 ) ;
#2001 = ORIENTED_EDGE ( 'NONE', *, *, #293, .T. ) ;
#2002 = DIRECTION ( 'NONE',  ( 0.000000000000000000, 1.000000000000000000, 0.000000000000000000 ) ) ;
#2003 = CARTESIAN_POINT ( 'NONE',  ( 40.00000000000010658, 0.000000000000000000, 1.249999999999982903 ) ) ;
#2004 = EDGE_CURVE ( 'NONE', #746, #5262, #2903, .T. ) ;
#2005 = VERTEX_POINT ( 'NONE', #528 ) ;
#2006 = DIRECTION ( 'NONE',  ( 0.000000000000000000, 0.000000000000000000, 1.000000000000000000 ) ) ;
#2007 = ORIENTED_EDGE ( 'NONE', *, *, #3409, .T. ) ;
#2008 = DIRECTION ( 'NONE',  ( -0.000000000000000000, 1.000000000000000000, -0.000000000000000000 ) ) ;
#2009 = DIRECTION ( 'NONE',  ( 0.000000000000000000, 1.000000000000000000, 0.000000000000000000 ) ) ;
#2010 = DIRECTION ( 'NONE',  ( 0.000000000000000000, 0.000000000000000000, 1.000000000000000000 ) ) ;
#2011 = AXIS2_PLACEMENT_3D ( 'NONE', #2511, #1027, #3410 ) ;
#2013 = ORIENTED_EDGE ( 'NONE', *, *, #5996, .F. ) ;
#2012 = CIRCLE ( 'NONE', #703, 2.250000000000001776 ) ;
#2014 = ORIENTED_EDGE ( 'NONE', *, *, #3360, .F. ) ;
#2015 = EDGE_CURVE ( 'NONE', #544, #1195, #806, .T. ) ;
#2016 = DIRECTION ( 'NONE',  ( 0.000000000000000000, 1.000000000000000000, 0.000000000000000000 ) ) ;
#2017 = LINE ( 'NONE', #4933, #2800 ) ;
#2018 = EDGE_LOOP ( 'NONE', ( #1493, #512, #2570, #1907 ) ) ;
#2019 = ORIENTED_EDGE ( 'NONE', *, *, #5813, .T. ) ;
#2020 = CARTESIAN_POINT ( 'NONE',  ( 24.00000000000007816, 0.000000000000000000, -2.250000000000007994 ) ) ;
#2021 = DIRECTION ( 'NONE',  ( 0.000000000000000000, 1.000000000000000000, 0.000000000000000000 ) ) ;
#2023 = VERTEX_POINT ( 'NONE', #2438 ) ;
#2022 = AXIS2_PLACEMENT_3D ( 'NONE', #772, #5011, #713 ) ;
#2024 = FACE_BOUND ( 'NONE', #3788, .T. ) ;
#2025 = DIRECTION ( 'NONE',  ( -0.000000000000000000, 1.000000000000000000, -0.000000000000000000 ) ) ;
#2026 = CARTESIAN_POINT ( 'NONE',  ( 0.000000000000000000, 2.000000000000000000, 0.000000000000000000 ) ) ;
#2027 = CIRCLE ( 'NONE', #3713, 2.499999999999998668 ) ;
#2028 = ORIENTED_EDGE ( 'NONE', *, *, #2794, .F. ) ;
#2029 = CARTESIAN_POINT ( 'NONE',  ( 24.00000000000004974, 0.000000000000000000, -10.25000000000000888 ) ) ;
#2030 = EDGE_CURVE ( 'NONE', #4518, #2738, #5292, .T. ) ;
#2031 = DIRECTION ( 'NONE',  ( -0.000000000000000000, 1.000000000000000000, -0.000000000000000000 ) ) ;
#2032 = DIRECTION ( 'NONE',  ( 0.000000000000000000, 0.000000000000000000, 1.000000000000000000 ) ) ;
#2033 = ORIENTED_EDGE ( 'NONE', *, *, #2949, .F. ) ;
#2034 = EDGE_CURVE ( 'NONE', #187, #4607, #5997, .T. ) ;
#2035 = CARTESIAN_POINT ( 'NONE',  ( -39.99999999999987210, 0.000000000000000000, 9.249999999999984013 ) ) ;
#2036 = ORIENTED_EDGE ( 'NONE', *, *, #353, .F. ) ;
#2037 = FACE_OUTER_BOUND ( 'NONE', #4673, .T. ) ;
#2038 = CIRCLE ( 'NONE', #3419, 2.250000000000001776 ) ;
#2039 = LINE ( 'NONE', #5909, #5559 ) ;
#2040 = DIRECTION ( 'NONE',  ( 0.000000000000000000, 0.000000000000000000, 1.000000000000000000 ) ) ;
#2041 = EDGE_LOOP ( 'NONE', ( #601, #1748 ) ) ;
#2042 = ORIENTED_EDGE ( 'NONE', *, *, #1838, .F. ) ;
#2043 = EDGE_CURVE ( 'NONE', #2934, #53, #2596, .T. ) ;
#2044 = CARTESIAN_POINT ( 'NONE',  ( 16.00000000000007816, 0.000000000000000000, -2.250000000000007994 ) ) ;
#2045 = ORIENTED_EDGE ( 'NONE', *, *, #6, .F. ) ;
#2046 = EDGE_CURVE ( 'NONE', #1795, #4617, #6107, .T. ) ;
#2047 = CARTESIAN_POINT ( 'NONE',  ( 8.000000000000188294, 3.000000000000000000, 29.74999999999998934 ) ) ;
#2048 = ORIENTED_EDGE ( 'NONE', *, *, #5782, .T. ) ;
#2049 = AXIS2_PLACEMENT_3D ( 'NONE', #1249, #5031, #3163 ) ;
#2050 = DIRECTION ( 'NONE',  ( 0.000000000000000000, 0.000000000000000000, 1.000000000000000000 ) ) ;
#2051 = EDGE_LOOP ( 'NONE', ( #5079, #2804 ) ) ;
#2052 = CARTESIAN_POINT ( 'NONE',  ( 19.08551248218999419, 7.000000000000000000, -24.49999999999999289 ) ) ;
#2053 = CARTESIAN_POINT ( 'NONE',  ( -7.999999999999923617, 0.000000000000000000, -4.500000000000010658 ) ) ;
#2054 = DIRECTION ( 'NONE',  ( 0.000000000000000000, -1.000000000000000000, 0.000000000000000000 ) ) ;
#2055 = EDGE_LOOP ( 'NONE', ( #5611, #949 ) ) ;
#2056 = CARTESIAN_POINT ( 'NONE',  ( 8.000000000000047962, 0.000000000000000000, -10.25000000000000888 ) ) ;
#2057 = DIRECTION ( 'NONE',  ( 0.000000000000000000, 1.000000000000000000, 0.000000000000000000 ) ) ;
#2058 = DIRECTION ( 'NONE',  ( -0.000000000000000000, 1.000000000000000000, -0.000000000000000000 ) ) ;
#2059 = VERTEX_POINT ( 'NONE', #267 ) ;
#2060 = CARTESIAN_POINT ( 'NONE',  ( -7.999999999999979572, 0.000000000000000000, -20.50000000000001066 ) ) ;
#2061 = EDGE_CURVE ( 'NONE', #980, #5728, #1224, .T. ) ;
#2062 = VERTEX_POINT ( 'NONE', #3951 ) ;
#2063 = DIRECTION ( 'NONE',  ( 7.709882115452476934E-17, -0.000000000000000000, 1.000000000000000000 ) ) ;
#2064 = CARTESIAN_POINT ( 'NONE',  ( 24.00000000000004974, 3.000000000000000000, -12.50000000000001066 ) ) ;
#2065 = DIRECTION ( 'NONE',  ( 0.000000000000000000, 1.000000000000000000, 0.000000000000000000 ) ) ;
#2066 = ORIENTED_EDGE ( 'NONE', *, *, #4333, .F. ) ;
#2067 = ORIENTED_EDGE ( 'NONE', *, *, #5418, .F. ) ;
#2068 = LINE ( 'NONE', #3006, #5243 ) ;
#2069 = CIRCLE ( 'NONE', #5551, 2.250000000000001776 ) ;
#2070 = EDGE_CURVE ( 'NONE', #6145, #5206, #146, .T. ) ;
#2071 = CIRCLE ( 'NONE', #5558, 2.250000000000001776 ) ;
#2072 = ADVANCED_FACE ( 'NONE', ( #5873 ), #3920, .F. ) ;
#2073 = CARTESIAN_POINT ( 'NONE',  ( -23.99999999999986855, 0.000000000000000000, 11.49999999999998579 ) ) ;
#2074 = AXIS2_PLACEMENT_3D ( 'NONE', #1292, #3214, #3179 ) ;
#2075 = VERTEX_POINT ( 'NONE', #3109 ) ;
#2076 = EDGE_CURVE ( 'NONE', #5702, #658, #5192, .T. ) ;
#2077 = AXIS2_PLACEMENT_3D ( 'NONE', #5867, #550, #5413 ) ;
#2078 = VERTEX_POINT ( 'NONE', #2579 ) ;
#2079 = AXIS2_PLACEMENT_3D ( 'NONE', #5780, #1507, #5300 ) ;
#2080 = CYLINDRICAL_SURFACE ( 'NONE', #1374, 2.250000000000001776 ) ;
#2081 = VERTEX_POINT ( 'NONE', #1654 ) ;
#2082 = DIRECTION ( 'NONE',  ( -0.000000000000000000, 1.000000000000000000, -0.000000000000000000 ) ) ;
#2083 = DIRECTION ( 'NONE',  ( -0.000000000000000000, 1.000000000000000000, -0.000000000000000000 ) ) ;
#2084 = AXIS2_PLACEMENT_3D ( 'NONE', #5902, #1591, #4388 ) ;
#2085 = EDGE_CURVE ( 'NONE', #2290, #4650, #3098, .T. ) ;
#2086 = LINE ( 'NONE', #3479, #3840 ) ;
#2087 = DIRECTION ( 'NONE',  ( -0.000000000000000000, 1.000000000000000000, -0.000000000000000000 ) ) ;
#2088 = VECTOR ( 'NONE', #1456, 1000.000000000000000 ) ;
#2089 = DIRECTION ( 'NONE',  ( -0.000000000000000000, -1.000000000000000000, -0.000000000000000000 ) ) ;
#2090 = CARTESIAN_POINT ( 'NONE',  ( 1.665334536937734811E-13, 0.000000000000000000, 19.49999999999999289 ) ) ;
#2091 = VERTEX_POINT ( 'NONE', #2552 ) ;
#2092 = CARTESIAN_POINT ( 'NONE',  ( 32.00000000000011369, 0.000000000000000000, 3.499999999999992895 ) ) ;
#2093 = VERTEX_POINT ( 'NONE', #4478 ) ;
#2094 = DIRECTION ( 'NONE',  ( 0.000000000000000000, 0.000000000000000000, 1.000000000000000000 ) ) ;
#2095 = DIRECTION ( 'NONE',  ( 0.000000000000000000, 0.000000000000000000, 1.000000000000000000 ) ) ;
#2096 = CARTESIAN_POINT ( 'NONE',  ( -45.00000000000000000, 2.000000000000000000, 7.500000000000007105 ) ) ;
#2097 = ORIENTED_EDGE ( 'NONE', *, *, #510, .T. ) ;
#2098 = EDGE_LOOP ( 'NONE', ( #418, #5626, #499, #4670 ) ) ;
#2099 = EDGE_LOOP ( 'NONE', ( #208, #3648, #5456, #5047 ) ) ;
#2100 = CARTESIAN_POINT ( 'NONE',  ( -15.99999999999989697, 0.000000000000000000, 1.249999999999989786 ) ) ;
#2101 = ADVANCED_FACE ( 'NONE', ( #5009 ), #1161, .F. ) ;
#2102 = CARTESIAN_POINT ( 'NONE',  ( 4.857225732735059864E-14, 0.000000000000000000, -12.50000000000001066 ) ) ;
#2103 = ORIENTED_EDGE ( 'NONE', *, *, #3511, .F. ) ;
#2104 = VECTOR ( 'NONE', #1242, 1000.000000000000000 ) ;
#2105 = EDGE_CURVE ( 'NONE', #3181, #2385, #1025, .T. ) ;
#2106 = AXIS2_PLACEMENT_3D ( 'NONE', #1016, #4706, #498 ) ;
#2107 = EDGE_CURVE ( 'NONE', #3382, #2947, #5802, .T. ) ;
#2108 = EDGE_LOOP ( 'NONE', ( #3677, #1077, #2364, #4934 ) ) ;
#2109 = CARTESIAN_POINT ( 'NONE',  ( 1.387778780781445676E-13, 0.000000000000000000, 11.49999999999998579 ) ) ;
#2110 = VERTEX_POINT ( 'NONE', #5930 ) ;
#2111 = FACE_BOUND ( 'NONE', #5883, .T. ) ;
#2112 = AXIS2_PLACEMENT_3D ( 'NONE', #1209, #1063, #2951 ) ;
#2113 = CARTESIAN_POINT ( 'NONE',  ( -31.99999999999986855, 0.000000000000000000, 11.49999999999998579 ) ) ;
#2114 = DIRECTION ( 'NONE',  ( 0.000000000000000000, 0.000000000000000000, 1.000000000000000000 ) ) ;
#2115 = LINE ( 'NONE', #3107, #1047 ) ;
#2116 = CIRCLE ( 'NONE', #5304, 2.250000000000001776 ) ;
#2117 = ADVANCED_FACE ( 'NONE', ( #5961 ), #4913, .F. ) ;
#2118 = CARTESIAN_POINT ( 'NONE',  ( -39.00000000000000711, 7.000000000000000000, -25.86449971279399307 ) ) ;
#2119 = DIRECTION ( 'NONE',  ( 0.000000000000000000, 1.000000000000000000, 0.000000000000000000 ) ) ;
#2120 = ORIENTED_EDGE ( 'NONE', *, *, #4189, .F. ) ;
#2121 = DIRECTION ( 'NONE',  ( -0.000000000000000000, 1.000000000000000000, -0.000000000000000000 ) ) ;
#2122 = CARTESIAN_POINT ( 'NONE',  ( 24.00000000000013145, 0.000000000000000000, 11.49999999999998579 ) ) ;
#2123 = CIRCLE ( 'NONE', #3610, 2.250000000000001776 ) ;
#2124 = CARTESIAN_POINT ( 'NONE',  ( -23.99999999999984013, 3.000000000000000000, 21.74999999999999645 ) ) ;
#2125 = CARTESIAN_POINT ( 'NONE',  ( 19.08551248218999419, 0.000000000000000000, -23.13550028720599983 ) ) ;
#2126 = CARTESIAN_POINT ( 'NONE',  ( -31.99999999999986855, 3.000000000000000000, 9.249999999999984013 ) ) ;
#2127 = CIRCLE ( 'NONE', #226, 1.364499712793995734 ) ;
#2128 = ORIENTED_EDGE ( 'NONE', *, *, #5154, .T. ) ;
#2129 = ORIENTED_EDGE ( 'NONE', *, *, #5106, .F. ) ;
#2130 = CARTESIAN_POINT ( 'NONE',  ( 16.00000000000007816, 0.000000000000000000, -6.750000000000014211 ) ) ;
#2131 = AXIS2_PLACEMENT_3D ( 'NONE', #4821, #90, #1909 ) ;
#2132 = SURFACE_STYLE_FILL_AREA ( #223 ) ;
#2133 = CARTESIAN_POINT ( 'NONE',  ( 1.942890293094023946E-13, 0.000000000000000000, 27.49999999999998579 ) ) ;
#2134 = VERTEX_POINT ( 'NONE', #4417 ) ;
#2135 = ADVANCED_FACE ( 'NONE', ( #4444 ), #3021, .F. ) ;
#2136 = EDGE_LOOP ( 'NONE', ( #380, #2704, #852, #5068 ) ) ;
#2137 = CARTESIAN_POINT ( 'NONE',  ( -7.999999999999812594, 0.000000000000000000, 27.49999999999998579 ) ) ;
#2138 = FACE_OUTER_BOUND ( 'NONE', #331, .T. ) ;
#2139 = CYLINDRICAL_SURFACE ( 'NONE', #4832, 2.250000000000001776 ) ;
#2140 = LINE ( 'NONE', #5479, #4523 ) ;
#2141 = AXIS2_PLACEMENT_3D ( 'NONE', #4504, #5540, #4528 ) ;
#2142 = FACE_BOUND ( 'NONE', #4237, .T. ) ;
#2143 = ADVANCED_FACE ( 'NONE', ( #4533 ), #4888, .F. ) ;
#2144 = DIRECTION ( 'NONE',  ( 0.000000000000000000, 0.000000000000000000, 1.000000000000000000 ) ) ;
#2145 = CARTESIAN_POINT ( 'NONE',  ( 16.00000000000007816, 0.000000000000000000, -4.500000000000010658 ) ) ;
#2146 = FACE_OUTER_BOUND ( 'NONE', #1460, .T. ) ;
#2147 = DIRECTION ( 'NONE',  ( 0.000000000000000000, 0.000000000000000000, 1.000000000000000000 ) ) ;
#2148 = DIRECTION ( 'NONE',  ( 0.000000000000000000, 1.000000000000000000, 0.000000000000000000 ) ) ;
#2149 = EDGE_CURVE ( 'NONE', #2346, #4755, #176, .T. ) ;
#2150 = CIRCLE ( 'NONE', #5644, 2.250000000000001776 ) ;
#2151 = EDGE_LOOP ( 'NONE', ( #2323, #1385, #3177, #3493 ) ) ;
#2152 = DIRECTION ( 'NONE',  ( 0.000000000000000000, 1.000000000000000000, 0.000000000000000000 ) ) ;
#2153 = LINE ( 'NONE', #4635, #3564 ) ;
#2154 = CARTESIAN_POINT ( 'NONE',  ( 40.00000000000010658, 0.000000000000000000, 3.499999999999985789 ) ) ;
#2155 = ORIENTED_EDGE ( 'NONE', *, *, #3289, .F. ) ;
#2156 = AXIS2_PLACEMENT_3D ( 'NONE', #4846, #4376, #581 ) ;
#2157 = AXIS2_PLACEMENT_3D ( 'NONE', #2565, #5826, #4900 ) ;
#2158 = ORIENTED_EDGE ( 'NONE', *, *, #5669, .F. ) ;
#2159 = CARTESIAN_POINT ( 'NONE',  ( -15.99999999999989697, 0.000000000000000000, 3.499999999999992895 ) ) ;
#2160 = VERTEX_POINT ( 'NONE', #5422 ) ;
#2161 = CARTESIAN_POINT ( 'NONE',  ( 32.00000000000014211, 0.000000000000000000, 11.49999999999998579 ) ) ;
#2162 = CARTESIAN_POINT ( 'NONE',  ( -7.999999999999896083, 0.000000000000000000, 5.749999999999995559 ) ) ;
#2163 = CIRCLE ( 'NONE', #1878, 2.250000000000002665 ) ;
#2164 = AXIS2_PLACEMENT_3D ( 'NONE', #1313, #5512, #1251 ) ;
#2165 = CARTESIAN_POINT ( 'NONE',  ( 32.00000000000002842, 0.000000000000000000, -22.75000000000001421 ) ) ;
#2166 = ORIENTED_EDGE ( 'NONE', *, *, #2681, .F. ) ;
#2167 = FACE_BOUND ( 'NONE', #6189, .T. ) ;
#2168 = AXIS2_PLACEMENT_3D ( 'NONE', #3110, #2205, #4627 ) ;
#2169 = CARTESIAN_POINT ( 'NONE',  ( 32.00000000000008527, 0.000000000000000000, -6.750000000000014211 ) ) ;
#2170 = CYLINDRICAL_SURFACE ( 'NONE', #2945, 2.250000000000001776 ) ;
#2171 = CIRCLE ( 'NONE', #3964, 2.250000000000001776 ) ;
#2172 = CARTESIAN_POINT ( 'NONE',  ( -7.999999999999896083, 0.000000000000000000, 3.499999999999992895 ) ) ;
#2173 = DIRECTION ( 'NONE',  ( 0.000000000000000000, 0.000000000000000000, -1.000000000000000000 ) ) ;
#2174 = EDGE_CURVE ( 'NONE', #3448, #4344, #994, .T. ) ;
#2175 = CARTESIAN_POINT ( 'NONE',  ( 41.99999999999996447, 0.000000000000000000, -32.50000000000000711 ) ) ;
#2176 = AXIS2_PLACEMENT_3D ( 'NONE', #6128, #1848, #3736 ) ;
#2177 = CARTESIAN_POINT ( 'NONE',  ( -15.99999999999986855, 3.000000000000000000, 11.49999999999998579 ) ) ;
#2178 = CYLINDRICAL_SURFACE ( 'NONE', #605, 2.250000000000002665 ) ;
#2179 = EDGE_CURVE ( 'NONE', #3122, #1086, #4943, .T. ) ;
#2180 = ADVANCED_FACE ( 'NONE', ( #6053 ), #2697, .F. ) ;
#2181 = CIRCLE ( 'NONE', #1301, 2.250000000000001776 ) ;
#2182 = ORIENTED_EDGE ( 'NONE', *, *, #4113, .T. ) ;
#2183 = DIRECTION ( 'NONE',  ( -0.000000000000000000, 1.000000000000000000, -0.000000000000000000 ) ) ;
#2184 = EDGE_CURVE ( 'NONE', #3181, #5019, #391, .T. ) ;
#2185 = ORIENTED_EDGE ( 'NONE', *, *, #4474, .T. ) ;
#2186 = LINE ( 'NONE', #2739, #83 ) ;
#2187 = FACE_OUTER_BOUND ( 'NONE', #1864, .T. ) ;
#2188 = ORIENTED_EDGE ( 'NONE', *, *, #6191, .F. ) ;
#2189 = ORIENTED_EDGE ( 'NONE', *, *, #5825, .T. ) ;
#2190 = FACE_BOUND ( 'NONE', #5517, .T. ) ;
#2191 = CARTESIAN_POINT ( 'NONE',  ( 32.00000000000017053, 3.000000000000000000, 19.49999999999999289 ) ) ;
#2192 = ADVANCED_FACE ( 'NONE', ( #2795 ), #4127, .F. ) ;
#2193 = LINE ( 'NONE', #3154, #5289 ) ;
#2194 = ORIENTED_EDGE ( 'NONE', *, *, #515, .F. ) ;
#2195 = VECTOR ( 'NONE', #3426, 1000.000000000000000 ) ;
#2196 = DIRECTION ( 'NONE',  ( 0.000000000000000000, 0.000000000000000000, 1.000000000000000000 ) ) ;
#2197 = AXIS2_PLACEMENT_3D ( 'NONE', #5564, #5919, #224 ) ;
#2198 = FACE_BOUND ( 'NONE', #4377, .T. ) ;
#2199 = AXIS2_PLACEMENT_3D ( 'NONE', #2413, #2349, #3339 ) ;
#2200 = LINE ( 'NONE', #4556, #1168 ) ;
#2201 = CYLINDRICAL_SURFACE ( 'NONE', #2358, 2.250000000000001776 ) ;
#2202 = FACE_BOUND ( 'NONE', #3959, .T. ) ;
#2203 = DIRECTION ( 'NONE',  ( 0.000000000000000000, 0.000000000000000000, 1.000000000000000000 ) ) ;
#2204 = ORIENTED_EDGE ( 'NONE', *, *, #1494, .T. ) ;
#2205 = DIRECTION ( 'NONE',  ( 0.000000000000000000, 1.000000000000000000, 0.000000000000000000 ) ) ;
#2206 = DIRECTION ( 'NONE',  ( -0.000000000000000000, 1.000000000000000000, -0.000000000000000000 ) ) ;
#2207 = DIRECTION ( 'NONE',  ( 0.000000000000000000, 1.000000000000000000, 0.000000000000000000 ) ) ;
#2208 = ADVANCED_FACE ( 'NONE', ( #1769 ), #5135, .F. ) ;
#2209 = ORIENTED_EDGE ( 'NONE', *, *, #3132, .F. ) ;
#2210 = ORIENTED_EDGE ( 'NONE', *, *, #1441, .T. ) ;
#2211 = CARTESIAN_POINT ( 'NONE',  ( 32.00000000000011369, 0.000000000000000000, 5.749999999999995559 ) ) ;
#2212 = EDGE_LOOP ( 'NONE', ( #2291, #1529 ) ) ;
#2213 = DIRECTION ( 'NONE',  ( 0.000000000000000000, 0.000000000000000000, 1.000000000000000000 ) ) ;
#2214 = CARTESIAN_POINT ( 'NONE',  ( -15.99999999999995204, 0.000000000000000000, -14.75000000000001243 ) ) ;
#2215 = ADVANCED_FACE ( 'NONE', ( #4688 ), #4560, .T. ) ;
#2216 = ORIENTED_EDGE ( 'NONE', *, *, #4639, .T. ) ;
#2217 = VECTOR ( 'NONE', #970, 1000.000000000000000 ) ;
#2218 = ORIENTED_EDGE ( 'NONE', *, *, #2644, .F. ) ;
#2219 = AXIS2_PLACEMENT_3D ( 'NONE', #5969, #2705, #6061 ) ;
#2220 = CYLINDRICAL_SURFACE ( 'NONE', #1319, 2.250000000000001776 ) ;
#2221 = ORIENTED_EDGE ( 'NONE', *, *, #760, .F. ) ;
#2222 = CARTESIAN_POINT ( 'NONE',  ( 8.000000000000159872, 0.000000000000000000, 21.74999999999999645 ) ) ;
#2223 = CARTESIAN_POINT ( 'NONE',  ( -39.00000000000000711, 7.000000000000000000, 24.50000000000000355 ) ) ;
#2224 = ADVANCED_FACE ( 'NONE', ( #6118 ), #3668, .F. ) ;
#2225 = DIRECTION ( 'NONE',  ( -0.000000000000000000, 1.000000000000000000, -0.000000000000000000 ) ) ;
#2226 = VERTEX_POINT ( 'NONE', #1711 ) ;
#2227 = EDGE_CURVE ( 'NONE', #5620, #5206, #1388, .T. ) ;
#2228 = CARTESIAN_POINT ( 'NONE',  ( 24.00000000000010303, 0.000000000000000000, 3.499999999999992895 ) ) ;
#2229 = FACE_BOUND ( 'NONE', #87, .T. ) ;
#2230 = DIRECTION ( 'NONE',  ( 0.000000000000000000, 0.000000000000000000, 1.000000000000000000 ) ) ;
#2231 = CARTESIAN_POINT ( 'NONE',  ( -7.999999999999812594, 0.000000000000000000, 25.24999999999998579 ) ) ;
#2232 = DIRECTION ( 'NONE',  ( -0.000000000000000000, 1.000000000000000000, -0.000000000000000000 ) ) ;
#2233 = DIRECTION ( 'NONE',  ( -0.000000000000000000, 1.000000000000000000, -0.000000000000000000 ) ) ;
#2234 = ORIENTED_EDGE ( 'NONE', *, *, #2380, .F. ) ;
#2235 = LINE ( 'NONE', #1252, #5459 ) ;
#2236 = FACE_OUTER_BOUND ( 'NONE', #5809, .T. ) ;
#2237 = DIRECTION ( 'NONE',  ( 0.000000000000000000, 1.000000000000000000, 0.000000000000000000 ) ) ;
#2238 = VERTEX_POINT ( 'NONE', #6020 ) ;
#2239 = CARTESIAN_POINT ( 'NONE',  ( 32.00000000000019185, 0.000000000000000000, 27.49999999999998579 ) ) ;
#2240 = EDGE_LOOP ( 'NONE', ( #5044, #6138 ) ) ;
#2241 = CARTESIAN_POINT ( 'NONE',  ( 7.999999999999992895, 0.000000000000000000, -28.50000000000001066 ) ) ;
#2242 = CARTESIAN_POINT ( 'NONE',  ( 8.000000000000188294, 3.000000000000000000, 27.49999999999998579 ) ) ;
#2243 = AXIS2_PLACEMENT_3D ( 'NONE', #4165, #1808, #1006 ) ;
#2244 = ORIENTED_EDGE ( 'NONE', *, *, #1683, .T. ) ;
#2245 = VERTEX_POINT ( 'NONE', #5610 ) ;
#2246 = ADVANCED_FACE ( 'NONE', ( #5169 ), #5991, .F. ) ;
#2247 = AXIS2_PLACEMENT_3D ( 'NONE', #3450, #4380, #1502 ) ;
#2248 = AXIS2_PLACEMENT_3D ( 'NONE', #4611, #5632, #2252 ) ;
#2249 = DIRECTION ( 'NONE',  ( -0.000000000000000000, 1.000000000000000000, -0.000000000000000000 ) ) ;
#2250 = ORIENTED_EDGE ( 'NONE', *, *, #731, .F. ) ;
#2251 = AXIS2_PLACEMENT_3D ( 'NONE', #3347, #1023, #5283 ) ;
#2252 = DIRECTION ( 'NONE',  ( 0.000000000000000000, 0.000000000000000000, 1.000000000000000000 ) ) ;
#2253 = EDGE_CURVE ( 'NONE', #6130, #6119, #1346, .T. ) ;
#2254 = DIRECTION ( 'NONE',  ( 0.000000000000000000, 0.000000000000000000, 1.000000000000000000 ) ) ;
#2255 = VERTEX_POINT ( 'NONE', #2763 ) ;
#2256 = EDGE_CURVE ( 'NONE', #5349, #3735, #2472, .T. ) ;
#2257 = EDGE_CURVE ( 'NONE', #1581, #2059, #5963, .T. ) ;
#2258 = EDGE_LOOP ( 'NONE', ( #2250, #4142 ) ) ;
#2259 = ORIENTED_EDGE ( 'NONE', *, *, #5470, .F. ) ;
#2260 = FACE_BOUND ( 'NONE', #5330, .T. ) ;
#2261 = CYLINDRICAL_SURFACE ( 'NONE', #2251, 2.250000000000001776 ) ;
#2262 = LINE ( 'NONE', #1343, #932 ) ;
#2263 = AXIS2_PLACEMENT_3D ( 'NONE', #1148, #2449, #4806 ) ;
#2264 = FACE_BOUND ( 'NONE', #813, .T. ) ;
#2265 = AXIS2_PLACEMENT_3D ( 'NONE', #15, #5293, #2765 ) ;
#2266 = CARTESIAN_POINT ( 'NONE',  ( 40.00000000000013500, 0.000000000000000000, 11.49999999999998579 ) ) ;
#2267 = ORIENTED_EDGE ( 'NONE', *, *, #5888, .T. ) ;
#2268 = CARTESIAN_POINT ( 'NONE',  ( 19.08551248218999419, 7.000000000000000000, -24.49999999999999289 ) ) ;
#2269 = EDGE_CURVE ( 'NONE', #4373, #3371, #2969, .T. ) ;
#2270 = CYLINDRICAL_SURFACE ( 'NONE', #2812, 2.250000000000001776 ) ;
#2271 = CIRCLE ( 'NONE', #4452, 2.250000000000002665 ) ;
#2272 = DIRECTION ( 'NONE',  ( 0.000000000000000000, 0.000000000000000000, 1.000000000000000000 ) ) ;
#2273 = ORIENTED_EDGE ( 'NONE', *, *, #2030, .F. ) ;
#2274 = ORIENTED_EDGE ( 'NONE', *, *, #5652, .T. ) ;
#2275 = CARTESIAN_POINT ( 'NONE',  ( 39.99999999999999289, 0.000000000000000000, -30.75000000000001776 ) ) ;
#2276 = VERTEX_POINT ( 'NONE', #5544 ) ;
#2277 = AXIS2_PLACEMENT_3D ( 'NONE', #245, #1781, #4136 ) ;
#2278 = CYLINDRICAL_SURFACE ( 'NONE', #5365, 2.250000000000001776 ) ;
#2279 = LINE ( 'NONE', #4171, #5541 ) ;
#2280 = ORIENTED_EDGE ( 'NONE', *, *, #5916, .T. ) ;
#2281 = ORIENTED_EDGE ( 'NONE', *, *, #1725, .T. ) ;
#2282 = DIRECTION ( 'NONE',  ( 0.000000000000000000, 1.000000000000000000, 0.000000000000000000 ) ) ;
#2283 = CIRCLE ( 'NONE', #1988, 2.250000000000001776 ) ;
#2284 = VERTEX_POINT ( 'NONE', #5097 ) ;
#2285 = CARTESIAN_POINT ( 'NONE',  ( -39.00000000000000711, 7.000000000000000000, 25.86449971279400373 ) ) ;
#2286 = FACE_OUTER_BOUND ( 'NONE', #3003, .T. ) ;
#2287 = ORIENTED_EDGE ( 'NONE', *, *, #1237, .F. ) ;
#2288 = EDGE_CURVE ( 'NONE', #2580, #3879, #1736, .T. ) ;
#2289 = ORIENTED_EDGE ( 'NONE', *, *, #5825, .F. ) ;
#2290 = VERTEX_POINT ( 'NONE', #3167 ) ;
#2291 = ORIENTED_EDGE ( 'NONE', *, *, #4731, .T. ) ;
#2292 = EDGE_CURVE ( 'NONE', #2093, #1001, #3744, .T. ) ;
#2293 = DIRECTION ( 'NONE',  ( 0.000000000000000000, 0.000000000000000000, 1.000000000000000000 ) ) ;
#2294 = EDGE_CURVE ( 'NONE', #1234, #4897, #797, .T. ) ;
#2295 = DIRECTION ( 'NONE',  ( 0.000000000000000000, 1.000000000000000000, 0.000000000000000000 ) ) ;
#2296 = ORIENTED_EDGE ( 'NONE', *, *, #1806, .F. ) ;
#2297 = CARTESIAN_POINT ( 'NONE',  ( 2.081668171172168513E-14, 3.000000000000000000, -18.25000000000001066 ) ) ;
#2298 = CIRCLE ( 'NONE', #300, 2.999999999999999112 ) ;
#2299 = AXIS2_PLACEMENT_3D ( 'NONE', #2092, #5335, #4891 ) ;
#2300 = DIRECTION ( 'NONE',  ( 0.000000000000000000, 0.000000000000000000, 1.000000000000000000 ) ) ;
#2301 = ORIENTED_EDGE ( 'NONE', *, *, #979, .T. ) ;
#2302 = CARTESIAN_POINT ( 'NONE',  ( 8.000000000000104805, 0.000000000000000000, 5.749999999999995559 ) ) ;
#2303 = ADVANCED_FACE ( 'NONE', ( #4221 ), #2334, .F. ) ;
#2304 = DIRECTION ( 'NONE',  ( 0.000000000000000000, 1.000000000000000000, 0.000000000000000000 ) ) ;
#2305 = DIRECTION ( 'NONE',  ( -0.000000000000000000, 1.000000000000000000, -0.000000000000000000 ) ) ;
#2306 = EDGE_CURVE ( 'NONE', #6137, #151, #3762, .T. ) ;
#2307 = EDGE_LOOP ( 'NONE', ( #2832, #5789 ) ) ;
#2308 = VERTEX_POINT ( 'NONE', #3797 ) ;
#2309 = DIRECTION ( 'NONE',  ( 0.000000000000000000, 0.000000000000000000, 1.000000000000000000 ) ) ;
#2310 = ORIENTED_EDGE ( 'NONE', *, *, #2840, .F. ) ;
#2311 = DIRECTION ( 'NONE',  ( 0.000000000000000000, 1.000000000000000000, 0.000000000000000000 ) ) ;
#2312 = CARTESIAN_POINT ( 'NONE',  ( 7.999999999999992895, 0.000000000000000000, -26.25000000000001066 ) ) ;
#2313 = ORIENTED_EDGE ( 'NONE', *, *, #1015, .T. ) ;
#2314 = ORIENTED_EDGE ( 'NONE', *, *, #2348, .T. ) ;
#2315 = CARTESIAN_POINT ( 'NONE',  ( 7.660337847278767255E-14, 0.000000000000000000, -6.750000000000014211 ) ) ;
#2316 = CIRCLE ( 'NONE', #1820, 2.250000000000001776 ) ;
#2317 = VERTEX_POINT ( 'NONE', #3271 ) ;
#2318 = CARTESIAN_POINT ( 'NONE',  ( 8.000000000000047962, 0.000000000000000000, -12.50000000000001066 ) ) ;
#2319 = VECTOR ( 'NONE', #2860, 1000.000000000000000 ) ;
#2320 = LINE ( 'NONE', #854, #1331 ) ;
#2321 = DIRECTION ( 'NONE',  ( 0.000000000000000000, 0.000000000000000000, 1.000000000000000000 ) ) ;
#2322 = AXIS2_PLACEMENT_3D ( 'NONE', #4977, #4596, #1713 ) ;
#2323 = ORIENTED_EDGE ( 'NONE', *, *, #2253, .F. ) ;
#2324 = CIRCLE ( 'NONE', #5722, 2.250000000000002665 ) ;
#2325 = AXIS2_PLACEMENT_3D ( 'NONE', #427, #4288, #2337 ) ;
#2326 = EDGE_LOOP ( 'NONE', ( #2296, #4421, #2629, #3494 ) ) ;
#2327 = ORIENTED_EDGE ( 'NONE', *, *, #3398, .F. ) ;
#2328 = CARTESIAN_POINT ( 'NONE',  ( -23.99999999999995026, 0.000000000000000000, -10.25000000000000888 ) ) ;
#2329 = EDGE_CURVE ( 'NONE', #1812, #3532, #5138, .T. ) ;
#2330 = CARTESIAN_POINT ( 'NONE',  ( 16.00000000000007816, 0.000000000000000000, -6.750000000000014211 ) ) ;
#2331 = VERTEX_POINT ( 'NONE', #1444 ) ;
#2332 = AXIS2_PLACEMENT_3D ( 'NONE', #4794, #465, #5781 ) ;
#2333 = FACE_BOUND ( 'NONE', #5259, .T. ) ;
#2334 = CYLINDRICAL_SURFACE ( 'NONE', #5345, 2.250000000000001776 ) ;
#2335 = VERTEX_POINT ( 'NONE', #4757 ) ;
#2336 = DIRECTION ( 'NONE',  ( 0.000000000000000000, 0.000000000000000000, 1.000000000000000000 ) ) ;
#2337 = DIRECTION ( 'NONE',  ( 0.000000000000000000, 0.000000000000000000, 1.000000000000000000 ) ) ;
#2338 = DIRECTION ( 'NONE',  ( -0.000000000000000000, 1.000000000000000000, -0.000000000000000000 ) ) ;
#2339 = CIRCLE ( 'NONE', #5833, 2.250000000000002665 ) ;
#2340 = ORIENTED_EDGE ( 'NONE', *, *, #1403, .F. ) ;
#2341 = VERTEX_POINT ( 'NONE', #4164 ) ;
#2342 = LINE ( 'NONE', #462, #523 ) ;
#2343 = VERTEX_POINT ( 'NONE', #1904 ) ;
#2344 = CARTESIAN_POINT ( 'NONE',  ( -7.999999999999979572, 0.000000000000000000, -18.25000000000001066 ) ) ;
#2345 = DIRECTION ( 'NONE',  ( 0.000000000000000000, 0.000000000000000000, 1.000000000000000000 ) ) ;
#2346 = VERTEX_POINT ( 'NONE', #5712 ) ;
#2347 = ORIENTED_EDGE ( 'NONE', *, *, #5122, .F. ) ;
#2348 = EDGE_CURVE ( 'NONE', #1234, #3122, #1075, .T. ) ;
#2349 = DIRECTION ( 'NONE',  ( 0.000000000000000000, 1.000000000000000000, 0.000000000000000000 ) ) ;
#2350 = AXIS2_PLACEMENT_3D ( 'NONE', #5369, #4867, #65 ) ;
#2351 = EDGE_LOOP ( 'NONE', ( #1163, #595 ) ) ;
#2352 = CYLINDRICAL_SURFACE ( 'NONE', #1000, 2.250000000000002665 ) ;
#2353 = AXIS2_PLACEMENT_3D ( 'NONE', #5775, #4815, #2959 ) ;
#2354 = DIRECTION ( 'NONE',  ( -0.000000000000000000, 1.000000000000000000, -0.000000000000000000 ) ) ;
#2355 = DIRECTION ( 'NONE',  ( -0.000000000000000000, 1.000000000000000000, -0.000000000000000000 ) ) ;
#2356 = VECTOR ( 'NONE', #1459, 1000.000000000000000 ) ;
#2357 = EDGE_LOOP ( 'NONE', ( #1081, #4594 ) ) ;
#2358 = AXIS2_PLACEMENT_3D ( 'NONE', #6018, #1733, #5640 ) ;
#2359 = AXIS2_PLACEMENT_3D ( 'NONE', #4091, #5505, #1643 ) ;
#2360 = VERTEX_POINT ( 'NONE', #1316 ) ;
#2361 = CYLINDRICAL_SURFACE ( 'NONE', #4843, 2.250000000000001776 ) ;
#2362 = AXIS2_PLACEMENT_3D ( 'NONE', #3970, #2021, #109 ) ;
#2363 = CYLINDRICAL_SURFACE ( 'NONE', #2640, 2.999999999999999112 ) ;
#2364 = ORIENTED_EDGE ( 'NONE', *, *, #1580, .T. ) ;
#2365 = AXIS2_PLACEMENT_3D ( 'NONE', #3787, #480, #958 ) ;
#2366 = DIRECTION ( 'NONE',  ( 0.000000000000000000, -0.000000000000000000, 1.000000000000000000 ) ) ;
#2367 = VERTEX_POINT ( 'NONE', #4693 ) ;
#2368 = DIRECTION ( 'NONE',  ( -0.000000000000000000, 1.000000000000000000, -0.000000000000000000 ) ) ;
#2369 = CARTESIAN_POINT ( 'NONE',  ( 1.112978479923238018E-13, 0.000000000000000000, 1.249999999999989786 ) ) ;
#2370 = DIRECTION ( 'NONE',  ( 0.000000000000000000, 1.000000000000000000, 0.000000000000000000 ) ) ;
#2371 = EDGE_LOOP ( 'NONE', ( #1231, #1140 ) ) ;
#2372 = ORIENTED_EDGE ( 'NONE', *, *, #3233, .T. ) ;
#2373 = FACE_OUTER_BOUND ( 'NONE', #5938, .T. ) ;
#2374 = EDGE_CURVE ( 'NONE', #1094, #1814, #1873, .T. ) ;
#2375 = VERTEX_POINT ( 'NONE', #4628 ) ;
#2376 = CARTESIAN_POINT ( 'NONE',  ( -15.99999999999989697, 0.000000000000000000, 5.749999999999995559 ) ) ;
#2377 = CARTESIAN_POINT ( 'NONE',  ( -15.99999999999997868, 0.000000000000000000, -22.75000000000001421 ) ) ;
#2378 = EDGE_LOOP ( 'NONE', ( #5180, #2775, #1804, #729 ) ) ;
#2379 = EDGE_LOOP ( 'NONE', ( #1937, #3404, #5848, #4134 ) ) ;
#2380 = EDGE_CURVE ( 'NONE', #2238, #3733, #1349, .T. ) ;
#2381 = ADVANCED_FACE ( 'NONE', ( #5679 ), #874, .F. ) ;
#2382 = FACE_OUTER_BOUND ( 'NONE', #5843, .T. ) ;
#2383 = CIRCLE ( 'NONE', #6066, 2.499999999999998668 ) ;
#2384 = AXIS2_PLACEMENT_3D ( 'NONE', #4423, #5429, #3984 ) ;
#2385 = VERTEX_POINT ( 'NONE', #5100 ) ;
#2386 = DIRECTION ( 'NONE',  ( -0.000000000000000000, 1.000000000000000000, -0.000000000000000000 ) ) ;
#2387 = CARTESIAN_POINT ( 'NONE',  ( -24.00000000000000711, 0.000000000000000000, -28.50000000000001066 ) ) ;
#2388 = CARTESIAN_POINT ( 'NONE',  ( 8.000000000000076383, 0.000000000000000000, -2.250000000000007994 ) ) ;
#2389 = AXIS2_PLACEMENT_3D ( 'NONE', #6186, #1881, #400 ) ;
#2390 = DIRECTION ( 'NONE',  ( 0.000000000000000000, 1.000000000000000000, 0.000000000000000000 ) ) ;
#2391 = CIRCLE ( 'NONE', #6179, 2.250000000000002665 ) ;
#2392 = EDGE_CURVE ( 'NONE', #5026, #2674, #1535, .T. ) ;
#2393 = DIRECTION ( 'NONE',  ( 0.000000000000000000, 0.000000000000000000, 1.000000000000000000 ) ) ;
#2394 = EDGE_LOOP ( 'NONE', ( #2796, #5812, #3942, #1760 ) ) ;
#2395 = CARTESIAN_POINT ( 'NONE',  ( 32.00000000000000000, 3.000000000000000000, -28.50000000000001066 ) ) ;
#2396 = EDGE_LOOP ( 'NONE', ( #1338, #403, #5299, #5600 ) ) ;
#2397 = FACE_BOUND ( 'NONE', #4667, .T. ) ;
#2398 = EDGE_LOOP ( 'NONE', ( #3866, #888 ) ) ;
#2399 = DIRECTION ( 'NONE',  ( 0.000000000000000000, 0.000000000000000000, 1.000000000000000000 ) ) ;
#2400 = DIRECTION ( 'NONE',  ( -0.000000000000000000, 1.000000000000000000, -0.000000000000000000 ) ) ;
#2401 = CARTESIAN_POINT ( 'NONE',  ( -31.99999999999997868, 0.000000000000000000, -20.50000000000001066 ) ) ;
#2402 = VERTEX_POINT ( 'NONE', #4225 ) ;
#2403 = AXIS2_PLACEMENT_3D ( 'NONE', #531, #1359, #27 ) ;
#2404 = ORIENTED_EDGE ( 'NONE', *, *, #3474, .T. ) ;
#2405 = FACE_OUTER_BOUND ( 'NONE', #4290, .T. ) ;
#2406 = ORIENTED_EDGE ( 'NONE', *, *, #2306, .F. ) ;
#2407 = LINE ( 'NONE', #2344, #1491 ) ;
#2408 = CARTESIAN_POINT ( 'NONE',  ( -15.99999999999992362, 0.000000000000000000, -4.500000000000010658 ) ) ;
#2409 = ORIENTED_EDGE ( 'NONE', *, *, #1126, .F. ) ;
#2410 = ORIENTED_EDGE ( 'NONE', *, *, #5255, .T. ) ;
#2411 = VECTOR ( 'NONE', #2458, 1000.000000000000000 ) ;
#2412 = CIRCLE ( 'NONE', #5995, 2.250000000000001776 ) ;
#2413 = CARTESIAN_POINT ( 'NONE',  ( -15.99999999999997868, 3.000000000000000000, -20.50000000000001066 ) ) ;
#2414 = EDGE_CURVE ( 'NONE', #1827, #5270, #524, .T. ) ;
#2415 = ORIENTED_EDGE ( 'NONE', *, *, #894, .T. ) ;
#2416 = CARTESIAN_POINT ( 'NONE',  ( -23.99999999999984013, 0.000000000000000000, 21.74999999999999645 ) ) ;
#2417 = FACE_OUTER_BOUND ( 'NONE', #985, .T. ) ;
#2418 = LINE ( 'NONE', #1020, #2831 ) ;
#2419 =( GEOMETRIC_REPRESENTATION_CONTEXT ( 3 ) GLOBAL_UNCERTAINTY_ASSIGNED_CONTEXT ( ( #4180 ) ) GLOBAL_UNIT_ASSIGNED_CONTEXT ( ( #2716, #3717, #4642 ) ) REPRESENTATION_CONTEXT ( 'NONE', 'WORKASPACE' ) );
#2420 = ORIENTED_EDGE ( 'NONE', *, *, #5383, .T. ) ;
#2421 = DIRECTION ( 'NONE',  ( 0.000000000000000000, 0.000000000000000000, 1.000000000000000000 ) ) ;
#2422 = CIRCLE ( 'NONE', #1240, 2.250000000000001776 ) ;
#2423 = EDGE_CURVE ( 'NONE', #5805, #3009, #2614, .T. ) ;
#2424 = DIRECTION ( 'NONE',  ( -0.000000000000000000, 1.000000000000000000, -0.000000000000000000 ) ) ;
#2425 = ORIENTED_EDGE ( 'NONE', *, *, #1026, .T. ) ;
#2426 = ADVANCED_FACE ( 'NONE', ( #940 ), #489, .F. ) ;
#2427 = DIRECTION ( 'NONE',  ( 0.000000000000000000, 0.000000000000000000, 1.000000000000000000 ) ) ;
#2428 = ORIENTED_EDGE ( 'NONE', *, *, #1899, .F. ) ;
#2429 = CARTESIAN_POINT ( 'NONE',  ( 24.00000000000010303, 0.000000000000000000, 1.249999999999989786 ) ) ;
#2430 = AXIS2_PLACEMENT_3D ( 'NONE', #5033, #292, #1311 ) ;
#2431 = ORIENTED_EDGE ( 'NONE', *, *, #2789, .F. ) ;
#2432 = CARTESIAN_POINT ( 'NONE',  ( 40.00000000000004974, 0.000000000000000000, -12.50000000000001421 ) ) ;
#2433 = DIRECTION ( 'NONE',  ( 0.000000000000000000, 1.000000000000000000, 0.000000000000000000 ) ) ;
#2434 = DIRECTION ( 'NONE',  ( -0.000000000000000000, 1.000000000000000000, -0.000000000000000000 ) ) ;
#2435 = FACE_OUTER_BOUND ( 'NONE', #1925, .T. ) ;
#2436 = ORIENTED_EDGE ( 'NONE', *, *, #3406, .F. ) ;
#2437 = DIRECTION ( 'NONE',  ( -0.000000000000000000, 1.000000000000000000, -0.000000000000000000 ) ) ;
#2438 = CARTESIAN_POINT ( 'NONE',  ( -8.000000000000007105, 0.000000000000000000, -30.75000000000001421 ) ) ;
#2439 = ORIENTED_EDGE ( 'NONE', *, *, #2034, .T. ) ;
#2440 = DIRECTION ( 'NONE',  ( 0.000000000000000000, 0.000000000000000000, 1.000000000000000000 ) ) ;
#2441 = ORIENTED_EDGE ( 'NONE', *, *, #3929, .F. ) ;
#2442 = DIRECTION ( 'NONE',  ( 0.000000000000000000, 1.000000000000000000, 0.000000000000000000 ) ) ;
#2443 = LINE ( 'NONE', #5663, #2870 ) ;
#2444 = FACE_OUTER_BOUND ( 'NONE', #3318, .T. ) ;
#2445 = ORIENTED_EDGE ( 'NONE', *, *, #5061, .T. ) ;
#2446 = CARTESIAN_POINT ( 'NONE',  ( -23.99999999999984013, 0.000000000000000000, 17.24999999999998934 ) ) ;
#2447 = EDGE_CURVE ( 'NONE', #974, #3198, #5231, .T. ) ;
#2448 = CIRCLE ( 'NONE', #1263, 2.250000000000001776 ) ;
#2449 = DIRECTION ( 'NONE',  ( -0.000000000000000000, 1.000000000000000000, -0.000000000000000000 ) ) ;
#2450 = EDGE_LOOP ( 'NONE', ( #3763, #4968 ) ) ;
#2451 = EDGE_CURVE ( 'NONE', #2226, #1998, #5173, .T. ) ;
#2452 = AXIS2_PLACEMENT_3D ( 'NONE', #2223, #6166, #5693 ) ;
#2453 = VERTEX_POINT ( 'NONE', #3765 ) ;
#2454 = EDGE_CURVE ( 'NONE', #466, #1021, #1031, .T. ) ;
#2455 = DIRECTION ( 'NONE',  ( 0.000000000000000000, 0.000000000000000000, 1.000000000000000000 ) ) ;
#2456 = CIRCLE ( 'NONE', #460, 2.250000000000002665 ) ;
#2457 = VECTOR ( 'NONE', #1087, 1000.000000000000000 ) ;
#2458 = DIRECTION ( 'NONE',  ( -0.000000000000000000, 1.000000000000000000, -0.000000000000000000 ) ) ;
#2459 = EDGE_LOOP ( 'NONE', ( #3856, #392, #2680, #3243 ) ) ;
#2460 = LINE ( 'NONE', #4410, #3650 ) ;
#2461 = CYLINDRICAL_SURFACE ( 'NONE', #1956, 2.250000000000001776 ) ;
#2462 = FACE_OUTER_BOUND ( 'NONE', #3225, .T. ) ;
#2463 = EDGE_LOOP ( 'NONE', ( #4634, #5866, #5878, #2280 ) ) ;
#2464 = CARTESIAN_POINT ( 'NONE',  ( 1.942890293094023946E-13, 0.000000000000000000, 29.74999999999998934 ) ) ;
#2465 = EDGE_LOOP ( 'NONE', ( #5020, #2210, #3432, #4147 ) ) ;
#2466 = EDGE_CURVE ( 'NONE', #3332, #782, #394, .T. ) ;
#2467 = CARTESIAN_POINT ( 'NONE',  ( 32.00000000000000000, 0.000000000000000000, -28.50000000000001066 ) ) ;
#2468 = CARTESIAN_POINT ( 'NONE',  ( 39.99999999999999289, 3.000000000000000000, -30.75000000000001776 ) ) ;
#2469 = EDGE_LOOP ( 'NONE', ( #2573, #4204 ) ) ;
#2470 = DIRECTION ( 'NONE',  ( -0.000000000000000000, 1.000000000000000000, -0.000000000000000000 ) ) ;
#2471 = ORIENTED_EDGE ( 'NONE', *, *, #836, .T. ) ;
#2472 = CIRCLE ( 'NONE', #3860, 2.250000000000001776 ) ;
#2473 = CARTESIAN_POINT ( 'NONE',  ( 24.00000000000007816, 3.000000000000000000, -4.500000000000010658 ) ) ;
#2474 = LINE ( 'NONE', #2388, #739 ) ;
#2475 = ORIENTED_EDGE ( 'NONE', *, *, #1500, .T. ) ;
#2476 = VERTEX_POINT ( 'NONE', #2732 ) ;
#2477 = AXIS2_PLACEMENT_3D ( 'NONE', #5099, #1712, #5513 ) ;
#2478 = DIRECTION ( 'NONE',  ( 0.000000000000000000, 1.000000000000000000, 0.000000000000000000 ) ) ;
#2479 = CIRCLE ( 'NONE', #993, 2.999999999999999112 ) ;
#2480 = VECTOR ( 'NONE', #4729, 1000.000000000000000 ) ;
#2481 = CARTESIAN_POINT ( 'NONE',  ( 32.00000000000005684, 0.000000000000000000, -10.25000000000000888 ) ) ;
#2482 = ORIENTED_EDGE ( 'NONE', *, *, #5415, .F. ) ;
#2483 = EDGE_CURVE ( 'NONE', #3522, #912, #1381, .T. ) ;
#2484 = EDGE_LOOP ( 'NONE', ( #4100, #2652, #951, #4138 ) ) ;
#2485 = CARTESIAN_POINT ( 'NONE',  ( 7.999999999999992895, 0.000000000000000000, -30.75000000000001421 ) ) ;
#2486 = ADVANCED_FACE ( 'NONE', ( #2798 ), #2270, .F. ) ;
#2487 = ADVANCED_FACE ( 'NONE', ( #5740 ), #4351, .F. ) ;
#2488 = LINE ( 'NONE', #4408, #5650 ) ;
#2489 = ORIENTED_EDGE ( 'NONE', *, *, #1802, .F. ) ;
#2490 = PLANE ( 'NONE',  #5451 ) ;
#2491 = FACE_OUTER_BOUND ( 'NONE', #4433, .T. ) ;
#2492 = CYLINDRICAL_SURFACE ( 'NONE', #1164, 2.250000000000001776 ) ;
#2493 = DIRECTION ( 'NONE',  ( 0.000000000000000000, 0.000000000000000000, 1.000000000000000000 ) ) ;
#2494 = EDGE_LOOP ( 'NONE', ( #2834, #4368, #2721, #3053 ) ) ;
#2495 = EDGE_CURVE ( 'NONE', #3034, #4755, #2722, .T. ) ;
#2496 = DIRECTION ( 'NONE',  ( 0.000000000000000000, 0.000000000000000000, 1.000000000000000000 ) ) ;
#2497 = DIRECTION ( 'NONE',  ( 0.000000000000000000, 1.000000000000000000, 0.000000000000000000 ) ) ;
#2498 = ORIENTED_EDGE ( 'NONE', *, *, #3166, .F. ) ;
#2499 = CARTESIAN_POINT ( 'NONE',  ( 40.00000000000002132, 3.000000000000000000, -18.25000000000001421 ) ) ;
#2500 = AXIS2_PLACEMENT_3D ( 'NONE', #6133, #4736, #5660 ) ;
#2501 = ADVANCED_FACE ( 'NONE', ( #140 ), #5868, .T. ) ;
#2502 = ORIENTED_EDGE ( 'NONE', *, *, #130, .T. ) ;
#2503 = DIRECTION ( 'NONE',  ( 0.000000000000000000, 0.000000000000000000, 1.000000000000000000 ) ) ;
#2504 = DIRECTION ( 'NONE',  ( 0.000000000000000000, 0.000000000000000000, 1.000000000000000000 ) ) ;
#2505 = CARTESIAN_POINT ( 'NONE',  ( 8.000000000000159872, 0.000000000000000000, 19.49999999999999289 ) ) ;
#2506 = AXIS2_PLACEMENT_3D ( 'NONE', #2133, #4581, #2655 ) ;
#2508 = ORIENTED_EDGE ( 'NONE', *, *, #3822, .F. ) ;
#2507 = CIRCLE ( 'NONE', #3987, 2.250000000000001776 ) ;
#2509 = ORIENTED_EDGE ( 'NONE', *, *, #4715, .T. ) ;
#2510 = LINE ( 'NONE', #5404, #4340 ) ;
#2511 = CARTESIAN_POINT ( 'NONE',  ( 24.00000000000010303, 3.000000000000000000, 3.499999999999992895 ) ) ;
#2512 = ORIENTED_EDGE ( 'NONE', *, *, #1134, .F. ) ;
#2513 = AXIS2_PLACEMENT_3D ( 'NONE', #4845, #3064, #5352 ) ;
#2514 = EDGE_LOOP ( 'NONE', ( #5764, #4343 ) ) ;
#2515 = CARTESIAN_POINT ( 'NONE',  ( -7.999999999999923617, 0.000000000000000000, -4.500000000000010658 ) ) ;
#2517 = ORIENTED_EDGE ( 'NONE', *, *, #5730, .T. ) ;
#2516 = VECTOR ( 'NONE', #4077, 1000.000000000000000 ) ;
#2518 = EDGE_CURVE ( 'NONE', #6183, #355, #861, .T. ) ;
#2519 = CARTESIAN_POINT ( 'NONE',  ( -7.999999999999979572, 0.000000000000000000, -22.75000000000001421 ) ) ;
#2520 = CARTESIAN_POINT ( 'NONE',  ( -23.99999999999995026, 0.000000000000000000, -12.50000000000001066 ) ) ;
#2521 = DIRECTION ( 'NONE',  ( 0.000000000000000000, 1.000000000000000000, 0.000000000000000000 ) ) ;
#2522 = AXIS2_PLACEMENT_3D ( 'NONE', #3391, #1621, #675 ) ;
#2523 = ORIENTED_EDGE ( 'NONE', *, *, #1627, .F. ) ;
#2524 = DIRECTION ( 'NONE',  ( -0.000000000000000000, 1.000000000000000000, -0.000000000000000000 ) ) ;
#2525 = DIRECTION ( 'NONE',  ( 0.000000000000000000, 1.000000000000000000, 0.000000000000000000 ) ) ;
#2526 = DIRECTION ( 'NONE',  ( -0.000000000000000000, 1.000000000000000000, -0.000000000000000000 ) ) ;
#2527 = ORIENTED_EDGE ( 'NONE', *, *, #4692, .F. ) ;
#2528 = CARTESIAN_POINT ( 'NONE',  ( -31.99999999999986855, 3.000000000000000000, 13.74999999999998757 ) ) ;
#2529 = ADVANCED_FACE ( 'NONE', ( #4411 ), #1531, .F. ) ;
#2530 = EDGE_LOOP ( 'NONE', ( #2784, #5305 ) ) ;
#2531 = CARTESIAN_POINT ( 'NONE',  ( 32.00000000000019185, 0.000000000000000000, 29.74999999999998934 ) ) ;
#2532 = DIRECTION ( 'NONE',  ( -0.000000000000000000, 1.000000000000000000, -0.000000000000000000 ) ) ;
#2533 = DIRECTION ( 'NONE',  ( 0.000000000000000000, 0.000000000000000000, 1.000000000000000000 ) ) ;
#2534 = ORIENTED_EDGE ( 'NONE', *, *, #340, .F. ) ;
#2535 = ADVANCED_FACE ( 'NONE', ( #5265 ), #4319, .F. ) ;
#2536 = ORIENTED_EDGE ( 'NONE', *, *, #5002, .T. ) ;
#2537 = CARTESIAN_POINT ( 'NONE',  ( 19.08551248218999419, 0.000000000000000000, 25.86449971279400017 ) ) ;
#2538 = AXIS2_PLACEMENT_3D ( 'NONE', #4954, #3521, #4986 ) ;
#2539 = EDGE_CURVE ( 'NONE', #1379, #5659, #1368, .T. ) ;
#2540 = DIRECTION ( 'NONE',  ( 0.000000000000000000, 0.000000000000000000, 1.000000000000000000 ) ) ;
#2541 = VERTEX_POINT ( 'NONE', #1476 ) ;
#2542 = AXIS2_PLACEMENT_3D ( 'NONE', #3359, #2370, #2830 ) ;
#2543 = CARTESIAN_POINT ( 'NONE',  ( 19.08551248218999419, 7.000000000000000000, 24.50000000000000355 ) ) ;
#2544 = EDGE_LOOP ( 'NONE', ( #3310, #6060 ) ) ;
#2545 = CARTESIAN_POINT ( 'NONE',  ( -39.00000000000000711, 7.000000000000000000, 24.50000000000000355 ) ) ;
#2546 = AXIS2_PLACEMENT_3D ( 'NONE', #3663, #539, #2724 ) ;
#2547 = CARTESIAN_POINT ( 'NONE',  ( -23.99999999999981171, 3.000000000000000000, 27.49999999999998579 ) ) ;
#2548 = DIRECTION ( 'NONE',  ( 0.000000000000000000, 1.000000000000000000, 0.000000000000000000 ) ) ;
#2549 = VECTOR ( 'NONE', #3121, 1000.000000000000000 ) ;
#2550 = CYLINDRICAL_SURFACE ( 'NONE', #4206, 2.250000000000002665 ) ;
#2551 = FACE_OUTER_BOUND ( 'NONE', #3888, .T. ) ;
#2552 = CARTESIAN_POINT ( 'NONE',  ( 32.00000000000008527, 0.000000000000000000, -6.750000000000014211 ) ) ;
#2553 = ORIENTED_EDGE ( 'NONE', *, *, #378, .T. ) ;
#2554 = CARTESIAN_POINT ( 'NONE',  ( -23.99999999999981171, 0.000000000000000000, 25.24999999999998579 ) ) ;
#2555 = EDGE_CURVE ( 'NONE', #4286, #2620, #4430, .T. ) ;
#2556 = ORIENTED_EDGE ( 'NONE', *, *, #262, .T. ) ;
#2557 = PLANE ( 'NONE',  #3569 ) ;
#2558 = DIRECTION ( 'NONE',  ( 0.000000000000000000, 0.000000000000000000, 1.000000000000000000 ) ) ;
#2559 = CARTESIAN_POINT ( 'NONE',  ( -16.00000000000000711, 0.000000000000000000, -26.25000000000001066 ) ) ;
#2560 = ADVANCED_FACE ( 'NONE', ( #2491 ), #2461, .F. ) ;
#2561 = ORIENTED_EDGE ( 'NONE', *, *, #2918, .T. ) ;
#2562 = ADVANCED_FACE ( 'NONE', ( #5837 ), #552, .F. ) ;
#2563 = ORIENTED_EDGE ( 'NONE', *, *, #4111, .F. ) ;
#2564 = ORIENTED_EDGE ( 'NONE', *, *, #6092, .T. ) ;
#2565 = CARTESIAN_POINT ( 'NONE',  ( -15.99999999999981348, 3.000000000000000000, 27.49999999999998579 ) ) ;
#2566 = VECTOR ( 'NONE', #2368, 1000.000000000000000 ) ;
#2567 = FACE_OUTER_BOUND ( 'NONE', #2099, .T. ) ;
#2568 = AXIS2_PLACEMENT_3D ( 'NONE', #2473, #3810, #2813 ) ;
#2569 = ADVANCED_FACE ( 'NONE', ( #4881 ), #3013, .F. ) ;
#2570 = ORIENTED_EDGE ( 'NONE', *, *, #5533, .T. ) ;
#2571 = VECTOR ( 'NONE', #1386, 1000.000000000000000 ) ;
#2572 = CYLINDRICAL_SURFACE ( 'NONE', #1961, 2.250000000000001776 ) ;
#2573 = ORIENTED_EDGE ( 'NONE', *, *, #4039, .F. ) ;
#2574 = DIRECTION ( 'NONE',  ( 0.000000000000000000, 1.000000000000000000, 0.000000000000000000 ) ) ;
#2575 = CYLINDRICAL_SURFACE ( 'NONE', #2643, 2.250000000000001776 ) ;
#2576 = DIRECTION ( 'NONE',  ( -0.000000000000000000, -1.000000000000000000, -0.000000000000000000 ) ) ;
#2577 = CARTESIAN_POINT ( 'NONE',  ( 40.00000000000016342, 3.000000000000000000, 17.24999999999998579 ) ) ;
#2578 = CARTESIAN_POINT ( 'NONE',  ( -7.999999999999923617, 0.000000000000000000, -4.500000000000010658 ) ) ;
#2579 = CARTESIAN_POINT ( 'NONE',  ( -39.00000000000000711, 3.000000000000000000, -26.99999999999999645 ) ) ;
#2580 = VERTEX_POINT ( 'NONE', #585 ) ;
#2581 = CYLINDRICAL_SURFACE ( 'NONE', #3209, 2.250000000000001776 ) ;
#2582 = CARTESIAN_POINT ( 'NONE',  ( 7.999999999999992895, 3.000000000000000000, -26.25000000000001066 ) ) ;
#2583 = EDGE_CURVE ( 'NONE', #4864, #5751, #3944, .T. ) ;
#2584 = CARTESIAN_POINT ( 'NONE',  ( -15.99999999999989697, 0.000000000000000000, 3.499999999999992895 ) ) ;
#2585 = CARTESIAN_POINT ( 'NONE',  ( -15.99999999999995204, 0.000000000000000000, -10.25000000000000888 ) ) ;
#2586 = DIRECTION ( 'NONE',  ( -0.000000000000000000, 1.000000000000000000, -0.000000000000000000 ) ) ;
#2587 = ORIENTED_EDGE ( 'NONE', *, *, #3174, .F. ) ;
#2588 = ORIENTED_EDGE ( 'NONE', *, *, #3884, .T. ) ;
#2589 = ORIENTED_EDGE ( 'NONE', *, *, #2046, .F. ) ;
#2590 = ADVANCED_FACE ( 'NONE', ( #5773 ), #5384, .F. ) ;
#2591 = DIRECTION ( 'NONE',  ( 0.000000000000000000, 1.000000000000000000, 0.000000000000000000 ) ) ;
#2592 = VECTOR ( 'NONE', #178, 1000.000000000000000 ) ;
#2593 = DIRECTION ( 'NONE',  ( 0.000000000000000000, -0.000000000000000000, 1.000000000000000000 ) ) ;
#2594 = LINE ( 'NONE', #1674, #5387 ) ;
#2595 = CIRCLE ( 'NONE', #4979, 2.250000000000001776 ) ;
#2596 = CIRCLE ( 'NONE', #3695, 2.250000000000002665 ) ;
#2597 = EDGE_CURVE ( 'NONE', #1370, #883, #113, .T. ) ;
#2598 = EDGE_LOOP ( 'NONE', ( #5706, #1847, #4222, #5311 ) ) ;
#2599 = PRODUCT_CONTEXT ( 'NONE', #356, 'mechanical' ) ;
#2600 = CARTESIAN_POINT ( 'NONE',  ( -31.99999999999995381, 0.000000000000000000, -10.25000000000000888 ) ) ;
#2601 = ORIENTED_EDGE ( 'NONE', *, *, #5096, .T. ) ;
#2602 = FACE_BOUND ( 'NONE', #3908, .T. ) ;
#2603 = EDGE_CURVE ( 'NONE', #1749, #4855, #5537, .T. ) ;
#2604 = DIRECTION ( 'NONE',  ( 0.000000000000000000, 0.000000000000000000, 1.000000000000000000 ) ) ;
#2605 = FACE_OUTER_BOUND ( 'NONE', #3255, .T. ) ;
#2606 = FACE_OUTER_BOUND ( 'NONE', #1480, .T. ) ;
#2607 = AXIS2_PLACEMENT_3D ( 'NONE', #3637, #4564, #4511 ) ;
#2608 = DIRECTION ( 'NONE',  ( -0.000000000000000000, 1.000000000000000000, -0.000000000000000000 ) ) ;
#2609 = CARTESIAN_POINT ( 'NONE',  ( -24.00000000000000711, 0.000000000000000000, -28.50000000000001066 ) ) ;
#2610 = ORIENTED_EDGE ( 'NONE', *, *, #312, .T. ) ;
#2611 = FACE_OUTER_BOUND ( 'NONE', #3004, .T. ) ;
#2612 = DIRECTION ( 'NONE',  ( -0.000000000000000000, 1.000000000000000000, -0.000000000000000000 ) ) ;
#2613 = AXIS2_PLACEMENT_3D ( 'NONE', #4818, #590, #558 ) ;
#2614 = CIRCLE ( 'NONE', #725, 2.250000000000001776 ) ;
#2615 = ORIENTED_EDGE ( 'NONE', *, *, #3617, .T. ) ;
#2616 = DIRECTION ( 'NONE',  ( 0.000000000000000000, 0.000000000000000000, 1.000000000000000000 ) ) ;
#2617 = DIRECTION ( 'NONE',  ( -0.000000000000000000, 1.000000000000000000, -0.000000000000000000 ) ) ;
#2618 = CARTESIAN_POINT ( 'NONE',  ( 45.00000000000000000, 3.000000000000000000, 29.49999999999998934 ) ) ;
#2619 = ORIENTED_EDGE ( 'NONE', *, *, #2597, .F. ) ;
#2620 = VERTEX_POINT ( 'NONE', #3072 ) ;
#2621 = DIRECTION ( 'NONE',  ( 0.000000000000000000, 1.000000000000000000, 0.000000000000000000 ) ) ;
#2622 = VECTOR ( 'NONE', #4296, 1000.000000000000000 ) ;
#2623 = VERTEX_POINT ( 'NONE', #3535 ) ;
#2624 = PLANE ( 'NONE',  #117 ) ;
#2625 = CARTESIAN_POINT ( 'NONE',  ( 24.00000000000013145, 3.000000000000000000, 9.249999999999984013 ) ) ;
#2626 = EDGE_LOOP ( 'NONE', ( #3307, #929 ) ) ;
#2627 = EDGE_CURVE ( 'NONE', #2081, #115, #5439, .T. ) ;
#2628 = CARTESIAN_POINT ( 'NONE',  ( -45.00000000000000000, 0.000000000000000000, 32.50000000000000000 ) ) ;
#2629 = ORIENTED_EDGE ( 'NONE', *, *, #5245, .T. ) ;
#2630 = EDGE_CURVE ( 'NONE', #2238, #99, #3443, .T. ) ;
#2631 = FACE_BOUND ( 'NONE', #4258, .T. ) ;
#2632 = ADVANCED_FACE ( 'NONE', ( #1616 ), #2575, .F. ) ;
#2633 = DIRECTION ( 'NONE',  ( -0.000000000000000000, 1.000000000000000000, -0.000000000000000000 ) ) ;
#2634 = DIRECTION ( 'NONE',  ( 0.000000000000000000, 0.000000000000000000, 1.000000000000000000 ) ) ;
#2635 = EDGE_CURVE ( 'NONE', #790, #3509, #2200, .T. ) ;
#2636 = CIRCLE ( 'NONE', #1557, 2.250000000000001776 ) ;
#2637 = FACE_BOUND ( 'NONE', #1099, .T. ) ;
#2638 = CARTESIAN_POINT ( 'NONE',  ( -39.00000000000000711, 0.000000000000000000, 24.50000000000000355 ) ) ;
#2639 = DIRECTION ( 'NONE',  ( -0.000000000000000000, 1.000000000000000000, -0.000000000000000000 ) ) ;
#2640 = AXIS2_PLACEMENT_3D ( 'NONE', #3197, #1309, #5673 ) ;
#2641 = CARTESIAN_POINT ( 'NONE',  ( 19.08551248218999419, 0.000000000000000000, 24.50000000000000355 ) ) ;
#2642 = DIRECTION ( 'NONE',  ( 0.000000000000000000, 1.000000000000000000, 0.000000000000000000 ) ) ;
#2643 = AXIS2_PLACEMENT_3D ( 'NONE', #5957, #5060, #4473 ) ;
#2644 = EDGE_CURVE ( 'NONE', #3688, #4266, #6043, .T. ) ;
#2645 = ORIENTED_EDGE ( 'NONE', *, *, #4308, .F. ) ;
#2646 = DIRECTION ( 'NONE',  ( 0.000000000000000000, 0.000000000000000000, 1.000000000000000000 ) ) ;
#2647 = EDGE_LOOP ( 'NONE', ( #5912, #3300 ) ) ;
#2648 = CARTESIAN_POINT ( 'NONE',  ( 41.99999999999999289, 3.000000000000000000, 32.49999999999998579 ) ) ;
#2649 = FACE_OUTER_BOUND ( 'NONE', #5465, .T. ) ;
#2650 = ORIENTED_EDGE ( 'NONE', *, *, #682, .F. ) ;
#2651 = CIRCLE ( 'NONE', #1373, 2.250000000000001776 ) ;
#2652 = ORIENTED_EDGE ( 'NONE', *, *, #3471, .F. ) ;
#2653 = DIRECTION ( 'NONE',  ( -0.000000000000000000, 1.000000000000000000, -0.000000000000000000 ) ) ;
#2654 = CYLINDRICAL_SURFACE ( 'NONE', #3601, 2.250000000000001776 ) ;
#2655 = DIRECTION ( 'NONE',  ( 0.000000000000000000, 0.000000000000000000, 1.000000000000000000 ) ) ;
#2656 =( LENGTH_UNIT ( ) NAMED_UNIT ( * ) SI_UNIT ( .MILLI., .METRE. ) );
#2657 = FACE_OUTER_BOUND ( 'NONE', #3202, .T. ) ;
#2658 = ORIENTED_EDGE ( 'NONE', *, *, #6114, .T. ) ;
#2659 = FACE_BOUND ( 'NONE', #3849, .T. ) ;
#2660 = CARTESIAN_POINT ( 'NONE',  ( 32.00000000000000000, 3.000000000000000000, -26.25000000000001066 ) ) ;
#2661 = EDGE_CURVE ( 'NONE', #1195, #2623, #261, .T. ) ;
#2662 = CARTESIAN_POINT ( 'NONE',  ( -23.99999999999995026, 0.000000000000000000, -14.75000000000001243 ) ) ;
#2663 = AXIS2_PLACEMENT_3D ( 'NONE', #2999, #4952, #3026 ) ;
#2664 = ADVANCED_FACE ( 'NONE', ( #1248 ), #5449, .F. ) ;
#2665 = FACE_BOUND ( 'NONE', #3126, .T. ) ;
#2666 = DIRECTION ( 'NONE',  ( 0.000000000000000000, 1.000000000000000000, 0.000000000000000000 ) ) ;
#2667 = VERTEX_POINT ( 'NONE', #5987 ) ;
#2668 = DIRECTION ( 'NONE',  ( 0.000000000000000000, 0.000000000000000000, 1.000000000000000000 ) ) ;
#2669 = CIRCLE ( 'NONE', #6174, 2.250000000000001776 ) ;
#2670 = LINE ( 'NONE', #3141, #1334 ) ;
#2671 = CARTESIAN_POINT ( 'NONE',  ( -24.99999999999999645, 2.000000000000000000, 7.500000000000007105 ) ) ;
#2672 = AXIS2_PLACEMENT_3D ( 'NONE', #206, #2031, #1565 ) ;
#2673 = EDGE_LOOP ( 'NONE', ( #2869, #5474 ) ) ;
#2674 = VERTEX_POINT ( 'NONE', #764 ) ;
#2675 = DIRECTION ( 'NONE',  ( -0.000000000000000000, 1.000000000000000000, -0.000000000000000000 ) ) ;
#2676 = ORIENTED_EDGE ( 'NONE', *, *, #4189, .T. ) ;
#2677 = FACE_OUTER_BOUND ( 'NONE', #3752, .T. ) ;
#2678 = DIRECTION ( 'NONE',  ( 0.000000000000000000, 1.000000000000000000, 0.000000000000000000 ) ) ;
#2679 = ORIENTED_EDGE ( 'NONE', *, *, #3824, .F. ) ;
#2680 = ORIENTED_EDGE ( 'NONE', *, *, #4419, .T. ) ;
#2681 = EDGE_CURVE ( 'NONE', #2091, #1070, #3568, .T. ) ;
#2682 = CARTESIAN_POINT ( 'NONE',  ( 32.00000000000019185, 0.000000000000000000, 27.49999999999998579 ) ) ;
#2683 = ORIENTED_EDGE ( 'NONE', *, *, #6038, .F. ) ;
#2684 = CARTESIAN_POINT ( 'NONE',  ( -16.00000000000000711, 3.000000000000000000, -28.50000000000001066 ) ) ;
#2685 = DIRECTION ( 'NONE',  ( 0.000000000000000000, 0.000000000000000000, 1.000000000000000000 ) ) ;
#2686 = ORIENTED_EDGE ( 'NONE', *, *, #5115, .T. ) ;
#2687 = AXIS2_PLACEMENT_3D ( 'NONE', #681, #651, #2994 ) ;
#2688 = SURFACE_STYLE_USAGE ( .BOTH. , #257 ) ;
#2689 = CARTESIAN_POINT ( 'NONE',  ( -7.999999999999840128, 3.000000000000000000, 19.49999999999999289 ) ) ;
#2690 = CIRCLE ( 'NONE', #3491, 1.364499712793995734 ) ;
#2691 = FACE_BOUND ( 'NONE', #4425, .T. ) ;
#2692 = AXIS2_PLACEMENT_3D ( 'NONE', #4640, #2282, #2712 ) ;
#2693 = DIRECTION ( 'NONE',  ( -0.000000000000000000, 1.000000000000000000, -0.000000000000000000 ) ) ;
#2694 = FACE_OUTER_BOUND ( 'NONE', #359, .T. ) ;
#2695 = DIRECTION ( 'NONE',  ( 0.000000000000000000, 0.000000000000000000, 1.000000000000000000 ) ) ;
#2696 = EDGE_CURVE ( 'NONE', #5751, #3990, #3345, .T. ) ;
#2697 = CYLINDRICAL_SURFACE ( 'NONE', #4454, 2.250000000000001776 ) ;
#2698 = ORIENTED_EDGE ( 'NONE', *, *, #3047, .T. ) ;
#2699 = DIRECTION ( 'NONE',  ( 0.000000000000000000, 1.000000000000000000, 0.000000000000000000 ) ) ;
#2700 = DIRECTION ( 'NONE',  ( -0.000000000000000000, 1.000000000000000000, -0.000000000000000000 ) ) ;
#2701 = LINE ( 'NONE', #2671, #1415 ) ;
#2702 = AXIS2_PLACEMENT_3D ( 'NONE', #4687, #1030, #4345 ) ;
#2703 = EDGE_LOOP ( 'NONE', ( #5183, #717, #5818, #3275 ) ) ;
#2704 = ORIENTED_EDGE ( 'NONE', *, *, #2840, .T. ) ;
#2705 = DIRECTION ( 'NONE',  ( -0.000000000000000000, 1.000000000000000000, -0.000000000000000000 ) ) ;
#2706 = DIRECTION ( 'NONE',  ( 0.000000000000000000, 1.000000000000000000, 0.000000000000000000 ) ) ;
#2707 = DIRECTION ( 'NONE',  ( 0.000000000000000000, 0.000000000000000000, 1.000000000000000000 ) ) ;
#2708 = ORIENTED_EDGE ( 'NONE', *, *, #2949, .T. ) ;
#2709 = EDGE_LOOP ( 'NONE', ( #5586, #964, #3611, #1672 ) ) ;
#2710 = CIRCLE ( 'NONE', #2022, 2.250000000000001776 ) ;
#2711 = ADVANCED_FACE ( 'NONE', ( #5926 ), #2139, .F. ) ;
#2712 = DIRECTION ( 'NONE',  ( 0.000000000000000000, 0.000000000000000000, 1.000000000000000000 ) ) ;
#2713 = EDGE_CURVE ( 'NONE', #28, #5197, #1220, .T. ) ;
#2714 = VERTEX_POINT ( 'NONE', #737 ) ;
#2715 = EDGE_CURVE ( 'NONE', #3022, #3955, #3602, .T. ) ;
#2716 =( LENGTH_UNIT ( ) NAMED_UNIT ( * ) SI_UNIT ( .MILLI., .METRE. ) );
#2717 = DIRECTION ( 'NONE',  ( 0.000000000000000000, 0.000000000000000000, 1.000000000000000000 ) ) ;
#2718 = DIRECTION ( 'NONE',  ( 0.000000000000000000, 0.000000000000000000, 1.000000000000000000 ) ) ;
#2719 = EDGE_LOOP ( 'NONE', ( #1489, #1830, #5661, #835 ) ) ;
#2720 = EDGE_CURVE ( 'NONE', #445, #1474, #1750, .T. ) ;
#2721 = ORIENTED_EDGE ( 'NONE', *, *, #2004, .T. ) ;
#2722 = CIRCLE ( 'NONE', #839, 2.250000000000001776 ) ;
#2723 = FACE_BOUND ( 'NONE', #3930, .T. ) ;
#2724 = DIRECTION ( 'NONE',  ( 0.000000000000000000, 0.000000000000000000, 1.000000000000000000 ) ) ;
#2725 = DIRECTION ( 'NONE',  ( 0.000000000000000000, 1.000000000000000000, 0.000000000000000000 ) ) ;
#2726 = ORIENTED_EDGE ( 'NONE', *, *, #1853, .F. ) ;
#2727 = VECTOR ( 'NONE', #31, 1000.000000000000000 ) ;
#2728 = FACE_BOUND ( 'NONE', #3428, .T. ) ;
#2729 = DIRECTION ( 'NONE',  ( 0.000000000000000000, 0.000000000000000000, 1.000000000000000000 ) ) ;
#2730 = VERTEX_POINT ( 'NONE', #3506 ) ;
#2731 = DIRECTION ( 'NONE',  ( 0.000000000000000000, 0.000000000000000000, 1.000000000000000000 ) ) ;
#2732 = CARTESIAN_POINT ( 'NONE',  ( -39.00000000000000711, 0.000000000000000000, 23.13550028720600693 ) ) ;
#2733 = CARTESIAN_POINT ( 'NONE',  ( 8.000000000000159872, 3.000000000000000000, 17.24999999999998934 ) ) ;
#2734 = CIRCLE ( 'NONE', #4124, 2.250000000000001776 ) ;
#2735 = EDGE_LOOP ( 'NONE', ( #20, #1468, #2769, #4172 ) ) ;
#2736 = ORIENTED_EDGE ( 'NONE', *, *, #1732, .F. ) ;
#2737 = CARTESIAN_POINT ( 'NONE',  ( -39.00000000000000711, 7.000000000000000000, -24.49999999999999289 ) ) ;
#2738 = VERTEX_POINT ( 'NONE', #2660 ) ;
#2739 = CARTESIAN_POINT ( 'NONE',  ( 32.00000000000000000, 0.000000000000000000, -26.25000000000001066 ) ) ;
#2740 = CYLINDRICAL_SURFACE ( 'NONE', #3647, 2.250000000000001776 ) ;
#2741 = ORIENTED_EDGE ( 'NONE', *, *, #4386, .F. ) ;
#2742 = ORIENTED_EDGE ( 'NONE', *, *, #422, .T. ) ;
#2743 = CIRCLE ( 'NONE', #51, 2.250000000000001776 ) ;
#2744 = CARTESIAN_POINT ( 'NONE',  ( 2.109222724152983922E-14, 0.000000000000000000, -22.75000000000001421 ) ) ;
#2745 = ADVANCED_FACE ( 'NONE', ( #6017 ), #1731, .F. ) ;
#2746 = AXIS2_PLACEMENT_3D ( 'NONE', #4196, #2304, #5582 ) ;
#2747 = ORIENTED_EDGE ( 'NONE', *, *, #4429, .T. ) ;
#2748 = EDGE_CURVE ( 'NONE', #2110, #883, #5538, .T. ) ;
#2749 = ADVANCED_FACE ( 'NONE', ( #5895 ), #1156, .F. ) ;
#2750 = CIRCLE ( 'NONE', #1472, 2.250000000000001776 ) ;
#2751 = CIRCLE ( 'NONE', #4630, 2.250000000000002665 ) ;
#2752 = CARTESIAN_POINT ( 'NONE',  ( 40.00000000000018474, 0.000000000000000000, 25.24999999999998579 ) ) ;
#2753 = DIRECTION ( 'NONE',  ( -0.000000000000000000, 1.000000000000000000, -0.000000000000000000 ) ) ;
#2754 = ORIENTED_EDGE ( 'NONE', *, *, #3962, .T. ) ;
#2755 = ADVANCED_FACE ( 'NONE', ( #1797 ), #4587, .F. ) ;
#2756 = ORIENTED_EDGE ( 'NONE', *, *, #2495, .T. ) ;
#2757 = ORIENTED_EDGE ( 'NONE', *, *, #650, .F. ) ;
#2758 = LINE ( 'NONE', #4184, #266 ) ;
#2759 = EDGE_CURVE ( 'NONE', #3641, #3338, #961, .T. ) ;
#2760 = LINE ( 'NONE', #3696, #5850 ) ;
#2761 = FACE_BOUND ( 'NONE', #4166, .T. ) ;
#2762 = AXIS2_PLACEMENT_3D ( 'NONE', #3140, #771, #2668 ) ;
#2763 = CARTESIAN_POINT ( 'NONE',  ( 24.00000000000010303, 3.000000000000000000, 1.249999999999989786 ) ) ;
#2764 = ORIENTED_EDGE ( 'NONE', *, *, #4856, .F. ) ;
#2765 = DIRECTION ( 'NONE',  ( 0.000000000000000000, 0.000000000000000000, 1.000000000000000000 ) ) ;
#2766 = DIRECTION ( 'NONE',  ( -0.000000000000000000, 1.000000000000000000, -0.000000000000000000 ) ) ;
#2767 = CIRCLE ( 'NONE', #887, 2.250000000000001776 ) ;
#2768 = CARTESIAN_POINT ( 'NONE',  ( -16.00000000000000711, 0.000000000000000000, -26.25000000000001066 ) ) ;
#2769 = ORIENTED_EDGE ( 'NONE', *, *, #1554, .T. ) ;
#2770 = CARTESIAN_POINT ( 'NONE',  ( -7.999999999999868550, 0.000000000000000000, 13.74999999999998757 ) ) ;
#2771 = VERTEX_POINT ( 'NONE', #5571 ) ;
#2772 = CIRCLE ( 'NONE', #5877, 2.250000000000002665 ) ;
#2773 = DIRECTION ( 'NONE',  ( 0.000000000000000000, 0.000000000000000000, 1.000000000000000000 ) ) ;
#2774 = CARTESIAN_POINT ( 'NONE',  ( 45.00000000000000000, 0.000000000000000000, 29.49999999999998934 ) ) ;
#2775 = ORIENTED_EDGE ( 'NONE', *, *, #5618, .F. ) ;
#2776 = VERTEX_POINT ( 'NONE', #2911 ) ;
#2777 = DIRECTION ( 'NONE',  ( 0.000000000000000000, 1.000000000000000000, 0.000000000000000000 ) ) ;
#2778 = AXIS2_PLACEMENT_3D ( 'NONE', #5337, #4017, #2503 ) ;
#2779 = EDGE_LOOP ( 'NONE', ( #2188, #3269, #364, #2158 ) ) ;
#2780 = DIRECTION ( 'NONE',  ( -0.000000000000000000, 1.000000000000000000, -0.000000000000000000 ) ) ;
#2781 = LINE ( 'NONE', #1788, #4299 ) ;
#2782 = DIRECTION ( 'NONE',  ( 0.000000000000000000, 1.000000000000000000, 0.000000000000000000 ) ) ;
#2783 = EDGE_CURVE ( 'NONE', #181, #5042, #3407, .T. ) ;
#2784 = ORIENTED_EDGE ( 'NONE', *, *, #4122, .T. ) ;
#2785 = EDGE_LOOP ( 'NONE', ( #2950, #4215 ) ) ;
#2786 = VERTEX_POINT ( 'NONE', #3693 ) ;
#2787 = ORIENTED_EDGE ( 'NONE', *, *, #93, .T. ) ;
#2788 = DIRECTION ( 'NONE',  ( 0.000000000000000000, 0.000000000000000000, 1.000000000000000000 ) ) ;
#2789 = EDGE_CURVE ( 'NONE', #1949, #883, #3228, .T. ) ;
#2790 = CARTESIAN_POINT ( 'NONE',  ( 19.08551248218999419, 7.000000000000000000, -24.49999999999999289 ) ) ;
#2791 = CARTESIAN_POINT ( 'NONE',  ( 0.000000000000000000, 0.000000000000000000, 0.000000000000000000 ) ) ;
#2792 = CIRCLE ( 'NONE', #1607, 2.250000000000002665 ) ;
#2793 = AXIS2_PLACEMENT_3D ( 'NONE', #3777, #1914, #2006 ) ;
#2794 = EDGE_CURVE ( 'NONE', #3242, #625, #2743, .T. ) ;
#2795 = FACE_OUTER_BOUND ( 'NONE', #4076, .T. ) ;
#2796 = ORIENTED_EDGE ( 'NONE', *, *, #5263, .F. ) ;
#2797 = CARTESIAN_POINT ( 'NONE',  ( 40.00000000000018474, 0.000000000000000000, 27.49999999999998579 ) ) ;
#2798 = FACE_OUTER_BOUND ( 'NONE', #1936, .T. ) ;
#2799 = DIRECTION ( 'NONE',  ( 0.000000000000000000, 0.000000000000000000, 1.000000000000000000 ) ) ;
#2800 = VECTOR ( 'NONE', #3007, 1000.000000000000000 ) ;
#2801 = ORIENTED_EDGE ( 'NONE', *, *, #3094, .F. ) ;
#2802 = ORIENTED_EDGE ( 'NONE', *, *, #341, .F. ) ;
#2803 = CARTESIAN_POINT ( 'NONE',  ( -23.99999999999997868, 0.000000000000000000, -20.50000000000001066 ) ) ;
#2804 = ORIENTED_EDGE ( 'NONE', *, *, #5858, .T. ) ;
#2805 = LINE ( 'NONE', #4324, #2571 ) ;
#2806 = FACE_OUTER_BOUND ( 'NONE', #2848, .T. ) ;
#2807 = EDGE_LOOP ( 'NONE', ( #3381, #4570 ) ) ;
#2808 = EDGE_LOOP ( 'NONE', ( #1633, #2274, #1347, #3081 ) ) ;
#2809 = FACE_OUTER_BOUND ( 'NONE', #2779, .T. ) ;
#2810 = ORIENTED_EDGE ( 'NONE', *, *, #1091, .F. ) ;
#2811 = CARTESIAN_POINT ( 'NONE',  ( -39.00000000000000711, 7.000000000000000000, 23.13550028720600693 ) ) ;
#2812 = AXIS2_PLACEMENT_3D ( 'NONE', #1967, #615, #4814 ) ;
#2813 = DIRECTION ( 'NONE',  ( 0.000000000000000000, 0.000000000000000000, 1.000000000000000000 ) ) ;
#2814 = DIRECTION ( 'NONE',  ( -0.000000000000000000, 1.000000000000000000, -0.000000000000000000 ) ) ;
#2815 = CIRCLE ( 'NONE', #1033, 2.250000000000001776 ) ;
#2816 = ORIENTED_EDGE ( 'NONE', *, *, #5916, .F. ) ;
#2817 = CIRCLE ( 'NONE', #4802, 2.500000000000002220 ) ;
#2818 = ORIENTED_EDGE ( 'NONE', *, *, #5814, .T. ) ;
#2819 = CARTESIAN_POINT ( 'NONE',  ( 1.387778780781445676E-13, 3.000000000000000000, 11.49999999999998579 ) ) ;
#2820 = FACE_OUTER_BOUND ( 'NONE', #1854, .T. ) ;
#2821 = ADVANCED_FACE ( 'NONE', ( #1342 ), #5761, .F. ) ;
#2822 = ORIENTED_EDGE ( 'NONE', *, *, #3031, .T. ) ;
#2823 = FACE_BOUND ( 'NONE', #1294, .T. ) ;
#2824 = EDGE_CURVE ( 'NONE', #2402, #2786, #4337, .T. ) ;
#2825 = ADVANCED_FACE ( 'NONE', ( #4777 ), #352, .F. ) ;
#2826 = ORIENTED_EDGE ( 'NONE', *, *, #3331, .T. ) ;
#2827 = FACE_OUTER_BOUND ( 'NONE', #5445, .T. ) ;
#2828 = EDGE_CURVE ( 'NONE', #5715, #355, #1950, .T. ) ;
#2829 = DIRECTION ( 'NONE',  ( 0.000000000000000000, 0.000000000000000000, 1.000000000000000000 ) ) ;
#2830 = DIRECTION ( 'NONE',  ( 0.000000000000000000, 0.000000000000000000, 1.000000000000000000 ) ) ;
#2831 = VECTOR ( 'NONE', #4303, 1000.000000000000000 ) ;
#2832 = ORIENTED_EDGE ( 'NONE', *, *, #194, .T. ) ;
#2833 = DIRECTION ( 'NONE',  ( 0.000000000000000000, 1.000000000000000000, 0.000000000000000000 ) ) ;
#2834 = ORIENTED_EDGE ( 'NONE', *, *, #942, .F. ) ;
#2835 = CARTESIAN_POINT ( 'NONE',  ( 8.000000000000021316, 0.000000000000000000, -18.25000000000001066 ) ) ;
#2836 = DIRECTION ( 'NONE',  ( 0.000000000000000000, 0.000000000000000000, 1.000000000000000000 ) ) ;
#2837 = VERTEX_POINT ( 'NONE', #3846 ) ;
#2838 = ORIENTED_EDGE ( 'NONE', *, *, #2627, .T. ) ;
#2839 = DIRECTION ( 'NONE',  ( -0.000000000000000000, 1.000000000000000000, -0.000000000000000000 ) ) ;
#2840 = EDGE_CURVE ( 'NONE', #4456, #5026, #1461, .T. ) ;
#2841 = AXIS2_PLACEMENT_3D ( 'NONE', #600, #1947, #3842 ) ;
#2842 = ORIENTED_EDGE ( 'NONE', *, *, #2085, .F. ) ;
#2843 = DIRECTION ( 'NONE',  ( 0.000000000000000000, 1.000000000000000000, 0.000000000000000000 ) ) ;
#2844 = CIRCLE ( 'NONE', #1362, 2.250000000000001776 ) ;
#2845 = DIRECTION ( 'NONE',  ( -0.000000000000000000, 1.000000000000000000, -0.000000000000000000 ) ) ;
#2846 = CARTESIAN_POINT ( 'NONE',  ( -7.999999999999896083, 0.000000000000000000, 1.249999999999989786 ) ) ;
#2847 = AXIS2_PLACEMENT_3D ( 'NONE', #4245, #1400, #1889 ) ;
#2848 = EDGE_LOOP ( 'NONE', ( #3217, #4812, #2932, #2561 ) ) ;
#2849 = DIRECTION ( 'NONE',  ( 0.000000000000000000, 0.000000000000000000, 1.000000000000000000 ) ) ;
#2850 = AXIS2_PLACEMENT_3D ( 'NONE', #4788, #3478, #1036 ) ;
#2851 = CARTESIAN_POINT ( 'NONE',  ( -7.999999999999923617, 0.000000000000000000, -2.250000000000007994 ) ) ;
#2852 = AXIS2_PLACEMENT_3D ( 'NONE', #1293, #6029, #2345 ) ;
#2853 = VERTEX_POINT ( 'NONE', #67 ) ;
#2854 = CARTESIAN_POINT ( 'NONE',  ( -6.938893903907228378E-15, 0.000000000000000000, -28.50000000000001066 ) ) ;
#2855 = ORIENTED_EDGE ( 'NONE', *, *, #421, .T. ) ;
#2856 = FACE_BOUND ( 'NONE', #1390, .T. ) ;
#2857 = EDGE_LOOP ( 'NONE', ( #367, #5234, #5098, #5120 ) ) ;
#2858 = EDGE_CURVE ( 'NONE', #2908, #4250, #2150, .T. ) ;
#2859 = DIRECTION ( 'NONE',  ( 0.000000000000000000, 1.000000000000000000, 0.000000000000000000 ) ) ;
#2860 = DIRECTION ( 'NONE',  ( -0.000000000000000000, 1.000000000000000000, -0.000000000000000000 ) ) ;
#2861 = LINE ( 'NONE', #3239, #5126 ) ;
#2862 = EDGE_CURVE ( 'NONE', #1827, #2343, #477, .T. ) ;
#2863 = ORIENTED_EDGE ( 'NONE', *, *, #1038, .T. ) ;
#2864 = AXIS2_PLACEMENT_3D ( 'NONE', #3857, #3328, #2399 ) ;
#2865 = CARTESIAN_POINT ( 'NONE',  ( -45.00000000000000000, 2.000000000000000000, 7.500000000000007105 ) ) ;
#2866 = ORIENTED_EDGE ( 'NONE', *, *, #2539, .T. ) ;
#2867 = CARTESIAN_POINT ( 'NONE',  ( 32.00000000000011369, 0.000000000000000000, 5.749999999999995559 ) ) ;
#2868 = CYLINDRICAL_SURFACE ( 'NONE', #5514, 2.250000000000002665 ) ;
#2869 = ORIENTED_EDGE ( 'NONE', *, *, #6123, .F. ) ;
#2870 = VECTOR ( 'NONE', #4828, 1000.000000000000000 ) ;
#2871 = EDGE_LOOP ( 'NONE', ( #2189, #659 ) ) ;
#2872 = DIRECTION ( 'NONE',  ( 0.000000000000000000, 0.000000000000000000, 1.000000000000000000 ) ) ;
#2873 = VECTOR ( 'NONE', #2082, 1000.000000000000000 ) ;
#2874 = EDGE_CURVE ( 'NONE', #2714, #4733, #1473, .T. ) ;
#2875 = AXIS2_PLACEMENT_3D ( 'NONE', #3891, #3048, #4942 ) ;
#2876 = EDGE_LOOP ( 'NONE', ( #3838, #1043, #1427, #444 ) ) ;
#2877 = FACE_OUTER_BOUND ( 'NONE', #648, .T. ) ;
#2878 = LINE ( 'NONE', #3315, #779 ) ;
#2879 = LINE ( 'NONE', #2971, #2356 ) ;
#2880 = ADVANCED_FACE ( 'NONE', ( #5791 ), #2261, .F. ) ;
#2881 = EDGE_LOOP ( 'NONE', ( #2221, #5035, #5476, #1977 ) ) ;
#2882 = DIRECTION ( 'NONE',  ( 0.000000000000000000, 1.000000000000000000, 0.000000000000000000 ) ) ;
#2883 = AXIS2_PLACEMENT_3D ( 'NONE', #2318, #2442, #5662 ) ;
#2884 = FACE_OUTER_BOUND ( 'NONE', #3719, .T. ) ;
#2885 = ORIENTED_EDGE ( 'NONE', *, *, #4415, .F. ) ;
#2886 = CARTESIAN_POINT ( 'NONE',  ( -8.000000000000007105, 0.000000000000000000, -26.25000000000001066 ) ) ;
#2887 = ORIENTED_EDGE ( 'NONE', *, *, #3511, .T. ) ;
#2888 = DIRECTION ( 'NONE',  ( -1.000000000000000000, 0.000000000000000000, -0.000000000000000000 ) ) ;
#2889 = ORIENTED_EDGE ( 'NONE', *, *, #1921, .F. ) ;
#2890 = FACE_OUTER_BOUND ( 'NONE', #3528, .T. ) ;
#2891 = CARTESIAN_POINT ( 'NONE',  ( -7.999999999999979572, 0.000000000000000000, -20.50000000000001066 ) ) ;
#2892 = FACE_OUTER_BOUND ( 'NONE', #2465, .T. ) ;
#2893 = ADVANCED_FACE ( 'NONE', ( #4804 ), #4339, .F. ) ;
#2894 = ORIENTED_EDGE ( 'NONE', *, *, #1206, .F. ) ;
#2895 = AXIS2_PLACEMENT_3D ( 'NONE', #2966, #4862, #1048 ) ;
#2896 = CARTESIAN_POINT ( 'NONE',  ( 8.000000000000104805, 0.000000000000000000, 1.249999999999989786 ) ) ;
#2897 = ORIENTED_EDGE ( 'NONE', *, *, #1922, .F. ) ;
#2898 = DIRECTION ( 'NONE',  ( 0.000000000000000000, 1.000000000000000000, 0.000000000000000000 ) ) ;
#2899 = CARTESIAN_POINT ( 'NONE',  ( -7.999999999999868550, 3.000000000000000000, 11.49999999999998579 ) ) ;
#2900 = ORIENTED_EDGE ( 'NONE', *, *, #2294, .F. ) ;
#2901 = CIRCLE ( 'NONE', #608, 1.364499712793995734 ) ;
#2902 = CARTESIAN_POINT ( 'NONE',  ( -15.99999999999989697, 0.000000000000000000, 3.499999999999992895 ) ) ;
#2903 = CIRCLE ( 'NONE', #5, 2.250000000000001776 ) ;
#2904 = EDGE_LOOP ( 'NONE', ( #516, #2431, #4335, #5737 ) ) ;
#2905 = DIRECTION ( 'NONE',  ( 0.000000000000000000, 0.000000000000000000, 1.000000000000000000 ) ) ;
#2906 = CARTESIAN_POINT ( 'NONE',  ( -32.00000000000000000, 0.000000000000000000, -26.25000000000000711 ) ) ;
#2907 = LINE ( 'NONE', #4742, #5425 ) ;
#2908 = VERTEX_POINT ( 'NONE', #1764 ) ;
#2909 = EDGE_CURVE ( 'NONE', #1542, #3422, #4041, .T. ) ;
#2910 = AXIS2_PLACEMENT_3D ( 'NONE', #3725, #5642, #3266 ) ;
#2911 = CARTESIAN_POINT ( 'NONE',  ( -23.99999999999986855, 0.000000000000000000, 13.74999999999998757 ) ) ;
#2912 = EDGE_CURVE ( 'NONE', #3522, #4766, #660, .T. ) ;
#2913 = AXIS2_PLACEMENT_3D ( 'NONE', #1832, #3324, #4620 ) ;
#2914 = CARTESIAN_POINT ( 'NONE',  ( -23.99999999999997868, 0.000000000000000000, -22.75000000000001421 ) ) ;
#2915 = VERTEX_POINT ( 'NONE', #5857 ) ;
#2916 = CIRCLE ( 'NONE', #4705, 2.250000000000001776 ) ;
#2917 = AXIS2_PLACEMENT_3D ( 'NONE', #1413, #456, #4255 ) ;
#2918 = EDGE_CURVE ( 'NONE', #2771, #5143, #5651, .T. ) ;
#2919 = ORIENTED_EDGE ( 'NONE', *, *, #78, .F. ) ;
#2920 = DIRECTION ( 'NONE',  ( 0.000000000000000000, 0.000000000000000000, 1.000000000000000000 ) ) ;
#2921 = CIRCLE ( 'NONE', #4805, 2.250000000000001776 ) ;
#2922 = CARTESIAN_POINT ( 'NONE',  ( 16.00000000000013145, 0.000000000000000000, 9.249999999999984013 ) ) ;
#2923 = ORIENTED_EDGE ( 'NONE', *, *, #491, .F. ) ;
#2924 = FACE_BOUND ( 'NONE', #2514, .T. ) ;
#2925 = CARTESIAN_POINT ( 'NONE',  ( -7.999999999999812594, 0.000000000000000000, 27.49999999999998579 ) ) ;
#2926 = DIRECTION ( 'NONE',  ( 0.000000000000000000, 0.000000000000000000, 1.000000000000000000 ) ) ;
#2927 = ORIENTED_EDGE ( 'NONE', *, *, #1095, .T. ) ;
#2928 = DIRECTION ( 'NONE',  ( -0.000000000000000000, 1.000000000000000000, -0.000000000000000000 ) ) ;
#2929 = EDGE_LOOP ( 'NONE', ( #5799, #1567, #1336, #25 ) ) ;
#2930 = FACE_OUTER_BOUND ( 'NONE', #372, .T. ) ;
#2931 = CARTESIAN_POINT ( 'NONE',  ( 40.00000000000002132, 0.000000000000000000, -20.50000000000001421 ) ) ;
#2932 = ORIENTED_EDGE ( 'NONE', *, *, #4415, .T. ) ;
#2933 = CARTESIAN_POINT ( 'NONE',  ( 8.000000000000159872, 0.000000000000000000, 17.24999999999998934 ) ) ;
#2934 = VERTEX_POINT ( 'NONE', #132 ) ;
#2935 = CARTESIAN_POINT ( 'NONE',  ( 32.00000000000017053, 3.000000000000000000, 21.74999999999999645 ) ) ;
#2936 = CARTESIAN_POINT ( 'NONE',  ( 32.00000000000008527, 3.000000000000000000, -4.500000000000010658 ) ) ;
#2937 = CARTESIAN_POINT ( 'NONE',  ( -23.99999999999986855, 3.000000000000000000, 13.74999999999998757 ) ) ;
#2938 = VERTEX_POINT ( 'NONE', #1671 ) ;
#2939 = EDGE_LOOP ( 'NONE', ( #135, #2436 ) ) ;
#2940 = EDGE_CURVE ( 'NONE', #4976, #3543, #5142, .T. ) ;
#2941 = DIRECTION ( 'NONE',  ( -0.000000000000000000, 1.000000000000000000, -0.000000000000000000 ) ) ;
#2942 = AXIS2_PLACEMENT_3D ( 'NONE', #170, #141, #1532 ) ;
#2943 = EDGE_CURVE ( 'NONE', #2786, #1322, #2068, .T. ) ;
#2944 = EDGE_CURVE ( 'NONE', #424, #1423, #2751, .T. ) ;
#2945 = AXIS2_PLACEMENT_3D ( 'NONE', #234, #1766, #3074 ) ;
#2946 = DIRECTION ( 'NONE',  ( -0.000000000000000000, 1.000000000000000000, -0.000000000000000000 ) ) ;
#2947 = VERTEX_POINT ( 'NONE', #2130 ) ;
#2948 = VECTOR ( 'NONE', #1307, 1000.000000000000000 ) ;
#2949 = EDGE_CURVE ( 'NONE', #5270, #5333, #160, .T. ) ;
#2950 = ORIENTED_EDGE ( 'NONE', *, *, #3031, .F. ) ;
#2951 = DIRECTION ( 'NONE',  ( 0.000000000000000000, 0.000000000000000000, 1.000000000000000000 ) ) ;
#2952 = CIRCLE ( 'NONE', #565, 2.250000000000001776 ) ;
#2953 = VECTOR ( 'NONE', #663, 1000.000000000000000 ) ;
#2954 = CARTESIAN_POINT ( 'NONE',  ( 2.109222724152983922E-14, 3.000000000000000000, -22.75000000000001421 ) ) ;
#2955 = VERTEX_POINT ( 'NONE', #1576 ) ;
#2956 = FACE_BOUND ( 'NONE', #5783, .T. ) ;
#2957 = EDGE_CURVE ( 'NONE', #3641, #4659, #220, .T. ) ;
#2958 = DIRECTION ( 'NONE',  ( 0.000000000000000000, 1.000000000000000000, 0.000000000000000000 ) ) ;
#2959 = DIRECTION ( 'NONE',  ( 0.000000000000000000, 0.000000000000000000, 1.000000000000000000 ) ) ;
#2960 = VERTEX_POINT ( 'NONE', #2100 ) ;
#2961 = DIRECTION ( 'NONE',  ( -0.000000000000000000, 1.000000000000000000, -0.000000000000000000 ) ) ;
#2962 = VERTEX_POINT ( 'NONE', #3464 ) ;
#2963 = CARTESIAN_POINT ( 'NONE',  ( 40.00000000000018474, 3.000000000000000000, 27.49999999999998579 ) ) ;
#2964 = DIRECTION ( 'NONE',  ( 0.000000000000000000, 1.000000000000000000, 0.000000000000000000 ) ) ;
#2965 = VERTEX_POINT ( 'NONE', #1550 ) ;
#2966 = CARTESIAN_POINT ( 'NONE',  ( -8.000000000000007105, 0.000000000000000000, -28.50000000000001066 ) ) ;
#2967 = ORIENTED_EDGE ( 'NONE', *, *, #2256, .F. ) ;
#2968 = CARTESIAN_POINT ( 'NONE',  ( 24.00000000000007816, 0.000000000000000000, -6.750000000000014211 ) ) ;
#2969 = CIRCLE ( 'NONE', #4646, 2.250000000000001776 ) ;
#2970 = DIRECTION ( 'NONE',  ( -0.000000000000000000, 1.000000000000000000, -0.000000000000000000 ) ) ;
#2971 = CARTESIAN_POINT ( 'NONE',  ( -23.99999999999981171, 0.000000000000000000, 25.24999999999998579 ) ) ;
#2972 = VERTEX_POINT ( 'NONE', #2974 ) ;
#2973 = EDGE_LOOP ( 'NONE', ( #753, #1540, #5655, #4825 ) ) ;
#2974 = CARTESIAN_POINT ( 'NONE',  ( -15.99999999999997868, 3.000000000000000000, -22.75000000000001421 ) ) ;
#2975 = VECTOR ( 'NONE', #3402, 1000.000000000000000 ) ;
#2976 = EDGE_CURVE ( 'NONE', #336, #3799, #6049, .T. ) ;
#2977 = VECTOR ( 'NONE', #3423, 1000.000000000000000 ) ;
#2978 = CYLINDRICAL_SURFACE ( 'NONE', #3001, 3.000000000000002665 ) ;
#2979 = EDGE_LOOP ( 'NONE', ( #5125, #783, #1987, #2615 ) ) ;
#2980 = EDGE_LOOP ( 'NONE', ( #47, #5152 ) ) ;
#2981 = CARTESIAN_POINT ( 'NONE',  ( -15.99999999999989697, 3.000000000000000000, 1.249999999999989786 ) ) ;
#2982 = ORIENTED_EDGE ( 'NONE', *, *, #5153, .F. ) ;
#2983 = FACE_BOUND ( 'NONE', #1260, .T. ) ;
#2984 = ADVANCED_FACE ( 'NONE', ( #5373 ), #3963, .F. ) ;
#2985 = DIRECTION ( 'NONE',  ( 0.000000000000000000, 0.000000000000000000, 1.000000000000000000 ) ) ;
#2986 = FACE_OUTER_BOUND ( 'NONE', #4426, .T. ) ;
#2987 = EDGE_CURVE ( 'NONE', #3382, #1833, #4928, .T. ) ;
#2988 = EDGE_LOOP ( 'NONE', ( #494, #4601 ) ) ;
#2989 = EDGE_CURVE ( 'NONE', #5953, #4610, #1375, .T. ) ;
#2990 = DIRECTION ( 'NONE',  ( 0.000000000000000000, 1.000000000000000000, 0.000000000000000000 ) ) ;
#2991 = CARTESIAN_POINT ( 'NONE',  ( 19.08551248218999419, 3.000000000000000000, -24.49999999999999289 ) ) ;
#2992 = DIRECTION ( 'NONE',  ( 0.000000000000000000, 0.000000000000000000, 1.000000000000000000 ) ) ;
#2993 = ORIENTED_EDGE ( 'NONE', *, *, #1806, .T. ) ;
#2994 = DIRECTION ( 'NONE',  ( 0.000000000000000000, 0.000000000000000000, 1.000000000000000000 ) ) ;
#2995 = AXIS2_PLACEMENT_3D ( 'NONE', #4047, #2642, #4597 ) ;
#2996 = EDGE_CURVE ( 'NONE', #1496, #3038, #60, .T. ) ;
#2997 = EDGE_LOOP ( 'NONE', ( #752, #5882 ) ) ;
#2998 = FACE_OUTER_BOUND ( 'NONE', #5223, .T. ) ;
#2999 = CARTESIAN_POINT ( 'NONE',  ( 8.000000000000131450, 0.000000000000000000, 11.49999999999998579 ) ) ;
#3000 = CARTESIAN_POINT ( 'NONE',  ( 32.00000000000019185, 3.000000000000000000, 27.49999999999998579 ) ) ;
#3001 = AXIS2_PLACEMENT_3D ( 'NONE', #575, #5829, #1552 ) ;
#3003 = EDGE_LOOP ( 'NONE', ( #11, #3210, #1928, #1958 ) ) ;
#3002 = AXIS2_PLACEMENT_3D ( 'NONE', #2902, #3837, #2872 ) ;
#3004 = EDGE_LOOP ( 'NONE', ( #3996, #1506, #3830, #762 ) ) ;
#3005 = AXIS2_PLACEMENT_3D ( 'NONE', #2609, #2119, #1624 ) ;
#3006 = CARTESIAN_POINT ( 'NONE',  ( -41.99999999999999289, 3.000000000000000000, 32.50000000000000000 ) ) ;
#3007 = DIRECTION ( 'NONE',  ( -0.000000000000000000, 1.000000000000000000, -0.000000000000000000 ) ) ;
#3008 = AXIS2_PLACEMENT_3D ( 'NONE', #2161, #3413, #1097 ) ;
#3009 = VERTEX_POINT ( 'NONE', #3555 ) ;
#3010 = CARTESIAN_POINT ( 'NONE',  ( 40.00000000000016342, 0.000000000000000000, 19.49999999999998579 ) ) ;
#3011 = ORIENTED_EDGE ( 'NONE', *, *, #5567, .F. ) ;
#3012 = DIRECTION ( 'NONE',  ( 0.000000000000000000, 0.000000000000000000, 1.000000000000000000 ) ) ;
#3013 = CYLINDRICAL_SURFACE ( 'NONE', #347, 2.250000000000002665 ) ;
#3014 = EDGE_CURVE ( 'NONE', #412, #3733, #1177, .T. ) ;
#3015 = CARTESIAN_POINT ( 'NONE',  ( 1.387778780781445676E-13, 0.000000000000000000, 11.49999999999998579 ) ) ;
#3016 = VECTOR ( 'NONE', #4591, 1000.000000000000000 ) ;
#3017 = EDGE_CURVE ( 'NONE', #4000, #4631, #2510, .T. ) ;
#3018 = EDGE_CURVE ( 'NONE', #3461, #4173, #3931, .T. ) ;
#3019 = FACE_OUTER_BOUND ( 'NONE', #5523, .T. ) ;
#3020 = DIRECTION ( 'NONE',  ( -0.000000000000000000, 1.000000000000000000, -0.000000000000000000 ) ) ;
#3021 = CYLINDRICAL_SURFACE ( 'NONE', #1810, 1.364499712793999064 ) ;
#3022 = VERTEX_POINT ( 'NONE', #190 ) ;
#3023 = CARTESIAN_POINT ( 'NONE',  ( -39.99999999999995026, 3.000000000000000000, -10.25000000000000888 ) ) ;
#3024 = ORIENTED_EDGE ( 'NONE', *, *, #4918, .T. ) ;
#3025 = LINE ( 'NONE', #629, #5271 ) ;
#3026 = DIRECTION ( 'NONE',  ( 0.000000000000000000, 0.000000000000000000, 1.000000000000000000 ) ) ;
#3027 = DIRECTION ( 'NONE',  ( 0.000000000000000000, 0.000000000000000000, 1.000000000000000000 ) ) ;
#3028 = ORIENTED_EDGE ( 'NONE', *, *, #3259, .F. ) ;
#3029 = ORIENTED_EDGE ( 'NONE', *, *, #3203, .F. ) ;
#3030 = ORIENTED_EDGE ( 'NONE', *, *, #3105, .F. ) ;
#3031 = EDGE_CURVE ( 'NONE', #53, #2934, #3349, .T. ) ;
#3032 = CARTESIAN_POINT ( 'NONE',  ( -31.99999999999984013, 0.000000000000000000, 21.74999999999999645 ) ) ;
#3033 = CARTESIAN_POINT ( 'NONE',  ( 1.665334536937734811E-13, 0.000000000000000000, 19.49999999999999289 ) ) ;
#3034 = VERTEX_POINT ( 'NONE', #6065 ) ;
#3035 = CIRCLE ( 'NONE', #344, 2.999999999999999112 ) ;
#3036 = CIRCLE ( 'NONE', #3435, 2.250000000000001776 ) ;
#3037 = PLANE ( 'NONE',  #1424 ) ;
#3038 = VERTEX_POINT ( 'NONE', #4056 ) ;
#3039 = CARTESIAN_POINT ( 'NONE',  ( -23.99999999999986855, 3.000000000000000000, 9.249999999999984013 ) ) ;
#3040 = VECTOR ( 'NONE', #4095, 1000.000000000000000 ) ;
#3041 = CARTESIAN_POINT ( 'NONE',  ( 40.00000000000010658, 0.000000000000000000, 3.499999999999985789 ) ) ;
#3042 = EDGE_CURVE ( 'NONE', #253, #2853, #1752, .T. ) ;
#3043 = DIRECTION ( 'NONE',  ( 0.000000000000000000, 1.000000000000000000, 0.000000000000000000 ) ) ;
#3044 = ORIENTED_EDGE ( 'NONE', *, *, #682, .T. ) ;
#3045 = AXIS2_PLACEMENT_3D ( 'NONE', #1118, #3495, #1602 ) ;
#3046 = DIRECTION ( 'NONE',  ( 0.000000000000000000, 1.000000000000000000, 0.000000000000000000 ) ) ;
#3047 = EDGE_CURVE ( 'NONE', #3351, #4219, #1238, .T. ) ;
#3048 = DIRECTION ( 'NONE',  ( 0.000000000000000000, 1.000000000000000000, 0.000000000000000000 ) ) ;
#3049 = DIRECTION ( 'NONE',  ( 0.000000000000000000, 1.000000000000000000, 0.000000000000000000 ) ) ;
#3050 = ORIENTED_EDGE ( 'NONE', *, *, #5417, .T. ) ;
#3051 = DIRECTION ( 'NONE',  ( -0.000000000000000000, 1.000000000000000000, -0.000000000000000000 ) ) ;
#3052 = DIRECTION ( 'NONE',  ( 0.000000000000000000, 0.000000000000000000, 1.000000000000000000 ) ) ;
#3053 = ORIENTED_EDGE ( 'NONE', *, *, #378, .F. ) ;
#3054 = DIRECTION ( 'NONE',  ( -0.000000000000000000, 1.000000000000000000, -0.000000000000000000 ) ) ;
#3055 = CARTESIAN_POINT ( 'NONE',  ( 45.00000000000000000, 0.000000000000000000, 32.49999999999998579 ) ) ;
#3056 = LINE ( 'NONE', #2214, #4739 ) ;
#3057 = ORIENTED_EDGE ( 'NONE', *, *, #3850, .F. ) ;
#3058 = ORIENTED_EDGE ( 'NONE', *, *, #5776, .T. ) ;
#3059 = ORIENTED_EDGE ( 'NONE', *, *, #1997, .F. ) ;
#3060 = EDGE_CURVE ( 'NONE', #1289, #3211, #723, .T. ) ;
#3061 = DIRECTION ( 'NONE',  ( 0.000000000000000000, 1.000000000000000000, 0.000000000000000000 ) ) ;
#3062 = AXIS2_PLACEMENT_3D ( 'NONE', #4714, #1897, #5703 ) ;
#3063 = ADVANCED_FACE ( 'NONE', ( #5977 ), #5525, .F. ) ;
#3064 = DIRECTION ( 'NONE',  ( 0.000000000000000000, 1.000000000000000000, 0.000000000000000000 ) ) ;
#3065 = CARTESIAN_POINT ( 'NONE',  ( 8.000000000000047962, 0.000000000000000000, -14.75000000000001243 ) ) ;
#3066 = CIRCLE ( 'NONE', #1984, 1.364499712793999064 ) ;
#3067 = VERTEX_POINT ( 'NONE', #4174 ) ;
#3068 = AXIS2_PLACEMENT_3D ( 'NONE', #5108, #1257, #2213 ) ;
#3069 = DIRECTION ( 'NONE',  ( 0.000000000000000000, 0.000000000000000000, 1.000000000000000000 ) ) ;
#3070 = ORIENTED_EDGE ( 'NONE', *, *, #760, .T. ) ;
#3071 = FACE_BOUND ( 'NONE', #5268, .T. ) ;
#3072 = CARTESIAN_POINT ( 'NONE',  ( -6.663348374099073505E-15, 3.000000000000000000, -30.75000000000001421 ) ) ;
#3073 = CIRCLE ( 'NONE', #180, 2.250000000000001776 ) ;
#3074 = DIRECTION ( 'NONE',  ( 0.000000000000000000, 0.000000000000000000, 1.000000000000000000 ) ) ;
#3075 = CARTESIAN_POINT ( 'NONE',  ( -15.99999999999984013, 3.000000000000000000, 17.24999999999998934 ) ) ;
#3076 = CARTESIAN_POINT ( 'NONE',  ( -39.00000000000000711, 7.000000000000000000, 24.50000000000000355 ) ) ;
#3077 = DIRECTION ( 'NONE',  ( -0.000000000000000000, 1.000000000000000000, -0.000000000000000000 ) ) ;
#3078 = ORIENTED_EDGE ( 'NONE', *, *, #1618, .F. ) ;
#3079 = CARTESIAN_POINT ( 'NONE',  ( -15.99999999999995204, 0.000000000000000000, -10.25000000000000888 ) ) ;
#3080 = DIRECTION ( 'NONE',  ( -0.000000000000000000, -1.000000000000000000, -0.000000000000000000 ) ) ;
#3081 = ORIENTED_EDGE ( 'NONE', *, *, #5699, .F. ) ;
#3082 = LINE ( 'NONE', #777, #4403 ) ;
#3083 = DIRECTION ( 'NONE',  ( 0.000000000000000000, 0.000000000000000000, 1.000000000000000000 ) ) ;
#3084 = DIRECTION ( 'NONE',  ( -0.000000000000000000, 1.000000000000000000, -0.000000000000000000 ) ) ;
#3085 = ORIENTED_EDGE ( 'NONE', *, *, #3090, .F. ) ;
#3086 = ORIENTED_EDGE ( 'NONE', *, *, #5113, .F. ) ;
#3087 = CARTESIAN_POINT ( 'NONE',  ( 1.668089992235816162E-13, 0.000000000000000000, 17.24999999999998934 ) ) ;
#3088 = ORIENTED_EDGE ( 'NONE', *, *, #3550, .F. ) ;
#3089 = CIRCLE ( 'NONE', #1912, 2.250000000000001776 ) ;
#3090 = EDGE_CURVE ( 'NONE', #2331, #66, #2412, .T. ) ;
#3091 = AXIS2_PLACEMENT_3D ( 'NONE', #4512, #5039, #210 ) ;
#3092 = ADVANCED_FACE ( 'NONE', ( #3588 ), #2220, .F. ) ;
#3093 = FACE_BOUND ( 'NONE', #2258, .T. ) ;
#3094 = EDGE_CURVE ( 'NONE', #868, #2960, #1608, .T. ) ;
#3095 = DIRECTION ( 'NONE',  ( 0.000000000000000000, 0.000000000000000000, 1.000000000000000000 ) ) ;
#3096 = EDGE_LOOP ( 'NONE', ( #4704, #1793 ) ) ;
#3097 = CIRCLE ( 'NONE', #4183, 2.250000000000001776 ) ;
#3098 = CIRCLE ( 'NONE', #1321, 2.250000000000001776 ) ;
#3099 = APPLICATION_PROTOCOL_DEFINITION ( 'draft international standard', 'automotive_design', 1998, #356 ) ;
#3100 = CARTESIAN_POINT ( 'NONE',  ( 32.00000000000017053, 0.000000000000000000, 19.49999999999999289 ) ) ;
#3101 = ORIENTED_EDGE ( 'NONE', *, *, #386, .F. ) ;
#3102 = FACE_BOUND ( 'NONE', #33, .T. ) ;
#3103 = CIRCLE ( 'NONE', #411, 2.250000000000002665 ) ;
#3104 = DIRECTION ( 'NONE',  ( 0.000000000000000000, 1.000000000000000000, 0.000000000000000000 ) ) ;
#3105 = EDGE_CURVE ( 'NONE', #5659, #1379, #4, .T. ) ;
#3106 = DIRECTION ( 'NONE',  ( 0.000000000000000000, 1.000000000000000000, 0.000000000000000000 ) ) ;
#3107 = CARTESIAN_POINT ( 'NONE',  ( -15.99999999999989697, 0.000000000000000000, 1.249999999999989786 ) ) ;
#3108 = VECTOR ( 'NONE', #5075, 1000.000000000000000 ) ;
#3109 = CARTESIAN_POINT ( 'NONE',  ( -7.999999999999812594, 3.000000000000000000, 25.24999999999998579 ) ) ;
#3110 = CARTESIAN_POINT ( 'NONE',  ( -39.99999999999987210, 0.000000000000000000, 11.49999999999998579 ) ) ;
#3111 = CYLINDRICAL_SURFACE ( 'NONE', #5914, 1.364499712793995734 ) ;
#3112 = CARTESIAN_POINT ( 'NONE',  ( -39.00000000000000711, 0.000000000000000000, 24.50000000000000355 ) ) ;
#3113 = CIRCLE ( 'NONE', #6015, 2.250000000000002665 ) ;
#3114 = ORIENTED_EDGE ( 'NONE', *, *, #4981, .F. ) ;
#3115 = CARTESIAN_POINT ( 'NONE',  ( 4.857225732735059864E-14, 0.000000000000000000, -12.50000000000001066 ) ) ;
#3116 = VERTEX_POINT ( 'NONE', #281 ) ;
#3117 = DIRECTION ( 'NONE',  ( 0.000000000000000000, 0.000000000000000000, 1.000000000000000000 ) ) ;
#3118 = CARTESIAN_POINT ( 'NONE',  ( -15.99999999999989697, 3.000000000000000000, 3.499999999999992895 ) ) ;
#3119 = ORIENTED_EDGE ( 'NONE', *, *, #77, .F. ) ;
#3120 = VERTEX_POINT ( 'NONE', #6033 ) ;
#3121 = DIRECTION ( 'NONE',  ( -0.000000000000000000, 1.000000000000000000, -0.000000000000000000 ) ) ;
#3122 = VERTEX_POINT ( 'NONE', #2744 ) ;
#3123 = CARTESIAN_POINT ( 'NONE',  ( 8.000000000000021316, 3.000000000000000000, -22.75000000000001421 ) ) ;
#3124 = ADVANCED_FACE ( 'NONE', ( #2190, #1296 ), #814, .T. ) ;
#3125 = CYLINDRICAL_SURFACE ( 'NONE', #5190, 2.250000000000001776 ) ;
#3126 = EDGE_LOOP ( 'NONE', ( #5494, #2007 ) ) ;
#3127 = EDGE_CURVE ( 'NONE', #782, #2962, #5191, .T. ) ;
#3128 = DIRECTION ( 'NONE',  ( 0.000000000000000000, 0.000000000000000000, 1.000000000000000000 ) ) ;
#3129 = ORIENTED_EDGE ( 'NONE', *, *, #664, .T. ) ;
#3130 = FACE_BOUND ( 'NONE', #4300, .T. ) ;
#3131 = DIRECTION ( 'NONE',  ( 0.000000000000000000, 0.000000000000000000, 1.000000000000000000 ) ) ;
#3132 = EDGE_CURVE ( 'NONE', #1606, #3400, #2507, .T. ) ;
#3133 = CIRCLE ( 'NONE', #2350, 2.250000000000001776 ) ;
#3134 = DIRECTION ( 'NONE',  ( 1.000000000000000000, 0.000000000000000000, 0.000000000000000000 ) ) ;
#3135 = AXIS2_PLACEMENT_3D ( 'NONE', #5958, #1277, #5063 ) ;
#3136 = FACE_BOUND ( 'NONE', #5636, .T. ) ;
#3137 = EDGE_CURVE ( 'NONE', #3880, #8, #1913, .T. ) ;
#3138 = VECTOR ( 'NONE', #2753, 1000.000000000000000 ) ;
#3139 = CARTESIAN_POINT ( 'NONE',  ( -32.00000000000000000, 0.000000000000000000, -28.50000000000000711 ) ) ;
#3140 = CARTESIAN_POINT ( 'NONE',  ( 8.000000000000188294, 0.000000000000000000, 27.49999999999998579 ) ) ;
#3141 = CARTESIAN_POINT ( 'NONE',  ( 41.99999999999999289, 3.000000000000000000, -32.50000000000000711 ) ) ;
#3142 = DIRECTION ( 'NONE',  ( 0.000000000000000000, 1.000000000000000000, 0.000000000000000000 ) ) ;
#3143 = AXIS2_PLACEMENT_3D ( 'NONE', #2891, #4850, #82 ) ;
#3144 = DIRECTION ( 'NONE',  ( 0.000000000000000000, 1.000000000000000000, 0.000000000000000000 ) ) ;
#3145 = EDGE_LOOP ( 'NONE', ( #110, #3281 ) ) ;
#3146 = CARTESIAN_POINT ( 'NONE',  ( -31.99999999999995381, 3.000000000000000000, -14.75000000000001243 ) ) ;
#3147 = DIRECTION ( 'NONE',  ( 0.000000000000000000, 0.000000000000000000, 1.000000000000000000 ) ) ;
#3148 = ORIENTED_EDGE ( 'NONE', *, *, #2943, .F. ) ;
#3149 = VECTOR ( 'NONE', #5891, 1000.000000000000000 ) ;
#3150 = ORIENTED_EDGE ( 'NONE', *, *, #5633, .F. ) ;
#3151 = CARTESIAN_POINT ( 'NONE',  ( -31.99999999999986855, 3.000000000000000000, 11.49999999999998579 ) ) ;
#3152 = ORIENTED_EDGE ( 'NONE', *, *, #2454, .F. ) ;
#3153 = DIRECTION ( 'NONE',  ( 0.000000000000000000, 0.000000000000000000, 1.000000000000000000 ) ) ;
#3154 = CARTESIAN_POINT ( 'NONE',  ( 1.387778780781445676E-13, 0.000000000000000000, 13.74999999999998757 ) ) ;
#3155 = VERTEX_POINT ( 'NONE', #5049 ) ;
#3156 = EDGE_CURVE ( 'NONE', #1593, #4139, #5467, .T. ) ;
#3157 = CIRCLE ( 'NONE', #989, 2.250000000000001776 ) ;
#3158 = CARTESIAN_POINT ( 'NONE',  ( -31.99999999999986855, 0.000000000000000000, 9.249999999999984013 ) ) ;
#3159 = ORIENTED_EDGE ( 'NONE', *, *, #4246, .T. ) ;
#3160 = DIRECTION ( 'NONE',  ( 0.000000000000000000, -0.000000000000000000, 1.000000000000000000 ) ) ;
#3161 = AXIS2_PLACEMENT_3D ( 'NONE', #239, #6088, #6022 ) ;
#3162 = DIRECTION ( 'NONE',  ( 0.000000000000000000, 1.000000000000000000, 0.000000000000000000 ) ) ;
#3163 = DIRECTION ( 'NONE',  ( 0.000000000000000000, 0.000000000000000000, 1.000000000000000000 ) ) ;
#3164 = AXIS2_PLACEMENT_3D ( 'NONE', #1142, #656, #2558 ) ;
#3165 = FACE_BOUND ( 'NONE', #3769, .T. ) ;
#3166 = EDGE_CURVE ( 'NONE', #1001, #2367, #851, .T. ) ;
#3167 = CARTESIAN_POINT ( 'NONE',  ( -39.99999999999995026, 0.000000000000000000, -14.75000000000001243 ) ) ;
#3168 = ORIENTED_EDGE ( 'NONE', *, *, #5113, .T. ) ;
#3169 = CYLINDRICAL_SURFACE ( 'NONE', #1188, 2.250000000000001776 ) ;
#3170 = AXIS2_PLACEMENT_3D ( 'NONE', #5361, #2089, #4912 ) ;
#3171 = EDGE_CURVE ( 'NONE', #5262, #746, #3195, .T. ) ;
#3172 = DIRECTION ( 'NONE',  ( -0.000000000000000000, 1.000000000000000000, -0.000000000000000000 ) ) ;
#3173 = DIRECTION ( 'NONE',  ( 0.000000000000000000, 0.000000000000000000, 1.000000000000000000 ) ) ;
#3174 = EDGE_CURVE ( 'NONE', #658, #746, #1208, .T. ) ;
#3175 = AXIS2_PLACEMENT_3D ( 'NONE', #5908, #3519, #655 ) ;
#3176 = ORIENTED_EDGE ( 'NONE', *, *, #1162, .F. ) ;
#3177 = ORIENTED_EDGE ( 'NONE', *, *, #4965, .T. ) ;
#3178 = CYLINDRICAL_SURFACE ( 'NONE', #1722, 2.250000000000002665 ) ;
#3179 = DIRECTION ( 'NONE',  ( 0.000000000000000000, 0.000000000000000000, 1.000000000000000000 ) ) ;
#3180 = DIRECTION ( 'NONE',  ( -0.000000000000000000, 1.000000000000000000, -0.000000000000000000 ) ) ;
#3181 = VERTEX_POINT ( 'NONE', #3087 ) ;
#3182 = ORIENTED_EDGE ( 'NONE', *, *, #2483, .T. ) ;
#3183 = CARTESIAN_POINT ( 'NONE',  ( 16.00000000000013145, 0.000000000000000000, 9.249999999999984013 ) ) ;
#3184 = EDGE_CURVE ( 'NONE', #2343, #5333, #509, .T. ) ;
#3185 = CARTESIAN_POINT ( 'NONE',  ( 40.00000000000013500, 3.000000000000000000, 9.249999999999984013 ) ) ;
#3186 = CARTESIAN_POINT ( 'NONE',  ( 2.081668171172168513E-14, 0.000000000000000000, -18.25000000000001066 ) ) ;
#3187 = CARTESIAN_POINT ( 'NONE',  ( -45.00000000000000000, 3.000000000000000000, -32.50000000000000000 ) ) ;
#3188 = ORIENTED_EDGE ( 'NONE', *, *, #5813, .F. ) ;
#3189 = CIRCLE ( 'NONE', #5592, 2.250000000000001776 ) ;
#3190 = PRODUCT_DEFINITION_SHAPE ( 'NONE', 'NONE',  #3932 ) ;
#3191 = DIRECTION ( 'NONE',  ( 0.000000000000000000, 0.000000000000000000, -1.000000000000000000 ) ) ;
#3192 = ORIENTED_EDGE ( 'NONE', *, *, #422, .F. ) ;
#3193 = CIRCLE ( 'NONE', #508, 2.250000000000001776 ) ;
#3194 = FACE_BOUND ( 'NONE', #1060, .T. ) ;
#3195 = CIRCLE ( 'NONE', #2692, 2.250000000000001776 ) ;
#3196 = DIRECTION ( 'NONE',  ( -0.000000000000000000, 1.000000000000000000, -0.000000000000000000 ) ) ;
#3197 = CARTESIAN_POINT ( 'NONE',  ( 41.99999999999999289, 3.000000000000000000, 29.49999999999998934 ) ) ;
#3198 = VERTEX_POINT ( 'NONE', #3743 ) ;
#3199 = FACE_BOUND ( 'NONE', #1112, .T. ) ;
#3200 = DIRECTION ( 'NONE',  ( 0.000000000000000000, 0.000000000000000000, 1.000000000000000000 ) ) ;
#3202 = EDGE_LOOP ( 'NONE', ( #4209, #4274, #1610, #2066 ) ) ;
#3201 = AXIS2_PLACEMENT_3D ( 'NONE', #283, #1332, #5527 ) ;
#3203 = EDGE_CURVE ( 'NONE', #3122, #1234, #301, .T. ) ;
#3204 = DIRECTION ( 'NONE',  ( 0.000000000000000000, 0.000000000000000000, 1.000000000000000000 ) ) ;
#3205 = DIRECTION ( 'NONE',  ( -0.000000000000000000, 1.000000000000000000, -0.000000000000000000 ) ) ;
#3206 = DIRECTION ( 'NONE',  ( 0.000000000000000000, 1.000000000000000000, 0.000000000000000000 ) ) ;
#3207 = ADVANCED_FACE ( 'NONE', ( #6190 ), #983, .F. ) ;
#3208 = EDGE_CURVE ( 'NONE', #5674, #5001, #106, .T. ) ;
#3209 = AXIS2_PLACEMENT_3D ( 'NONE', #209, #2121, #2147 ) ;
#3210 = ORIENTED_EDGE ( 'NONE', *, *, #1603, .T. ) ;
#3211 = VERTEX_POINT ( 'NONE', #1942 ) ;
#3212 = DIRECTION ( 'NONE',  ( 0.000000000000000000, 0.000000000000000000, 1.000000000000000000 ) ) ;
#3213 = VERTEX_POINT ( 'NONE', #406 ) ;
#3214 = DIRECTION ( 'NONE',  ( 0.000000000000000000, 1.000000000000000000, 0.000000000000000000 ) ) ;
#3215 = DIRECTION ( 'NONE',  ( 0.000000000000000000, 1.000000000000000000, 0.000000000000000000 ) ) ;
#3216 = ORIENTED_EDGE ( 'NONE', *, *, #1511, .T. ) ;
#3217 = ORIENTED_EDGE ( 'NONE', *, *, #990, .F. ) ;
#3218 = CARTESIAN_POINT ( 'NONE',  ( 32.00000000000014211, 0.000000000000000000, 9.249999999999984013 ) ) ;
#3219 = AXIS2_PLACEMENT_3D ( 'NONE', #5928, #325, #3604 ) ;
#3220 = CARTESIAN_POINT ( 'NONE',  ( 1.665334536937734811E-13, 3.000000000000000000, 19.49999999999999289 ) ) ;
#3221 = DIRECTION ( 'NONE',  ( -0.000000000000000000, 1.000000000000000000, -0.000000000000000000 ) ) ;
#3222 = EDGE_CURVE ( 'NONE', #3733, #412, #4385, .T. ) ;
#3223 = DIRECTION ( 'NONE',  ( 0.000000000000000000, 1.000000000000000000, 0.000000000000000000 ) ) ;
#3224 = VERTEX_POINT ( 'NONE', #4298 ) ;
#3225 = EDGE_LOOP ( 'NONE', ( #2281, #2425, #4744, #4833 ) ) ;
#3226 = ORIENTED_EDGE ( 'NONE', *, *, #2306, .T. ) ;
#3227 = DIRECTION ( 'NONE',  ( -0.000000000000000000, 1.000000000000000000, -0.000000000000000000 ) ) ;
#3228 = LINE ( 'NONE', #34, #254 ) ;
#3229 = CARTESIAN_POINT ( 'NONE',  ( 4.857225732735059864E-14, 0.000000000000000000, -12.50000000000001066 ) ) ;
#3230 = ORIENTED_EDGE ( 'NONE', *, *, #3741, .T. ) ;
#3231 = EDGE_LOOP ( 'NONE', ( #776, #5684 ) ) ;
#3232 = CIRCLE ( 'NONE', #848, 2.250000000000001776 ) ;
#3233 = EDGE_CURVE ( 'NONE', #2730, #2972, #1425, .T. ) ;
#3234 = FACE_BOUND ( 'NONE', #3759, .T. ) ;
#3235 = CARTESIAN_POINT ( 'NONE',  ( -24.00000000000000711, 0.000000000000000000, -28.50000000000001066 ) ) ;
#3236 = VERTEX_POINT ( 'NONE', #6161 ) ;
#3237 = DIRECTION ( 'NONE',  ( -0.000000000000000000, 1.000000000000000000, -0.000000000000000000 ) ) ;
#3238 = DIRECTION ( 'NONE',  ( 0.000000000000000000, 1.000000000000000000, 0.000000000000000000 ) ) ;
#3239 = CARTESIAN_POINT ( 'NONE',  ( 8.000000000000188294, 0.000000000000000000, 29.74999999999998934 ) ) ;
#3240 = AXIS2_PLACEMENT_3D ( 'NONE', #5267, #5140, #941 ) ;
#3241 = ADVANCED_FACE ( 'NONE', ( #5723 ), #3369, .F. ) ;
#3242 = VERTEX_POINT ( 'NONE', #5182 ) ;
#3243 = ORIENTED_EDGE ( 'NONE', *, *, #5567, .T. ) ;
#3244 = DIRECTION ( 'NONE',  ( 0.000000000000000000, 0.000000000000000000, 1.000000000000000000 ) ) ;
#3245 = ORIENTED_EDGE ( 'NONE', *, *, #6191, .T. ) ;
#3246 = CARTESIAN_POINT ( 'NONE',  ( 19.08551248218999419, 0.000000000000000000, -24.49999999999999289 ) ) ;
#3247 = CARTESIAN_POINT ( 'NONE',  ( -39.00000000000000711, 7.000000000000000000, 24.50000000000000355 ) ) ;
#3248 = CIRCLE ( 'NONE', #554, 1.364499712793999064 ) ;
#3249 = ORIENTED_EDGE ( 'NONE', *, *, #898, .T. ) ;
#3250 = EDGE_LOOP ( 'NONE', ( #2428, #3901, #830, #2372 ) ) ;
#3251 = CIRCLE ( 'NONE', #556, 2.250000000000001776 ) ;
#3252 = VECTOR ( 'NONE', #4745, 1000.000000000000000 ) ;
#3253 = DIRECTION ( 'NONE',  ( 0.000000000000000000, 0.000000000000000000, 1.000000000000000000 ) ) ;
#3254 = VECTOR ( 'NONE', #1280, 1000.000000000000000 ) ;
#3255 = EDGE_LOOP ( 'NONE', ( #4311, #5724, #5778, #5409 ) ) ;
#3256 = AXIS2_PLACEMENT_3D ( 'NONE', #3247, #5147, #1387 ) ;
#3257 = DIRECTION ( 'NONE',  ( 0.000000000000000000, 1.000000000000000000, 0.000000000000000000 ) ) ;
#3258 = DIRECTION ( 'NONE',  ( 0.000000000000000000, 0.000000000000000000, 1.000000000000000000 ) ) ;
#3259 = EDGE_CURVE ( 'NONE', #4607, #3799, #1454, .T. ) ;
#3260 = VERTEX_POINT ( 'NONE', #4770 ) ;
#3261 = EDGE_CURVE ( 'NONE', #1178, #5001, #5689, .T. ) ;
#3262 = EDGE_LOOP ( 'NONE', ( #4786, #6040, #3928, #337 ) ) ;
#3263 = ORIENTED_EDGE ( 'NONE', *, *, #4495, .T. ) ;
#3264 = DIRECTION ( 'NONE',  ( 0.000000000000000000, 0.000000000000000000, 1.000000000000000000 ) ) ;
#3265 = DIRECTION ( 'NONE',  ( 0.000000000000000000, 1.000000000000000000, 0.000000000000000000 ) ) ;
#3266 = DIRECTION ( 'NONE',  ( 0.000000000000000000, 0.000000000000000000, 1.000000000000000000 ) ) ;
#3267 = VECTOR ( 'NONE', #3301, 1000.000000000000000 ) ;
#3268 = CARTESIAN_POINT ( 'NONE',  ( 40.00000000000016342, 0.000000000000000000, 19.49999999999998579 ) ) ;
#3269 = ORIENTED_EDGE ( 'NONE', *, *, #4876, .T. ) ;
#3270 = CARTESIAN_POINT ( 'NONE',  ( 24.00000000000007816, 3.000000000000000000, -2.250000000000007994 ) ) ;
#3271 = CARTESIAN_POINT ( 'NONE',  ( 40.00000000000007816, 0.000000000000000000, -2.250000000000011546 ) ) ;
#3272 = AXIS2_PLACEMENT_3D ( 'NONE', #5553, #5623, #5973 ) ;
#3273 = DIRECTION ( 'NONE',  ( -0.000000000000000000, 1.000000000000000000, -0.000000000000000000 ) ) ;
#3274 = VERTEX_POINT ( 'NONE', #5215 ) ;
#3275 = ORIENTED_EDGE ( 'NONE', *, *, #4086, .F. ) ;
#3276 = DIRECTION ( 'NONE',  ( 0.000000000000000000, 0.000000000000000000, 1.000000000000000000 ) ) ;
#3277 = ORIENTED_EDGE ( 'NONE', *, *, #280, .T. ) ;
#3278 = CARTESIAN_POINT ( 'NONE',  ( 32.00000000000014211, 3.000000000000000000, 13.74999999999998757 ) ) ;
#3279 = CARTESIAN_POINT ( 'NONE',  ( -15.99999999999997868, 0.000000000000000000, -20.50000000000001066 ) ) ;
#3280 = ORIENTED_EDGE ( 'NONE', *, *, #2015, .F. ) ;
#3281 = ORIENTED_EDGE ( 'NONE', *, *, #43, .T. ) ;
#3282 = DIRECTION ( 'NONE',  ( 0.000000000000000000, 1.000000000000000000, 0.000000000000000000 ) ) ;
#3283 = ORIENTED_EDGE ( 'NONE', *, *, #694, .F. ) ;
#3284 = DIRECTION ( 'NONE',  ( -0.000000000000000000, 1.000000000000000000, -0.000000000000000000 ) ) ;
#3285 = DIRECTION ( 'NONE',  ( 0.000000000000000000, 1.000000000000000000, 0.000000000000000000 ) ) ;
#3286 = CARTESIAN_POINT ( 'NONE',  ( 8.000000000000104805, 0.000000000000000000, 3.499999999999992895 ) ) ;
#3287 = EDGE_CURVE ( 'NONE', #4016, #2075, #5754, .T. ) ;
#3288 = EDGE_LOOP ( 'NONE', ( #492, #5427 ) ) ;
#3289 = EDGE_CURVE ( 'NONE', #6006, #6163, #5188, .T. ) ;
#3290 = ADVANCED_FACE ( 'NONE', ( #2382 ), #5150, .F. ) ;
#3291 = EDGE_CURVE ( 'NONE', #4607, #187, #102, .T. ) ;
#3292 = ORIENTED_EDGE ( 'NONE', *, *, #4724, .T. ) ;
#3293 = DIRECTION ( 'NONE',  ( 0.000000000000000000, 0.000000000000000000, 1.000000000000000000 ) ) ;
#3294 = CIRCLE ( 'NONE', #2995, 2.250000000000001776 ) ;
#3295 = DIRECTION ( 'NONE',  ( 0.000000000000000000, 1.000000000000000000, 0.000000000000000000 ) ) ;
#3296 = ORIENTED_EDGE ( 'NONE', *, *, #2630, .T. ) ;
#3297 = FACE_BOUND ( 'NONE', #2871, .T. ) ;
#3298 = AXIS2_PLACEMENT_3D ( 'NONE', #789, #3654, #821 ) ;
#3299 = AXIS2_PLACEMENT_3D ( 'NONE', #2159, #755, #3618 ) ;
#3300 = ORIENTED_EDGE ( 'NONE', *, *, #960, .T. ) ;
#3301 = DIRECTION ( 'NONE',  ( -0.000000000000000000, 1.000000000000000000, -0.000000000000000000 ) ) ;
#3302 = ADVANCED_FACE ( 'NONE', ( #4207 ), #3312, .F. ) ;
#3303 = CARTESIAN_POINT ( 'NONE',  ( 19.08551248218999419, 7.000000000000000000, -26.99999999999999289 ) ) ;
#3304 = DIRECTION ( 'NONE',  ( 0.000000000000000000, 0.000000000000000000, 1.000000000000000000 ) ) ;
#3305 = ORIENTED_EDGE ( 'NONE', *, *, #4006, .F. ) ;
#3306 = LINE ( 'NONE', #878, #1039 ) ;
#3307 = ORIENTED_EDGE ( 'NONE', *, *, #2759, .T. ) ;
#3308 = DIRECTION ( 'NONE',  ( 0.000000000000000000, 1.000000000000000000, 0.000000000000000000 ) ) ;
#3309 = LINE ( 'NONE', #594, #3916 ) ;
#3310 = ORIENTED_EDGE ( 'NONE', *, *, #2329, .T. ) ;
#3311 = EDGE_LOOP ( 'NONE', ( #1742, #3754, #2698, #3792 ) ) ;
#3312 = CYLINDRICAL_SURFACE ( 'NONE', #2500, 2.250000000000001776 ) ;
#3313 = ORIENTED_EDGE ( 'NONE', *, *, #2989, .T. ) ;
#3314 = DIRECTION ( 'NONE',  ( 0.000000000000000000, 0.000000000000000000, 1.000000000000000000 ) ) ;
#3315 = CARTESIAN_POINT ( 'NONE',  ( -39.99999999999995026, 0.000000000000000000, -14.75000000000001243 ) ) ;
#3316 = CYLINDRICAL_SURFACE ( 'NONE', #3844, 2.250000000000001776 ) ;
#3317 = AXIS2_PLACEMENT_3D ( 'NONE', #3229, #963, #3757 ) ;
#3318 = EDGE_LOOP ( 'NONE', ( #4780, #3346, #4807, #3746 ) ) ;
#3319 = CIRCLE ( 'NONE', #632, 2.250000000000001776 ) ;
#3320 = EDGE_CURVE ( 'NONE', #115, #2081, #4179, .T. ) ;
#3321 = ADVANCED_FACE ( 'NONE', ( #2809 ), #1885, .F. ) ;
#3322 = DIRECTION ( 'NONE',  ( 0.000000000000000000, 0.000000000000000000, 1.000000000000000000 ) ) ;
#3323 = VERTEX_POINT ( 'NONE', #2554 ) ;
#3324 = DIRECTION ( 'NONE',  ( 0.000000000000000000, 1.000000000000000000, 0.000000000000000000 ) ) ;
#3325 = VERTEX_POINT ( 'NONE', #2499 ) ;
#3326 = FACE_BOUND ( 'NONE', #2307, .T. ) ;
#3327 = ORIENTED_EDGE ( 'NONE', *, *, #4223, .F. ) ;
#3328 = DIRECTION ( 'NONE',  ( 0.000000000000000000, 1.000000000000000000, 0.000000000000000000 ) ) ;
#3329 = DIRECTION ( 'NONE',  ( 0.000000000000000000, 0.000000000000000000, 1.000000000000000000 ) ) ;
#3330 = CARTESIAN_POINT ( 'NONE',  ( -24.99999999999999645, 2.000000000000000000, -7.499999999999992895 ) ) ;
#3331 = EDGE_CURVE ( 'NONE', #5805, #6110, #149, .T. ) ;
#3332 = VERTEX_POINT ( 'NONE', #1166 ) ;
#3333 = CYLINDRICAL_SURFACE ( 'NONE', #5920, 2.250000000000001776 ) ;
#3334 = EDGE_LOOP ( 'NONE', ( #545, #259 ) ) ;
#3335 = LINE ( 'NONE', #3802, #483 ) ;
#3336 = DIRECTION ( 'NONE',  ( 0.000000000000000000, 1.000000000000000000, 0.000000000000000000 ) ) ;
#3337 = EDGE_LOOP ( 'NONE', ( #5856, #4538 ) ) ;
#3338 = VERTEX_POINT ( 'NONE', #3953 ) ;
#3339 = DIRECTION ( 'NONE',  ( 0.000000000000000000, 0.000000000000000000, 1.000000000000000000 ) ) ;
#3340 = EDGE_LOOP ( 'NONE', ( #4822, #2067, #4029, #3697 ) ) ;
#3341 = LINE ( 'NONE', #5247, #189 ) ;
#3342 = AXIS2_PLACEMENT_3D ( 'NONE', #50, #2054, #3915 ) ;
#3343 = CARTESIAN_POINT ( 'NONE',  ( 32.00000000000002842, 0.000000000000000000, -20.50000000000001066 ) ) ;
#3344 = CARTESIAN_POINT ( 'NONE',  ( 7.632783294297951215E-14, 3.000000000000000000, -4.500000000000010658 ) ) ;
#3345 = CIRCLE ( 'NONE', #3632, 1.364499712793999064 ) ;
#3346 = ORIENTED_EDGE ( 'NONE', *, *, #786, .F. ) ;
#3347 = CARTESIAN_POINT ( 'NONE',  ( 32.00000000000017053, 0.000000000000000000, 19.49999999999999289 ) ) ;
#3348 = CIRCLE ( 'NONE', #5643, 2.250000000000001776 ) ;
#3349 = CIRCLE ( 'NONE', #4837, 2.250000000000002665 ) ;
#3350 = DIRECTION ( 'NONE',  ( 0.000000000000000000, 1.000000000000000000, 0.000000000000000000 ) ) ;
#3351 = VERTEX_POINT ( 'NONE', #4917 ) ;
#3352 = ADVANCED_FACE ( 'NONE', ( #5784 ), #4420, .F. ) ;
#3353 = DIRECTION ( 'NONE',  ( 0.000000000000000000, 1.000000000000000000, 0.000000000000000000 ) ) ;
#3354 = VERTEX_POINT ( 'NONE', #4392 ) ;
#3355 = FACE_BOUND ( 'NONE', #5177, .T. ) ;
#3356 = ORIENTED_EDGE ( 'NONE', *, *, #1038, .F. ) ;
#3357 = DIRECTION ( 'NONE',  ( 0.000000000000000000, 1.000000000000000000, 0.000000000000000000 ) ) ;
#3358 = DIRECTION ( 'NONE',  ( -0.000000000000000000, 1.000000000000000000, -0.000000000000000000 ) ) ;
#3359 = CARTESIAN_POINT ( 'NONE',  ( 16.00000000000007816, 3.000000000000000000, -4.500000000000010658 ) ) ;
#3360 = EDGE_CURVE ( 'NONE', #3740, #429, #4379, .T. ) ;
#3361 = AXIS2_PLACEMENT_3D ( 'NONE', #1412, #5710, #4287 ) ;
#3362 = CARTESIAN_POINT ( 'NONE',  ( -39.00000000000000711, 7.000000000000000000, -24.49999999999999289 ) ) ;
#3363 = ORIENTED_EDGE ( 'NONE', *, *, #4661, .T. ) ;
#3364 = FACE_OUTER_BOUND ( 'NONE', #6059, .T. ) ;
#3365 = DIRECTION ( 'NONE',  ( -0.000000000000000000, 1.000000000000000000, -0.000000000000000000 ) ) ;
#3366 = ADVANCED_FACE ( 'NONE', ( #5876 ), #3399, .F. ) ;
#3367 = VERTEX_POINT ( 'NONE', #4946 ) ;
#3368 = AXIS2_PLACEMENT_3D ( 'NONE', #5757, #5185, #4366 ) ;
#3369 = CYLINDRICAL_SURFACE ( 'NONE', #3002, 2.250000000000002665 ) ;
#3370 = CIRCLE ( 'NONE', #4262, 2.250000000000001776 ) ;
#3371 = VERTEX_POINT ( 'NONE', #2582 ) ;
#3372 = DIRECTION ( 'NONE',  ( 0.000000000000000000, 0.000000000000000000, 1.000000000000000000 ) ) ;
#3373 = CARTESIAN_POINT ( 'NONE',  ( -7.999999999999923617, 3.000000000000000000, -6.750000000000014211 ) ) ;
#3374 = DIRECTION ( 'NONE',  ( 0.000000000000000000, 0.000000000000000000, 1.000000000000000000 ) ) ;
#3375 = ORIENTED_EDGE ( 'NONE', *, *, #1899, .T. ) ;
#3376 = CIRCLE ( 'NONE', #4464, 2.250000000000002665 ) ;
#3377 = EDGE_CURVE ( 'NONE', #1214, #849, #3868, .T. ) ;
#3378 = CARTESIAN_POINT ( 'NONE',  ( -23.99999999999995026, 0.000000000000000000, -12.50000000000001066 ) ) ;
#3379 = COLOUR_RGB ( '',0.7529411764705882248, 0.7529411764705882248, 0.7529411764705882248 ) ;
#3380 = DIRECTION ( 'NONE',  ( -0.000000000000000000, 1.000000000000000000, -0.000000000000000000 ) ) ;
#3381 = ORIENTED_EDGE ( 'NONE', *, *, #3471, .T. ) ;
#3382 = VERTEX_POINT ( 'NONE', #4362 ) ;
#3383 = CARTESIAN_POINT ( 'NONE',  ( 32.00000000000002842, 3.000000000000000000, -18.25000000000001066 ) ) ;
#3384 = FACE_OUTER_BOUND ( 'NONE', #807, .T. ) ;
#3385 = ORIENTED_EDGE ( 'NONE', *, *, #2392, .F. ) ;
#3386 = CARTESIAN_POINT ( 'NONE',  ( 8.000000000000188294, 0.000000000000000000, 25.24999999999998579 ) ) ;
#3387 = CARTESIAN_POINT ( 'NONE',  ( -23.99999999999984013, 3.000000000000000000, 19.49999999999999289 ) ) ;
#3388 = DIRECTION ( 'NONE',  ( 0.000000000000000000, 0.000000000000000000, 1.000000000000000000 ) ) ;
#3389 = VERTEX_POINT ( 'NONE', #5905 ) ;
#3390 = AXIS2_PLACEMENT_3D ( 'NONE', #3112, #3206, #4536 ) ;
#3391 = CARTESIAN_POINT ( 'NONE',  ( 32.00000000000019185, 0.000000000000000000, 27.49999999999998579 ) ) ;
#3392 = EDGE_CURVE ( 'NONE', #6054, #2341, #596, .T. ) ;
#3393 = ORIENTED_EDGE ( 'NONE', *, *, #5711, .F. ) ;
#3394 = PLANE ( 'NONE',  #586 ) ;
#3395 = DIRECTION ( 'NONE',  ( -0.000000000000000000, 1.000000000000000000, -0.000000000000000000 ) ) ;
#3396 = ORIENTED_EDGE ( 'NONE', *, *, #1858, .T. ) ;
#3397 = ADVANCED_FACE ( 'NONE', ( #3516 ), #1080, .F. ) ;
#3398 = EDGE_CURVE ( 'NONE', #230, #2934, #1568, .T. ) ;
#3399 = CYLINDRICAL_SURFACE ( 'NONE', #5990, 2.250000000000001776 ) ;
#3400 = VERTEX_POINT ( 'NONE', #2528 ) ;
#3401 = FACE_OUTER_BOUND ( 'NONE', #3780, .T. ) ;
#3402 = DIRECTION ( 'NONE',  ( -0.000000000000000000, 1.000000000000000000, -0.000000000000000000 ) ) ;
#3403 = DIRECTION ( 'NONE',  ( 0.000000000000000000, 0.000000000000000000, 1.000000000000000000 ) ) ;
#3404 = ORIENTED_EDGE ( 'NONE', *, *, #5612, .F. ) ;
#3405 = VERTEX_POINT ( 'NONE', #3894 ) ;
#3406 = EDGE_CURVE ( 'NONE', #2620, #4286, #3189, .T. ) ;
#3407 = LINE ( 'NONE', #322, #4623 ) ;
#3408 = VECTOR ( 'NONE', #4535, 1000.000000000000000 ) ;
#3409 = EDGE_CURVE ( 'NONE', #2023, #3923, #3981, .T. ) ;
#3410 = DIRECTION ( 'NONE',  ( 0.000000000000000000, 0.000000000000000000, 1.000000000000000000 ) ) ;
#3411 = EDGE_LOOP ( 'NONE', ( #4614, #1402, #3492, #3473 ) ) ;
#3412 = VERTEX_POINT ( 'NONE', #2035 ) ;
#3413 = DIRECTION ( 'NONE',  ( -0.000000000000000000, 1.000000000000000000, -0.000000000000000000 ) ) ;
#3414 = CARTESIAN_POINT ( 'NONE',  ( 8.000000000000131450, 0.000000000000000000, 11.49999999999998579 ) ) ;
#3415 = EDGE_LOOP ( 'NONE', ( #5208, #279, #4391, #4652 ) ) ;
#3416 = LINE ( 'NONE', #112, #1973 ) ;
#3417 = CARTESIAN_POINT ( 'NONE',  ( 16.00000000000007816, 0.000000000000000000, -4.500000000000010658 ) ) ;
#3418 = PLANE ( 'NONE',  #5742 ) ;
#3419 = AXIS2_PLACEMENT_3D ( 'NONE', #1045, #496, #4765 ) ;
#3420 = ORIENTED_EDGE ( 'NONE', *, *, #1843, .F. ) ;
#3421 = CARTESIAN_POINT ( 'NONE',  ( 40.00000000000013500, 0.000000000000000000, 13.74999999999998757 ) ) ;
#3422 = VERTEX_POINT ( 'NONE', #3485 ) ;
#3423 = DIRECTION ( 'NONE',  ( -0.000000000000000000, 1.000000000000000000, -0.000000000000000000 ) ) ;
#3424 = CARTESIAN_POINT ( 'NONE',  ( 32.00000000000000000, 3.000000000000000000, -28.50000000000001066 ) ) ;
#3425 = ORIENTED_EDGE ( 'NONE', *, *, #2957, .T. ) ;
#3426 = DIRECTION ( 'NONE',  ( -0.000000000000000000, 1.000000000000000000, -0.000000000000000000 ) ) ;
#3427 = EDGE_CURVE ( 'NONE', #4236, #4937, #5286, .T. ) ;
#3428 = EDGE_LOOP ( 'NONE', ( #1149, #1569 ) ) ;
#3429 = DIRECTION ( 'NONE',  ( 0.000000000000000000, 0.000000000000000000, 1.000000000000000000 ) ) ;
#3430 = DIRECTION ( 'NONE',  ( 0.000000000000000000, 1.000000000000000000, 0.000000000000000000 ) ) ;
#3431 = CARTESIAN_POINT ( 'NONE',  ( -7.999999999999896083, 0.000000000000000000, 3.499999999999992895 ) ) ;
#3432 = ORIENTED_EDGE ( 'NONE', *, *, #3105, .T. ) ;
#3433 = VERTEX_POINT ( 'NONE', #3023 ) ;
#3434 = CARTESIAN_POINT ( 'NONE',  ( -7.999999999999952038, 3.000000000000000000, -12.50000000000001066 ) ) ;
#3435 = AXIS2_PLACEMENT_3D ( 'NONE', #4289, #910, #2799 ) ;
#3436 = ORIENTED_EDGE ( 'NONE', *, *, #5347, .F. ) ;
#3437 = EDGE_CURVE ( 'NONE', #5402, #5560, #1111, .T. ) ;
#3438 = CIRCLE ( 'NONE', #754, 2.250000000000001776 ) ;
#3439 = AXIS2_PLACEMENT_3D ( 'NONE', #4096, #5006, #5510 ) ;
#3440 = DIRECTION ( 'NONE',  ( 0.000000000000000000, 1.000000000000000000, 0.000000000000000000 ) ) ;
#3441 = ORIENTED_EDGE ( 'NONE', *, *, #2288, .T. ) ;
#3442 = EDGE_CURVE ( 'NONE', #3775, #5015, #199, .T. ) ;
#3443 = CIRCLE ( 'NONE', #1465, 2.250000000000002665 ) ;
#3444 = ORIENTED_EDGE ( 'NONE', *, *, #4998, .T. ) ;
#3445 = CARTESIAN_POINT ( 'NONE',  ( 7.660337847278767255E-14, 3.000000000000000000, -6.750000000000014211 ) ) ;
#3446 = AXIS2_PLACEMENT_3D ( 'NONE', #3774, #3215, #4234 ) ;
#3447 = FACE_BOUND ( 'NONE', #5688, .T. ) ;
#3448 = VERTEX_POINT ( 'NONE', #1976 ) ;
#3449 = FACE_BOUND ( 'NONE', #435, .T. ) ;
#3450 = CARTESIAN_POINT ( 'NONE',  ( 16.00000000000004974, 0.000000000000000000, -12.50000000000001066 ) ) ;
#3451 = CARTESIAN_POINT ( 'NONE',  ( 8.000000000000021316, 0.000000000000000000, -18.25000000000001066 ) ) ;
#3452 = DIRECTION ( 'NONE',  ( -0.000000000000000000, 1.000000000000000000, -0.000000000000000000 ) ) ;
#3453 = CARTESIAN_POINT ( 'NONE',  ( -31.99999999999997868, 3.000000000000000000, -20.50000000000001066 ) ) ;
#3454 = DIRECTION ( 'NONE',  ( 0.000000000000000000, 0.000000000000000000, 1.000000000000000000 ) ) ;
#3455 = ORIENTED_EDGE ( 'NONE', *, *, #2414, .F. ) ;
#3456 = DIRECTION ( 'NONE',  ( 0.000000000000000000, 1.000000000000000000, 0.000000000000000000 ) ) ;
#3457 = ORIENTED_EDGE ( 'NONE', *, *, #5935, .F. ) ;
#3458 = CARTESIAN_POINT ( 'NONE',  ( -16.00000000000000711, 0.000000000000000000, -28.50000000000001066 ) ) ;
#3459 = LINE ( 'NONE', #5820, #275 ) ;
#3460 = DIRECTION ( 'NONE',  ( 0.000000000000000000, 1.000000000000000000, 0.000000000000000000 ) ) ;
#3461 = VERTEX_POINT ( 'NONE', #1510 ) ;
#3462 = VERTEX_POINT ( 'NONE', #2933 ) ;
#3463 = AXIS2_PLACEMENT_3D ( 'NONE', #5962, #1686, #3204 ) ;
#3464 = CARTESIAN_POINT ( 'NONE',  ( 24.00000000000013145, 3.000000000000000000, 13.74999999999998757 ) ) ;
#3465 = CIRCLE ( 'NONE', #5670, 2.250000000000001776 ) ;
#3466 = EDGE_CURVE ( 'NONE', #1195, #544, #3294, .T. ) ;
#3467 = VECTOR ( 'NONE', #946, 1000.000000000000000 ) ;
#3468 = CYLINDRICAL_SURFACE ( 'NONE', #1217, 2.250000000000001776 ) ;
#3469 = ORIENTED_EDGE ( 'NONE', *, *, #894, .F. ) ;
#3470 = ADVANCED_FACE ( 'NONE', ( #299 ), #2178, .F. ) ;
#3471 = EDGE_CURVE ( 'NONE', #1741, #3332, #4082, .T. ) ;
#3472 = CIRCLE ( 'NONE', #4268, 2.500000000000002220 ) ;
#3473 = ORIENTED_EDGE ( 'NONE', *, *, #3661, .F. ) ;
#3474 = EDGE_CURVE ( 'NONE', #3412, #3155, #3687, .T. ) ;
#3475 = CARTESIAN_POINT ( 'NONE',  ( 24.00000000000007816, 0.000000000000000000, -2.250000000000007994 ) ) ;
#3476 = ORIENTED_EDGE ( 'NONE', *, *, #942, .T. ) ;
#3477 = DIRECTION ( 'NONE',  ( 0.000000000000000000, 0.000000000000000000, 1.000000000000000000 ) ) ;
#3478 = DIRECTION ( 'NONE',  ( 0.000000000000000000, 1.000000000000000000, 0.000000000000000000 ) ) ;
#3479 = CARTESIAN_POINT ( 'NONE',  ( -39.99999999999987210, 0.000000000000000000, 13.74999999999998757 ) ) ;
#3480 = DIRECTION ( 'NONE',  ( 0.000000000000000000, 0.000000000000000000, 1.000000000000000000 ) ) ;
#3481 = EDGE_CURVE ( 'NONE', #4236, #3422, #330, .T. ) ;
#3482 = DIRECTION ( 'NONE',  ( 0.000000000000000000, 0.000000000000000000, 1.000000000000000000 ) ) ;
#3483 = CARTESIAN_POINT ( 'NONE',  ( -45.00000000000000000, 2.000000000000000000, 7.500000000000007105 ) ) ;
#3484 = ORIENTED_EDGE ( 'NONE', *, *, #4159, .F. ) ;
#3485 = CARTESIAN_POINT ( 'NONE',  ( -15.99999999999981348, 3.000000000000000000, 29.74999999999998934 ) ) ;
#3486 = VECTOR ( 'NONE', #1626, 1000.000000000000000 ) ;
#3487 = EDGE_LOOP ( 'NONE', ( #638, #845, #798, #2686 ) ) ;
#3488 = CARTESIAN_POINT ( 'NONE',  ( -31.99999999999997868, 3.000000000000000000, -20.50000000000001066 ) ) ;
#3489 = CARTESIAN_POINT ( 'NONE',  ( -39.00000000000000711, 3.000000000000000000, 24.50000000000000355 ) ) ;
#3490 = DIRECTION ( 'NONE',  ( 0.000000000000000000, 1.000000000000000000, 0.000000000000000000 ) ) ;
#3491 = AXIS2_PLACEMENT_3D ( 'NONE', #2543, #5770, #1991 ) ;
#3492 = ORIENTED_EDGE ( 'NONE', *, *, #3778, .T. ) ;
#3493 = ORIENTED_EDGE ( 'NONE', *, *, #1966, .T. ) ;
#3494 = ORIENTED_EDGE ( 'NONE', *, *, #1548, .F. ) ;
#3495 = DIRECTION ( 'NONE',  ( 0.000000000000000000, 1.000000000000000000, 0.000000000000000000 ) ) ;
#3496 = DIRECTION ( 'NONE',  ( 0.000000000000000000, 1.000000000000000000, 0.000000000000000000 ) ) ;
#3497 = CIRCLE ( 'NONE', #1715, 2.250000000000001776 ) ;
#3498 = EDGE_CURVE ( 'NONE', #3274, #2938, #745, .T. ) ;
#3499 = ORIENTED_EDGE ( 'NONE', *, *, #6056, .T. ) ;
#3500 =( NAMED_UNIT ( * ) SI_UNIT ( $, .STERADIAN. ) SOLID_ANGLE_UNIT ( ) );
#3501 = EDGE_CURVE ( 'NONE', #1559, #2476, #5795, .T. ) ;
#3502 = DIRECTION ( 'NONE',  ( 0.000000000000000000, 1.000000000000000000, 0.000000000000000000 ) ) ;
#3504 = VERTEX_POINT ( 'NONE', #2733 ) ;
#3503 = AXIS2_PLACEMENT_3D ( 'NONE', #3723, #3295, #41 ) ;
#3505 = LINE ( 'NONE', #5355, #2873 ) ;
#3506 = CARTESIAN_POINT ( 'NONE',  ( -15.99999999999997868, 3.000000000000000000, -18.25000000000001066 ) ) ;
#3507 = FACE_OUTER_BOUND ( 'NONE', #572, .T. ) ;
#3508 = CIRCLE ( 'NONE', #825, 2.250000000000002665 ) ;
#3509 = VERTEX_POINT ( 'NONE', #5458 ) ;
#3510 = CARTESIAN_POINT ( 'NONE',  ( -6.663348374099073505E-15, 0.000000000000000000, -30.75000000000001421 ) ) ;
#3511 = EDGE_CURVE ( 'NONE', #5136, #3389, #4103, .T. ) ;
#3512 = CYLINDRICAL_SURFACE ( 'NONE', #1985, 2.250000000000002665 ) ;
#3513 = CARTESIAN_POINT ( 'NONE',  ( -31.99999999999986855, 0.000000000000000000, 11.49999999999998579 ) ) ;
#3514 = ORIENTED_EDGE ( 'NONE', *, *, #4465, .T. ) ;
#3515 = DIRECTION ( 'NONE',  ( 0.000000000000000000, 0.000000000000000000, 1.000000000000000000 ) ) ;
#3516 = FACE_OUTER_BOUND ( 'NONE', #19, .T. ) ;
#3517 = EDGE_CURVE ( 'NONE', #3332, #1741, #6101, .T. ) ;
#3518 = ORIENTED_EDGE ( 'NONE', *, *, #2288, .F. ) ;
#3519 = DIRECTION ( 'NONE',  ( 0.000000000000000000, 1.000000000000000000, 0.000000000000000000 ) ) ;
#3520 = CYLINDRICAL_SURFACE ( 'NONE', #1191, 2.500000000000002220 ) ;
#3521 = DIRECTION ( 'NONE',  ( -0.000000000000000000, 1.000000000000000000, -0.000000000000000000 ) ) ;
#3522 = VERTEX_POINT ( 'NONE', #840 ) ;
#3523 = ORIENTED_EDGE ( 'NONE', *, *, #5350, .F. ) ;
#3524 = ORIENTED_EDGE ( 'NONE', *, *, #4743, .T. ) ;
#3525 = DIRECTION ( 'NONE',  ( 0.000000000000000000, 0.000000000000000000, 1.000000000000000000 ) ) ;
#3526 = DIRECTION ( 'NONE',  ( 0.000000000000000000, 1.000000000000000000, 0.000000000000000000 ) ) ;
#3527 = CIRCLE ( 'NONE', #446, 2.250000000000001776 ) ;
#3528 = EDGE_LOOP ( 'NONE', ( #2894, #3085, #163, #4707 ) ) ;
#3529 =( NAMED_UNIT ( * ) PLANE_ANGLE_UNIT ( ) SI_UNIT ( $, .RADIAN. ) );
#3530 = CIRCLE ( 'NONE', #1656, 2.250000000000001776 ) ;
#3531 = CARTESIAN_POINT ( 'NONE',  ( -39.99999999999987210, 0.000000000000000000, 11.49999999999998579 ) ) ;
#3532 = VERTEX_POINT ( 'NONE', #5994 ) ;
#3533 = ADVANCED_FACE ( 'NONE', ( #5012 ), #1714, .F. ) ;
#3534 = DIRECTION ( 'NONE',  ( 0.000000000000000000, 0.000000000000000000, 1.000000000000000000 ) ) ;
#3535 = CARTESIAN_POINT ( 'NONE',  ( 40.00000000000002132, 3.000000000000000000, -22.75000000000001776 ) ) ;
#3536 = CARTESIAN_POINT ( 'NONE',  ( 8.000000000000021316, 0.000000000000000000, -20.50000000000001066 ) ) ;
#3537 = CIRCLE ( 'NONE', #6149, 2.250000000000002665 ) ;
#3538 = AXIS2_PLACEMENT_3D ( 'NONE', #4401, #2478, #5437 ) ;
#3539 = FACE_BOUND ( 'NONE', #4253, .T. ) ;
#3540 = DIRECTION ( 'NONE',  ( 0.000000000000000000, 1.000000000000000000, 0.000000000000000000 ) ) ;
#3541 = DIRECTION ( 'NONE',  ( 0.000000000000000000, 0.000000000000000000, 1.000000000000000000 ) ) ;
#3542 = EDGE_CURVE ( 'NONE', #4937, #4236, #2012, .T. ) ;
#3543 = VERTEX_POINT ( 'NONE', #1658 ) ;
#3544 = DIRECTION ( 'NONE',  ( 0.000000000000000000, 0.000000000000000000, 1.000000000000000000 ) ) ;
#3545 = CARTESIAN_POINT ( 'NONE',  ( -39.99999999999995026, 0.000000000000000000, -10.25000000000000888 ) ) ;
#3546 = ADVANCED_FACE ( 'NONE', ( #4131 ), #1285, .T. ) ;
#3547 = EDGE_LOOP ( 'NONE', ( #2563, #2273 ) ) ;
#3548 = AXIS2_PLACEMENT_3D ( 'NONE', #3626, #5535, #3160 ) ;
#3549 = LINE ( 'NONE', #4539, #4902 ) ;
#3550 = EDGE_CURVE ( 'NONE', #1519, #1634, #2701, .T. ) ;
#3551 = CARTESIAN_POINT ( 'NONE',  ( -41.99999999999999289, 0.000000000000000000, 29.50000000000000355 ) ) ;
#3552 = CARTESIAN_POINT ( 'NONE',  ( 8.000000000000104805, 3.000000000000000000, 3.499999999999992895 ) ) ;
#3553 = EDGE_LOOP ( 'NONE', ( #2889, #3755 ) ) ;
#3554 = ORIENTED_EDGE ( 'NONE', *, *, #5072, .F. ) ;
#3555 = CARTESIAN_POINT ( 'NONE',  ( 32.00000000000017053, 0.000000000000000000, 17.24999999999998934 ) ) ;
#3556 = ORIENTED_EDGE ( 'NONE', *, *, #2105, .T. ) ;
#3557 = FACE_OUTER_BOUND ( 'NONE', #2876, .T. ) ;
#3558 = CIRCLE ( 'NONE', #5052, 2.250000000000002665 ) ;
#3559 = EDGE_CURVE ( 'NONE', #66, #2331, #4880, .T. ) ;
#3560 = CARTESIAN_POINT ( 'NONE',  ( -31.99999999999997868, 0.000000000000000000, -20.50000000000001066 ) ) ;
#3561 = AXIS2_PLACEMENT_3D ( 'NONE', #2241, #5146, #4571 ) ;
#3562 = ORIENTED_EDGE ( 'NONE', *, *, #730, .T. ) ;
#3563 = ORIENTED_EDGE ( 'NONE', *, *, #1403, .T. ) ;
#3564 = VECTOR ( 'NONE', #4170, 1000.000000000000000 ) ;
#3565 = FACE_OUTER_BOUND ( 'NONE', #3804, .T. ) ;
#3566 = ORIENTED_EDGE ( 'NONE', *, *, #3517, .F. ) ;
#3567 = FACE_BOUND ( 'NONE', #5709, .T. ) ;
#3568 = LINE ( 'NONE', #2169, #4930 ) ;
#3569 = AXIS2_PLACEMENT_3D ( 'NONE', #4451, #2063, #3956 ) ;
#3570 = FACE_OUTER_BOUND ( 'NONE', #4949, .T. ) ;
#3571 = FACE_BOUND ( 'NONE', #1314, .T. ) ;
#3572 = CARTESIAN_POINT ( 'NONE',  ( -23.99999999999986855, 0.000000000000000000, 11.49999999999998579 ) ) ;
#3573 = CARTESIAN_POINT ( 'NONE',  ( 40.00000000000004974, 0.000000000000000000, -12.50000000000001421 ) ) ;
#3574 = FACE_OUTER_BOUND ( 'NONE', #4413, .T. ) ;
#3575 = LINE ( 'NONE', #5424, #122 ) ;
#3576 = LINE ( 'NONE', #5485, #1119 ) ;
#3577 = EDGE_CURVE ( 'NONE', #2375, #1695, #1227, .T. ) ;
#3578 = ORIENTED_EDGE ( 'NONE', *, *, #5199, .F. ) ;
#3579 = DIRECTION ( 'NONE',  ( 0.000000000000000000, 0.000000000000000000, 1.000000000000000000 ) ) ;
#3580 = ORIENTED_EDGE ( 'NONE', *, *, #4566, .F. ) ;
#3581 = DIRECTION ( 'NONE',  ( 0.000000000000000000, 0.000000000000000000, 1.000000000000000000 ) ) ;
#3582 = CYLINDRICAL_SURFACE ( 'NONE', #4117, 2.250000000000001776 ) ;
#3583 = EDGE_CURVE ( 'NONE', #4650, #3433, #1198, .T. ) ;
#3584 = ORIENTED_EDGE ( 'NONE', *, *, #4683, .F. ) ;
#3585 = EDGE_CURVE ( 'NONE', #4698, #6125, #294, .T. ) ;
#3586 = ORIENTED_EDGE ( 'NONE', *, *, #179, .F. ) ;
#3587 = AXIS2_PLACEMENT_3D ( 'NONE', #714, #1689, #4565 ) ;
#3588 = FACE_OUTER_BOUND ( 'NONE', #6108, .T. ) ;
#3589 = ORIENTED_EDGE ( 'NONE', *, *, #3833, .F. ) ;
#3590 = VECTOR ( 'NONE', #758, 1000.000000000000000 ) ;
#3591 = AXIS2_PLACEMENT_3D ( 'NONE', #437, #4796, #4240 ) ;
#3592 = CYLINDRICAL_SURFACE ( 'NONE', #4293, 2.250000000000002665 ) ;
#3593 = EDGE_CURVE ( 'NONE', #327, #4286, #3576, .T. ) ;
#3594 = FACE_OUTER_BOUND ( 'NONE', #2973, .T. ) ;
#3595 = CIRCLE ( 'NONE', #305, 2.499999999999998668 ) ;
#3596 = EDGE_CURVE ( 'NONE', #3338, #3641, #1649, .T. ) ;
#3597 = DIRECTION ( 'NONE',  ( 1.000000000000000000, 0.000000000000000000, 0.000000000000000000 ) ) ;
#3598 = CARTESIAN_POINT ( 'NONE',  ( 40.00000000000002132, 0.000000000000000000, -22.75000000000001776 ) ) ;
#3599 = ORIENTED_EDGE ( 'NONE', *, *, #2912, .F. ) ;
#3600 = FACE_BOUND ( 'NONE', #2055, .T. ) ;
#3601 = AXIS2_PLACEMENT_3D ( 'NONE', #5596, #1824, #342 ) ;
#3602 = LINE ( 'NONE', #1189, #4126 ) ;
#3603 = CYLINDRICAL_SURFACE ( 'NONE', #1366, 2.250000000000001776 ) ;
#3604 = DIRECTION ( 'NONE',  ( 0.000000000000000000, 0.000000000000000000, 1.000000000000000000 ) ) ;
#3605 = VECTOR ( 'NONE', #3172, 1000.000000000000000 ) ;
#3606 = DIRECTION ( 'NONE',  ( -0.000000000000000000, 1.000000000000000000, -0.000000000000000000 ) ) ;
#3607 = FACE_OUTER_BOUND ( 'NONE', #2378, .T. ) ;
#3608 = CARTESIAN_POINT ( 'NONE',  ( -7.999999999999952038, 0.000000000000000000, -10.25000000000000888 ) ) ;
#3609 = DIRECTION ( 'NONE',  ( -0.000000000000000000, 1.000000000000000000, -0.000000000000000000 ) ) ;
#3610 = AXIS2_PLACEMENT_3D ( 'NONE', #6095, #3144, #6026 ) ;
#3611 = ORIENTED_EDGE ( 'NONE', *, *, #574, .T. ) ;
#3612 = FACE_OUTER_BOUND ( 'NONE', #5400, .T. ) ;
#3613 = DIRECTION ( 'NONE',  ( 0.000000000000000000, 1.000000000000000000, 0.000000000000000000 ) ) ;
#3614 = DIRECTION ( 'NONE',  ( 0.000000000000000000, 0.000000000000000000, 1.000000000000000000 ) ) ;
#3615 = ORIENTED_EDGE ( 'NONE', *, *, #3542, .T. ) ;
#3616 = ORIENTED_EDGE ( 'NONE', *, *, #1009, .T. ) ;
#3617 = EDGE_CURVE ( 'NONE', #1833, #4762, #1259, .T. ) ;
#3618 = DIRECTION ( 'NONE',  ( 0.000000000000000000, 0.000000000000000000, 1.000000000000000000 ) ) ;
#3619 = LINE ( 'NONE', #6069, #5200 ) ;
#3620 = DIRECTION ( 'NONE',  ( 0.000000000000000000, 1.000000000000000000, 0.000000000000000000 ) ) ;
#3621 = ORIENTED_EDGE ( 'NONE', *, *, #1092, .T. ) ;
#3622 = AXIS2_PLACEMENT_3D ( 'NONE', #3552, #2065, #3027 ) ;
#3623 = EDGE_CURVE ( 'NONE', #4027, #4364, #1477, .T. ) ;
#3624 = SURFACE_STYLE_FILL_AREA ( #4469 ) ;
#3625 = CARTESIAN_POINT ( 'NONE',  ( 32.00000000000000000, 0.000000000000000000, -30.75000000000001421 ) ) ;
#3626 = CARTESIAN_POINT ( 'NONE',  ( 0.000000000000000000, 3.000000000000000000, 0.000000000000000000 ) ) ;
#3627 = ADVANCED_FACE ( 'NONE', ( #363 ), #4722, .F. ) ;
#3628 = DIRECTION ( 'NONE',  ( -0.000000000000000000, 1.000000000000000000, -0.000000000000000000 ) ) ;
#3629 = PLANE ( 'NONE',  #4823 ) ;
#3630 = CIRCLE ( 'NONE', #4929, 2.250000000000001776 ) ;
#3631 = FACE_BOUND ( 'NONE', #5341, .T. ) ;
#3632 = AXIS2_PLACEMENT_3D ( 'NONE', #5478, #233, #1708 ) ;
#3633 = CARTESIAN_POINT ( 'NONE',  ( 19.08551248218999419, 7.000000000000000000, 27.00000000000000355 ) ) ;
#3634 = ORIENTED_EDGE ( 'NONE', *, *, #4981, .T. ) ;
#3635 = CARTESIAN_POINT ( 'NONE',  ( 19.08551248218999419, 3.000000000000000000, -26.99999999999999289 ) ) ;
#3636 = ADVANCED_FACE ( 'NONE', ( #1350 ), #3704, .T. ) ;
#3637 = CARTESIAN_POINT ( 'NONE',  ( 32.00000000000011369, 0.000000000000000000, 3.499999999999992895 ) ) ;
#3638 = CARTESIAN_POINT ( 'NONE',  ( 40.00000000000018474, 0.000000000000000000, 29.74999999999998934 ) ) ;
#3639 = AXIS2_PLACEMENT_3D ( 'NONE', #4939, #672, #4971 ) ;
#3640 = VERTEX_POINT ( 'NONE', #5232 ) ;
#3641 = VERTEX_POINT ( 'NONE', #457 ) ;
#3642 = CYLINDRICAL_SURFACE ( 'NONE', #2219, 2.250000000000001776 ) ;
#3643 = EDGE_LOOP ( 'NONE', ( #4817, #2645 ) ) ;
#3644 = DIRECTION ( 'NONE',  ( -0.000000000000000000, 1.000000000000000000, -0.000000000000000000 ) ) ;
#3645 = DIRECTION ( 'NONE',  ( -0.000000000000000000, 1.000000000000000000, -0.000000000000000000 ) ) ;
#3646 = EDGE_LOOP ( 'NONE', ( #913, #5796, #5579, #1579 ) ) ;
#3647 = AXIS2_PLACEMENT_3D ( 'NONE', #3279, #3180, #3147 ) ;
#3648 = ORIENTED_EDGE ( 'NONE', *, *, #2184, .T. ) ;
#3649 = DIRECTION ( 'NONE',  ( 0.000000000000000000, 1.000000000000000000, 0.000000000000000000 ) ) ;
#3650 = VECTOR ( 'NONE', #1155, 1000.000000000000000 ) ;
#3651 = ORIENTED_EDGE ( 'NONE', *, *, #3014, .T. ) ;
#3652 = CARTESIAN_POINT ( 'NONE',  ( 32.00000000000014211, 3.000000000000000000, 11.49999999999998579 ) ) ;
#3653 = CYLINDRICAL_SURFACE ( 'NONE', #5948, 2.250000000000002665 ) ;
#3654 = DIRECTION ( 'NONE',  ( 0.000000000000000000, 1.000000000000000000, 0.000000000000000000 ) ) ;
#3655 = ORIENTED_EDGE ( 'NONE', *, *, #242, .F. ) ;
#3656 = EDGE_CURVE ( 'NONE', #2062, #628, #2861, .T. ) ;
#3657 = CIRCLE ( 'NONE', #2568, 2.250000000000002665 ) ;
#3658 = DIRECTION ( 'NONE',  ( 0.000000000000000000, 0.000000000000000000, 1.000000000000000000 ) ) ;
#3659 = EDGE_CURVE ( 'NONE', #217, #2062, #3630, .T. ) ;
#3660 = FACE_BOUND ( 'NONE', #2980, .T. ) ;
#3661 = EDGE_CURVE ( 'NONE', #1638, #2453, #1445, .T. ) ;
#3662 = CIRCLE ( 'NONE', #2077, 2.250000000000001776 ) ;
#3663 = CARTESIAN_POINT ( 'NONE',  ( 19.08551248218999419, 0.000000000000000000, 24.50000000000000355 ) ) ;
#3664 = CARTESIAN_POINT ( 'NONE',  ( -16.00000000000000711, 0.000000000000000000, -30.75000000000001421 ) ) ;
#3665 = EDGE_LOOP ( 'NONE', ( #5490, #3801 ) ) ;
#3666 = CIRCLE ( 'NONE', #4656, 2.250000000000002665 ) ;
#3667 = DIRECTION ( 'NONE',  ( -0.000000000000000000, 1.000000000000000000, -0.000000000000000000 ) ) ;
#3668 = CYLINDRICAL_SURFACE ( 'NONE', #4852, 2.250000000000001776 ) ;
#3669 = ORIENTED_EDGE ( 'NONE', *, *, #6081, .T. ) ;
#3670 = DIRECTION ( 'NONE',  ( -1.000000000000000000, 0.000000000000000000, 0.000000000000000000 ) ) ;
#3671 = AXIS2_PLACEMENT_3D ( 'NONE', #3872, #1428, #3314 ) ;
#3672 = CARTESIAN_POINT ( 'NONE',  ( -15.99999999999989697, 3.000000000000000000, 3.499999999999992895 ) ) ;
#3673 = DIRECTION ( 'NONE',  ( -0.000000000000000000, 1.000000000000000000, -0.000000000000000000 ) ) ;
#3674 = PRESENTATION_LAYER_ASSIGNMENT (  '', '', ( #4964 ) ) ;
#3675 = ADVANCED_FACE ( 'NONE', ( #428 ), #1874, .F. ) ;
#3676 = ORIENTED_EDGE ( 'NONE', *, *, #5577, .F. ) ;
#3677 = ORIENTED_EDGE ( 'NONE', *, *, #1015, .F. ) ;
#3678 = DIRECTION ( 'NONE',  ( -0.000000000000000000, 1.000000000000000000, -0.000000000000000000 ) ) ;
#3679 = FACE_OUTER_BOUND ( 'NONE', #6182, .T. ) ;
#3680 = CYLINDRICAL_SURFACE ( 'NONE', #3256, 2.500000000000002220 ) ;
#3681 = EDGE_LOOP ( 'NONE', ( #22, #3909, #1229, #5216 ) ) ;
#3682 = CARTESIAN_POINT ( 'NONE',  ( 40.00000000000004974, 0.000000000000000000, -12.50000000000001421 ) ) ;
#3683 = DIRECTION ( 'NONE',  ( -0.000000000000000000, 1.000000000000000000, -0.000000000000000000 ) ) ;
#3684 = CARTESIAN_POINT ( 'NONE',  ( 32.00000000000000000, 0.000000000000000000, -30.75000000000001421 ) ) ;
#3685 = DIRECTION ( 'NONE',  ( 0.000000000000000000, 1.000000000000000000, 0.000000000000000000 ) ) ;
#3686 = EDGE_LOOP ( 'NONE', ( #1601, #4703, #5971, #3327 ) ) ;
#3687 = CIRCLE ( 'NONE', #4482, 2.250000000000001776 ) ;
#3688 = VERTEX_POINT ( 'NONE', #1905 ) ;
#3689 = ORIENTED_EDGE ( 'NONE', *, *, #2583, .T. ) ;
#3690 = EDGE_LOOP ( 'NONE', ( #1911, #3969, #1007, #4719 ) ) ;
#3691 = CIRCLE ( 'NONE', #1122, 2.250000000000002665 ) ;
#3692 = CARTESIAN_POINT ( 'NONE',  ( -31.99999999999995381, 3.000000000000000000, -12.50000000000001066 ) ) ;
#3693 = CARTESIAN_POINT ( 'NONE',  ( -41.99999999999999289, 3.000000000000000000, 32.50000000000000000 ) ) ;
#3694 = ADVANCED_FACE ( 'NONE', ( #3730 ), #1382, .F. ) ;
#3695 = AXIS2_PLACEMENT_3D ( 'NONE', #4389, #5686, #1421 ) ;
#3696 = CARTESIAN_POINT ( 'NONE',  ( 8.000000000000104805, 0.000000000000000000, 5.749999999999995559 ) ) ;
#3697 = ORIENTED_EDGE ( 'NONE', *, *, #5122, .T. ) ;
#3698 = CARTESIAN_POINT ( 'NONE',  ( -31.99999999999995381, 0.000000000000000000, -12.50000000000001066 ) ) ;
#3699 = CARTESIAN_POINT ( 'NONE',  ( 32.00000000000019185, 3.000000000000000000, 27.49999999999998579 ) ) ;
#3701 = ORIENTED_EDGE ( 'NONE', *, *, #928, .T. ) ;
#3700 = AXIS2_PLACEMENT_3D ( 'NONE', #3220, #1267, #3153 ) ;
#3702 = DIRECTION ( 'NONE',  ( 0.000000000000000000, 1.000000000000000000, 0.000000000000000000 ) ) ;
#3703 = CARTESIAN_POINT ( 'NONE',  ( 7.999999999999992895, 0.000000000000000000, -28.50000000000001066 ) ) ;
#3704 = CYLINDRICAL_SURFACE ( 'NONE', #5941, 2.999999999999999112 ) ;
#3705 = ADVANCED_FACE ( 'NONE', ( #490 ), #6122, .F. ) ;
#3706 = VERTEX_POINT ( 'NONE', #5713 ) ;
#3707 = DIRECTION ( 'NONE',  ( -0.000000000000000000, 1.000000000000000000, -0.000000000000000000 ) ) ;
#3708 = ORIENTED_EDGE ( 'NONE', *, *, #1995, .T. ) ;
#3709 = CARTESIAN_POINT ( 'NONE',  ( 39.99999999999999289, 0.000000000000000000, -28.50000000000001421 ) ) ;
#3710 = DIRECTION ( 'NONE',  ( 0.000000000000000000, 0.000000000000000000, 1.000000000000000000 ) ) ;
#3711 = ORIENTED_EDGE ( 'NONE', *, *, #1802, .T. ) ;
#3712 = VERTEX_POINT ( 'NONE', #3330 ) ;
#3713 = AXIS2_PLACEMENT_3D ( 'NONE', #1352, #3734, #4260 ) ;
#3714 = EDGE_CURVE ( 'NONE', #3509, #5863, #3036, .T. ) ;
#3715 = CARTESIAN_POINT ( 'NONE',  ( -7.999999999999812594, 0.000000000000000000, 25.24999999999998579 ) ) ;
#3716 = ORIENTED_EDGE ( 'NONE', *, *, #3939, .F. ) ;
#3717 =( NAMED_UNIT ( * ) PLANE_ANGLE_UNIT ( ) SI_UNIT ( $, .RADIAN. ) );
#3718 = CARTESIAN_POINT ( 'NONE',  ( -7.999999999999840128, 0.000000000000000000, 19.49999999999999289 ) ) ;
#3719 = EDGE_LOOP ( 'NONE', ( #6078, #6030, #1599, #3188 ) ) ;
#3720 = ORIENTED_EDGE ( 'NONE', *, *, #4145, .F. ) ;
#3721 = ORIENTED_EDGE ( 'NONE', *, *, #2451, .T. ) ;
#3722 = CARTESIAN_POINT ( 'NONE',  ( -7.999999999999923617, 0.000000000000000000, -6.750000000000014211 ) ) ;
#3723 = CARTESIAN_POINT ( 'NONE',  ( 32.00000000000002842, 3.000000000000000000, -20.50000000000001066 ) ) ;
#3724 = EDGE_LOOP ( 'NONE', ( #2244, #3296 ) ) ;
#3725 = CARTESIAN_POINT ( 'NONE',  ( -39.00000000000000711, 7.000000000000000000, 24.50000000000000355 ) ) ;
#3726 = DIRECTION ( 'NONE',  ( -0.000000000000000000, 1.000000000000000000, -0.000000000000000000 ) ) ;
#3727 = ORIENTED_EDGE ( 'NONE', *, *, #4724, .F. ) ;
#3728 = DIRECTION ( 'NONE',  ( 0.000000000000000000, 1.000000000000000000, 0.000000000000000000 ) ) ;
#3729 = DIRECTION ( 'NONE',  ( 0.000000000000000000, 1.000000000000000000, 0.000000000000000000 ) ) ;
#3730 = FACE_OUTER_BOUND ( 'NONE', #1085, .T. ) ;
#3731 = CIRCLE ( 'NONE', #3135, 2.250000000000001776 ) ;
#3732 = ORIENTED_EDGE ( 'NONE', *, *, #5199, .T. ) ;
#3733 = VERTEX_POINT ( 'NONE', #17 ) ;
#3734 = DIRECTION ( 'NONE',  ( 0.000000000000000000, 1.000000000000000000, 0.000000000000000000 ) ) ;
#3735 = VERTEX_POINT ( 'NONE', #5741 ) ;
#3736 = DIRECTION ( 'NONE',  ( 0.000000000000000000, 0.000000000000000000, 1.000000000000000000 ) ) ;
#3737 = CARTESIAN_POINT ( 'NONE',  ( -31.99999999999995381, 3.000000000000000000, -10.25000000000000888 ) ) ;
#3738 = CIRCLE ( 'NONE', #5438, 2.250000000000001776 ) ;
#3739 = ORIENTED_EDGE ( 'NONE', *, *, #5453, .T. ) ;
#3740 = VERTEX_POINT ( 'NONE', #4694 ) ;
#3741 = EDGE_CURVE ( 'NONE', #4027, #1638, #5844, .T. ) ;
#3742 = EDGE_CURVE ( 'NONE', #1065, #6130, #5638, .T. ) ;
#3743 = CARTESIAN_POINT ( 'NONE',  ( -39.00000000000000711, 3.000000000000000000, -21.99999999999999289 ) ) ;
#3744 = CIRCLE ( 'NONE', #561, 2.250000000000001776 ) ;
#3745 = ADVANCED_FACE ( 'NONE', ( #5204 ), #4629, .F. ) ;
#3746 = ORIENTED_EDGE ( 'NONE', *, *, #5258, .T. ) ;
#3747 = DIRECTION ( 'NONE',  ( 0.000000000000000000, 0.000000000000000000, 1.000000000000000000 ) ) ;
#3748 = CIRCLE ( 'NONE', #3446, 2.250000000000002665 ) ;
#3749 = VECTOR ( 'NONE', #1098, 1000.000000000000000 ) ;
#3750 = CARTESIAN_POINT ( 'NONE',  ( -45.00000000000000000, 0.000000000000000000, 29.50000000000000355 ) ) ;
#3751 = CARTESIAN_POINT ( 'NONE',  ( 7.632783294297951215E-14, 0.000000000000000000, -4.500000000000010658 ) ) ;
#3752 = EDGE_LOOP ( 'NONE', ( #94, #3586, #893, #4992 ) ) ;
#3753 = EDGE_CURVE ( 'NONE', #3155, #3775, #2086, .T. ) ;
#3754 = ORIENTED_EDGE ( 'NONE', *, *, #1247, .F. ) ;
#3755 = ORIENTED_EDGE ( 'NONE', *, *, #2720, .F. ) ;
#3756 = DIRECTION ( 'NONE',  ( -0.000000000000000000, 1.000000000000000000, -0.000000000000000000 ) ) ;
#3757 = DIRECTION ( 'NONE',  ( 0.000000000000000000, 0.000000000000000000, 1.000000000000000000 ) ) ;
#3758 = CIRCLE ( 'NONE', #164, 2.250000000000001776 ) ;
#3759 = EDGE_LOOP ( 'NONE', ( #1675, #2993 ) ) ;
#3760 = AXIS2_PLACEMENT_3D ( 'NONE', #4072, #1836, #1378 ) ;
#3761 = FACE_BOUND ( 'NONE', #5526, .T. ) ;
#3762 = LINE ( 'NONE', #3303, #4338 ) ;
#3763 = ORIENTED_EDGE ( 'NONE', *, *, #4036, .T. ) ;
#3764 = FACE_OUTER_BOUND ( 'NONE', #218, .T. ) ;
#3765 = CARTESIAN_POINT ( 'NONE',  ( -16.00000000000000711, 3.000000000000000000, -26.25000000000001066 ) ) ;
#3766 = CIRCLE ( 'NONE', #1773, 2.500000000000002220 ) ;
#3767 = DIRECTION ( 'NONE',  ( 0.000000000000000000, 0.000000000000000000, 1.000000000000000000 ) ) ;
#3768 = ORIENTED_EDGE ( 'NONE', *, *, #5080, .T. ) ;
#3769 = EDGE_LOOP ( 'NONE', ( #2314, #197 ) ) ;
#3770 = DIRECTION ( 'NONE',  ( 0.000000000000000000, 0.000000000000000000, 1.000000000000000000 ) ) ;
#3771 = EDGE_LOOP ( 'NONE', ( #2726, #1357 ) ) ;
#3772 = CIRCLE ( 'NONE', #1401, 2.250000000000001776 ) ;
#3773 = LINE ( 'NONE', #2835, #1780 ) ;
#3774 = CARTESIAN_POINT ( 'NONE',  ( 8.000000000000076383, 0.000000000000000000, -4.500000000000010658 ) ) ;
#3775 = VERTEX_POINT ( 'NONE', #5295 ) ;
#3776 = EDGE_LOOP ( 'NONE', ( #3814, #1850, #4783, #4540 ) ) ;
#3777 = CARTESIAN_POINT ( 'NONE',  ( -15.99999999999989697, 0.000000000000000000, 3.499999999999992895 ) ) ;
#3778 = EDGE_CURVE ( 'NONE', #4364, #2453, #751, .T. ) ;
#3779 = AXIS2_PLACEMENT_3D ( 'NONE', #1018, #1978, #3372 ) ;
#3780 = EDGE_LOOP ( 'NONE', ( #2683, #1327, #5374, #62 ) ) ;
#3781 = DIRECTION ( 'NONE',  ( -0.000000000000000000, 1.000000000000000000, -0.000000000000000000 ) ) ;
#3782 = EDGE_CURVE ( 'NONE', #2276, #5853, #2844, .T. ) ;
#3783 = DIRECTION ( 'NONE',  ( 0.000000000000000000, 0.000000000000000000, 1.000000000000000000 ) ) ;
#3784 = FACE_OUTER_BOUND ( 'NONE', #2703, .T. ) ;
#3785 = ORIENTED_EDGE ( 'NONE', *, *, #4841, .T. ) ;
#3786 = VERTEX_POINT ( 'NONE', #553 ) ;
#3787 = CARTESIAN_POINT ( 'NONE',  ( 19.08551248218999419, 0.000000000000000000, -24.49999999999999289 ) ) ;
#3788 = EDGE_LOOP ( 'NONE', ( #5591, #5460 ) ) ;
#3789 = AXIS2_PLACEMENT_3D ( 'NONE', #5934, #2148, #5965 ) ;
#3790 = ADVANCED_FACE ( 'NONE', ( #2462 ), #3418, .F. ) ;
#3791 = DIRECTION ( 'NONE',  ( 0.000000000000000000, 0.000000000000000000, 1.000000000000000000 ) ) ;
#3792 = ORIENTED_EDGE ( 'NONE', *, *, #78, .T. ) ;
#3793 = FACE_BOUND ( 'NONE', #2041, .T. ) ;
#3794 = AXIS2_PLACEMENT_3D ( 'NONE', #2102, #2225, #4963 ) ;
#3795 = ORIENTED_EDGE ( 'NONE', *, *, #1022, .T. ) ;
#3796 = CARTESIAN_POINT ( 'NONE',  ( 39.99999999999999289, 0.000000000000000000, -30.75000000000001776 ) ) ;
#3797 = CARTESIAN_POINT ( 'NONE',  ( -15.99999999999992362, 0.000000000000000000, -2.250000000000007994 ) ) ;
#3798 = DIRECTION ( 'NONE',  ( -0.000000000000000000, 1.000000000000000000, -0.000000000000000000 ) ) ;
#3799 = VERTEX_POINT ( 'NONE', #4851 ) ;
#3800 = CYLINDRICAL_SURFACE ( 'NONE', #1337, 2.250000000000002665 ) ;
#3801 = ORIENTED_EDGE ( 'NONE', *, *, #2940, .T. ) ;
#3802 = CARTESIAN_POINT ( 'NONE',  ( -45.00000000000000000, 3.000000000000000000, 32.50000000000000000 ) ) ;
#3803 = LINE ( 'NONE', #4730, #534 ) ;
#3804 = EDGE_LOOP ( 'NONE', ( #1003, #1534, #2826, #1537 ) ) ;
#3805 = EDGE_LOOP ( 'NONE', ( #4608, #4767 ) ) ;
#3806 = DIRECTION ( 'NONE',  ( 0.000000000000000000, 1.000000000000000000, 0.000000000000000000 ) ) ;
#3807 = COLOUR_RGB ( '',0.7529411764705882248, 0.7529411764705882248, 0.7529411764705882248 ) ;
#3808 = ORIENTED_EDGE ( 'NONE', *, *, #2715, .F. ) ;
#3809 = CARTESIAN_POINT ( 'NONE',  ( -15.99999999999995204, 0.000000000000000000, -12.50000000000001066 ) ) ;
#3810 = DIRECTION ( 'NONE',  ( 0.000000000000000000, 1.000000000000000000, 0.000000000000000000 ) ) ;
#3811 = CARTESIAN_POINT ( 'NONE',  ( -23.99999999999997868, 0.000000000000000000, -18.25000000000001066 ) ) ;
#3812 = AXIS2_PLACEMENT_3D ( 'NONE', #2737, #5014, #1290 ) ;
#3813 = ADVANCED_FACE ( 'NONE', ( #2986 ), #1037, .F. ) ;
#3814 = ORIENTED_EDGE ( 'NONE', *, *, #1273, .F. ) ;
#3815 = CARTESIAN_POINT ( 'NONE',  ( -41.99999999999999289, 3.000000000000000000, 29.50000000000000355 ) ) ;
#3816 = AXIS2_PLACEMENT_3D ( 'NONE', #4264, #5301, #1482 ) ;
#3817 = DIRECTION ( 'NONE',  ( 0.000000000000000000, 1.000000000000000000, 0.000000000000000000 ) ) ;
#3818 = EDGE_LOOP ( 'NONE', ( #5123, #2787, #2564, #1145 ) ) ;
#3819 = EDGE_CURVE ( 'NONE', #4755, #3034, #2636, .T. ) ;
#3820 = CARTESIAN_POINT ( 'NONE',  ( -7.999999999999923617, 3.000000000000000000, -4.500000000000010658 ) ) ;
#3821 = ORIENTED_EDGE ( 'NONE', *, *, #696, .F. ) ;
#3822 = EDGE_CURVE ( 'NONE', #3851, #3022, #5023, .T. ) ;
#3823 = FACE_BOUND ( 'NONE', #3096, .T. ) ;
#3824 = EDGE_CURVE ( 'NONE', #1094, #5402, #5233, .T. ) ;
#3825 = ORIENTED_EDGE ( 'NONE', *, *, #5258, .F. ) ;
#3826 = CYLINDRICAL_SURFACE ( 'NONE', #4750, 2.250000000000001776 ) ;
#3827 = CARTESIAN_POINT ( 'NONE',  ( -15.99999999999984013, 3.000000000000000000, 19.49999999999999289 ) ) ;
#3828 = CARTESIAN_POINT ( 'NONE',  ( 41.99999999999999289, 3.000000000000000000, -29.50000000000000711 ) ) ;
#3829 = AXIS2_PLACEMENT_3D ( 'NONE', #1488, #6196, #2010 ) ;
#3830 = ORIENTED_EDGE ( 'NONE', *, *, #2030, .T. ) ;
#3831 = CYLINDRICAL_SURFACE ( 'NONE', #5917, 2.250000000000002665 ) ;
#3832 = ORIENTED_EDGE ( 'NONE', *, *, #4932, .F. ) ;
#3833 = EDGE_CURVE ( 'NONE', #3224, #151, #547, .T. ) ;
#3834 = CARTESIAN_POINT ( 'NONE',  ( -15.99999999999984013, 0.000000000000000000, 21.74999999999999645 ) ) ;
#3835 = DIRECTION ( 'NONE',  ( 0.000000000000000000, 0.000000000000000000, 1.000000000000000000 ) ) ;
#3836 = ORIENTED_EDGE ( 'NONE', *, *, #4778, .F. ) ;
#3837 = DIRECTION ( 'NONE',  ( -0.000000000000000000, 1.000000000000000000, -0.000000000000000000 ) ) ;
#3838 = ORIENTED_EDGE ( 'NONE', *, *, #3042, .F. ) ;
#3839 = CARTESIAN_POINT ( 'NONE',  ( 16.00000000000010303, 0.000000000000000000, 3.499999999999992895 ) ) ;
#3840 = VECTOR ( 'NONE', #4412, 1000.000000000000000 ) ;
#3841 = CYLINDRICAL_SURFACE ( 'NONE', #3368, 2.250000000000002665 ) ;
#3842 = DIRECTION ( 'NONE',  ( 0.000000000000000000, 0.000000000000000000, 1.000000000000000000 ) ) ;
#3843 = VECTOR ( 'NONE', #3974, 1000.000000000000000 ) ;
#3844 = AXIS2_PLACEMENT_3D ( 'NONE', #3718, #2355, #5186 ) ;
#3845 = EDGE_LOOP ( 'NONE', ( #3669, #5074 ) ) ;
#3846 = CARTESIAN_POINT ( 'NONE',  ( 8.000000000000131450, 0.000000000000000000, 9.249999999999984013 ) ) ;
#3847 = VECTOR ( 'NONE', #603, 1000.000000000000000 ) ;
#3848 = CARTESIAN_POINT ( 'NONE',  ( -24.00000000000000711, 0.000000000000000000, -30.75000000000001421 ) ) ;
#3849 = EDGE_LOOP ( 'NONE', ( #383, #4398 ) ) ;
#3850 = EDGE_CURVE ( 'NONE', #2335, #5163, #522, .T. ) ;
#3851 = VERTEX_POINT ( 'NONE', #4320 ) ;
#3852 = DIRECTION ( 'NONE',  ( 0.000000000000000000, 1.000000000000000000, -0.000000000000000000 ) ) ;
#3853 = ADVANCED_FACE ( 'NONE', ( #3507 ), #4382, .F. ) ;
#3854 = ADVANCED_FACE ( 'NONE', ( #2892 ), #2492, .F. ) ;
#3855 = CARTESIAN_POINT ( 'NONE',  ( -31.99999999999997868, 0.000000000000000000, -20.50000000000001066 ) ) ;
#3856 = ORIENTED_EDGE ( 'NONE', *, *, #1952, .F. ) ;
#3857 = CARTESIAN_POINT ( 'NONE',  ( 32.00000000000011369, 0.000000000000000000, 3.499999999999992895 ) ) ;
#3858 = DIRECTION ( 'NONE',  ( 0.000000000000000000, 0.000000000000000000, 1.000000000000000000 ) ) ;
#3859 = CARTESIAN_POINT ( 'NONE',  ( -16.00000000000000711, 3.000000000000000000, -28.50000000000001066 ) ) ;
#3860 = AXIS2_PLACEMENT_3D ( 'NONE', #4099, #4658, #905 ) ;
#3861 = AXIS2_PLACEMENT_3D ( 'NONE', #969, #455, #4720 ) ;
#3862 = CARTESIAN_POINT ( 'NONE',  ( 32.00000000000008527, 3.000000000000000000, -4.500000000000010658 ) ) ;
#3863 = ORIENTED_EDGE ( 'NONE', *, *, #3392, .T. ) ;
#3864 = LINE ( 'NONE', #2376, #3467 ) ;
#3865 = FACE_OUTER_BOUND ( 'NONE', #4347, .T. ) ;
#3866 = ORIENTED_EDGE ( 'NONE', *, *, #4113, .F. ) ;
#3867 = VECTOR ( 'NONE', #5455, 1000.000000000000000 ) ;
#3868 = LINE ( 'NONE', #566, #2195 ) ;
#3869 = ADVANCED_FACE ( 'NONE', ( #5326 ), #5385, .T. ) ;
#3870 = AXIS2_PLACEMENT_3D ( 'NONE', #2991, #2002, #4887 ) ;
#3871 = VERTEX_POINT ( 'NONE', #5838 ) ;
#3872 = CARTESIAN_POINT ( 'NONE',  ( -8.000000000000007105, 3.000000000000000000, -28.50000000000001066 ) ) ;
#3873 = DIRECTION ( 'NONE',  ( 0.000000000000000000, 1.000000000000000000, 0.000000000000000000 ) ) ;
#3874 = CARTESIAN_POINT ( 'NONE',  ( -39.00000000000000711, 7.000000000000000000, -26.99999999999999645 ) ) ;
#3875 = ORIENTED_EDGE ( 'NONE', *, *, #1921, .T. ) ;
#3876 = AXIS2_PLACEMENT_3D ( 'NONE', #5391, #1135, #4508 ) ;
#3877 = CARTESIAN_POINT ( 'NONE',  ( -31.99999999999995381, 0.000000000000000000, -12.50000000000001066 ) ) ;
#3878 = CARTESIAN_POINT ( 'NONE',  ( 16.00000000000010303, 0.000000000000000000, 3.499999999999992895 ) ) ;
#3879 = VERTEX_POINT ( 'NONE', #1563 ) ;
#3880 = VERTEX_POINT ( 'NONE', #3451 ) ;
#3881 = CYLINDRICAL_SURFACE ( 'NONE', #3008, 2.250000000000001776 ) ;
#3882 = LINE ( 'NONE', #4905, #3749 ) ;
#3883 = ORIENTED_EDGE ( 'NONE', *, *, #990, .T. ) ;
#3884 = EDGE_CURVE ( 'NONE', #2776, #1474, #1968, .T. ) ;
#3885 = CARTESIAN_POINT ( 'NONE',  ( 40.00000000000013500, 3.000000000000000000, 11.49999999999998579 ) ) ;
#3886 = CARTESIAN_POINT ( 'NONE',  ( -39.00000000000000711, 7.000000000000000000, -24.49999999999999289 ) ) ;
#3887 = DIRECTION ( 'NONE',  ( -0.000000000000000000, 1.000000000000000000, -0.000000000000000000 ) ) ;
#3888 = EDGE_LOOP ( 'NONE', ( #4671, #2155, #5201, #3292 ) ) ;
#3889 = CARTESIAN_POINT ( 'NONE',  ( 40.00000000000010658, 0.000000000000000000, 3.499999999999985789 ) ) ;
#3890 = ORIENTED_EDGE ( 'NONE', *, *, #155, .F. ) ;
#3891 = CARTESIAN_POINT ( 'NONE',  ( 19.08551248218999419, 7.000000000000000000, -24.49999999999999289 ) ) ;
#3892 = CARTESIAN_POINT ( 'NONE',  ( -45.00000000000000000, 2.000000000000000000, -7.499999999999992895 ) ) ;
#3893 = ORIENTED_EDGE ( 'NONE', *, *, #4039, .T. ) ;
#3894 = CARTESIAN_POINT ( 'NONE',  ( 8.000000000000076383, 3.000000000000000000, -6.750000000000014211 ) ) ;
#3895 = EDGE_CURVE ( 'NONE', #5984, #1695, #2734, .T. ) ;
#3896 = AXIS2_PLACEMENT_3D ( 'NONE', #2090, #647, #1109 ) ;
#3897 = VERTEX_POINT ( 'NONE', #202 ) ;
#3898 = CARTESIAN_POINT ( 'NONE',  ( 24.00000000000010303, 3.000000000000000000, 3.499999999999992895 ) ) ;
#3899 = LINE ( 'NONE', #2125, #6170 ) ;
#3900 = LINE ( 'NONE', #5340, #3934 ) ;
#3901 = ORIENTED_EDGE ( 'NONE', *, *, #5497, .F. ) ;
#3902 = ADVANCED_FACE ( 'NONE', ( #5927 ), #3629, .F. ) ;
#3903 = EDGE_LOOP ( 'NONE', ( #3518, #4151, #5682, #4488 ) ) ;
#3904 = MECHANICAL_DESIGN_GEOMETRIC_PRESENTATION_REPRESENTATION (  '', ( #5298 ), #2419 ) ;
#3905 = CARTESIAN_POINT ( 'NONE',  ( 32.00000000000005684, 0.000000000000000000, -12.50000000000001066 ) ) ;
#3906 = VECTOR ( 'NONE', #1467, 1000.000000000000000 ) ;
#3907 = CYLINDRICAL_SURFACE ( 'NONE', #4890, 2.250000000000001776 ) ;
#3908 = EDGE_LOOP ( 'NONE', ( #5687, #5892 ) ) ;
#3909 = ORIENTED_EDGE ( 'NONE', *, *, #2681, .T. ) ;
#3910 = DIRECTION ( 'NONE',  ( 0.000000000000000000, 1.000000000000000000, 0.000000000000000000 ) ) ;
#3911 = LINE ( 'NONE', #1583, #3149 ) ;
#3912 = EDGE_LOOP ( 'NONE', ( #4198, #3159 ) ) ;
#3913 = FACE_BOUND ( 'NONE', #1453, .T. ) ;
#3914 = CARTESIAN_POINT ( 'NONE',  ( 40.00000000000016342, 3.000000000000000000, 19.49999999999998579 ) ) ;
#3915 = DIRECTION ( 'NONE',  ( 0.000000000000000000, 0.000000000000000000, -1.000000000000000000 ) ) ;
#3916 = VECTOR ( 'NONE', #3395, 1000.000000000000000 ) ;
#3917 = EDGE_LOOP ( 'NONE', ( #2589, #4700 ) ) ;
#3918 = CARTESIAN_POINT ( 'NONE',  ( -39.99999999999995026, 0.000000000000000000, -10.25000000000000888 ) ) ;
#3919 = LINE ( 'NONE', #3977, #1891 ) ;
#3920 = CYLINDRICAL_SURFACE ( 'NONE', #610, 2.250000000000002665 ) ;
#3921 = ORIENTED_EDGE ( 'NONE', *, *, #504, .T. ) ;
#3922 = CARTESIAN_POINT ( 'NONE',  ( 32.00000000000017053, 0.000000000000000000, 21.74999999999999645 ) ) ;
#3923 = VERTEX_POINT ( 'NONE', #4588 ) ;
#3924 = DIRECTION ( 'NONE',  ( 0.000000000000000000, 1.000000000000000000, 0.000000000000000000 ) ) ;
#3925 = CARTESIAN_POINT ( 'NONE',  ( -31.99999999999995381, 0.000000000000000000, -14.75000000000001243 ) ) ;
#3926 = DIRECTION ( 'NONE',  ( 0.000000000000000000, 1.000000000000000000, 0.000000000000000000 ) ) ;
#3927 = EDGE_CURVE ( 'NONE', #1998, #2541, #1462, .T. ) ;
#3928 = ORIENTED_EDGE ( 'NONE', *, *, #3593, .T. ) ;
#3929 = EDGE_CURVE ( 'NONE', #5042, #563, #3731, .T. ) ;
#3930 = EDGE_LOOP ( 'NONE', ( #2919, #4316 ) ) ;
#3931 = LINE ( 'NONE', #3032, #2953 ) ;
#3932 = PRODUCT_DEFINITION ( 'UNKNOWN', '', #5667, #6074 ) ;
#3933 = CIRCLE ( 'NONE', #853, 2.250000000000001776 ) ;
#3934 = VECTOR ( 'NONE', #1084, 1000.000000000000000 ) ;
#3935 = AXIS2_PLACEMENT_3D ( 'NONE', #2395, #4716, #903 ) ;
#3936 = DIRECTION ( 'NONE',  ( -0.000000000000000000, 1.000000000000000000, -0.000000000000000000 ) ) ;
#3937 = CIRCLE ( 'NONE', #2452, 2.500000000000002220 ) ;
#3938 = AXIS2_PLACEMENT_3D ( 'NONE', #1520, #506, #992 ) ;
#3939 = EDGE_CURVE ( 'NONE', #8, #3880, #3527, .T. ) ;
#3940 = EDGE_LOOP ( 'NONE', ( #1158, #1696 ) ) ;
#3941 = DIRECTION ( 'NONE',  ( -0.000000000000000000, 1.000000000000000000, -0.000000000000000000 ) ) ;
#3942 = ORIENTED_EDGE ( 'NONE', *, *, #3583, .T. ) ;
#3943 = CARTESIAN_POINT ( 'NONE',  ( -23.99999999999984013, 3.000000000000000000, 17.24999999999998934 ) ) ;
#3944 = LINE ( 'NONE', #1587, #5342 ) ;
#3945 = DIRECTION ( 'NONE',  ( 0.000000000000000000, 0.000000000000000000, 1.000000000000000000 ) ) ;
#3946 = CIRCLE ( 'NONE', #5859, 2.250000000000001776 ) ;
#3947 = ORIENTED_EDGE ( 'NONE', *, *, #4492, .T. ) ;
#3948 = CARTESIAN_POINT ( 'NONE',  ( 8.000000000000076383, 3.000000000000000000, -4.500000000000010658 ) ) ;
#3949 = DIRECTION ( 'NONE',  ( 0.000000000000000000, 1.000000000000000000, 0.000000000000000000 ) ) ;
#3950 = AXIS2_PLACEMENT_3D ( 'NONE', #5672, #4653, #3322 ) ;
#3951 = CARTESIAN_POINT ( 'NONE',  ( 8.000000000000188294, 0.000000000000000000, 29.74999999999998934 ) ) ;
#3952 = ORIENTED_EDGE ( 'NONE', *, *, #1437, .T. ) ;
#3953 = CARTESIAN_POINT ( 'NONE',  ( 19.08551248218999419, 0.000000000000000000, 23.13550028720601048 ) ) ;
#3954 = AXIS2_PLACEMENT_3D ( 'NONE', #1738, #743, #873 ) ;
#3955 = VERTEX_POINT ( 'NONE', #4069 ) ;
#3956 = DIRECTION ( 'NONE',  ( 1.000000000000000000, 0.000000000000000000, -7.709882115452476934E-17 ) ) ;
#3957 = DIRECTION ( 'NONE',  ( 0.000000000000000000, 1.000000000000000000, 0.000000000000000000 ) ) ;
#3958 = DIRECTION ( 'NONE',  ( 0.000000000000000000, 0.000000000000000000, 1.000000000000000000 ) ) ;
#3959 = EDGE_LOOP ( 'NONE', ( #1339, #3249 ) ) ;
#3960 = ORIENTED_EDGE ( 'NONE', *, *, #3137, .F. ) ;
#3961 = CIRCLE ( 'NONE', #5562, 2.250000000000001776 ) ;
#3962 = EDGE_CURVE ( 'NONE', #3389, #3504, #3933, .T. ) ;
#3963 = CYLINDRICAL_SURFACE ( 'NONE', #5753, 2.250000000000001776 ) ;
#3964 = AXIS2_PLACEMENT_3D ( 'NONE', #4922, #4484, #3083 ) ;
#3965 = EDGE_CURVE ( 'NONE', #4617, #1795, #4723, .T. ) ;
#3966 = CIRCLE ( 'NONE', #5468, 2.250000000000001776 ) ;
#3967 = CARTESIAN_POINT ( 'NONE',  ( -24.00000000000000711, 3.000000000000000000, -30.75000000000001421 ) ) ;
#3968 = ORIENTED_EDGE ( 'NONE', *, *, #5310, .T. ) ;
#3969 = ORIENTED_EDGE ( 'NONE', *, *, #5395, .T. ) ;
#3970 = CARTESIAN_POINT ( 'NONE',  ( 16.00000000000013145, 3.000000000000000000, 11.49999999999998579 ) ) ;
#3971 = EDGE_LOOP ( 'NONE', ( #5955, #2404 ) ) ;
#3972 = DIRECTION ( 'NONE',  ( 0.000000000000000000, 0.000000000000000000, 1.000000000000000000 ) ) ;
#3973 = EDGE_CURVE ( 'NONE', #5270, #1827, #4030, .T. ) ;
#3974 = DIRECTION ( 'NONE',  ( -1.000000000000000000, -0.000000000000000000, 7.709882115452476934E-17 ) ) ;
#3975 = DIRECTION ( 'NONE',  ( 0.000000000000000000, 0.000000000000000000, 1.000000000000000000 ) ) ;
#3976 = DIRECTION ( 'NONE',  ( 0.000000000000000000, 0.000000000000000000, 1.000000000000000000 ) ) ;
#3977 = CARTESIAN_POINT ( 'NONE',  ( 40.00000000000002132, 0.000000000000000000, -18.25000000000001421 ) ) ;
#3978 = CARTESIAN_POINT ( 'NONE',  ( 40.00000000000016342, 0.000000000000000000, 17.24999999999998579 ) ) ;
#3979 = ORIENTED_EDGE ( 'NONE', *, *, #3331, .F. ) ;
#3980 = DIRECTION ( 'NONE',  ( -0.000000000000000000, 1.000000000000000000, -0.000000000000000000 ) ) ;
#3981 = CIRCLE ( 'NONE', #2895, 2.250000000000001776 ) ;
#3982 = ORIENTED_EDGE ( 'NONE', *, *, #5665, .F. ) ;
#3983 = CARTESIAN_POINT ( 'NONE',  ( 8.000000000000021316, 3.000000000000000000, -20.50000000000001066 ) ) ;
#3984 = DIRECTION ( 'NONE',  ( 0.000000000000000000, 0.000000000000000000, 1.000000000000000000 ) ) ;
#3985 = DIRECTION ( 'NONE',  ( 0.000000000000000000, 0.000000000000000000, 1.000000000000000000 ) ) ;
#3986 = VECTOR ( 'NONE', #543, 1000.000000000000000 ) ;
#3988 = ORIENTED_EDGE ( 'NONE', *, *, #1614, .F. ) ;
#3987 = AXIS2_PLACEMENT_3D ( 'NONE', #3151, #1330, #4110 ) ;
#3989 = ORIENTED_EDGE ( 'NONE', *, *, #1580, .F. ) ;
#3990 = VERTEX_POINT ( 'NONE', #1648 ) ;
#3991 = CARTESIAN_POINT ( 'NONE',  ( 24.00000000000010303, 0.000000000000000000, 3.499999999999992895 ) ) ;
#3992 = EDGE_CURVE ( 'NONE', #3367, #2284, #5450, .T. ) ;
#3993 = AXIS2_PLACEMENT_3D ( 'NONE', #3698, #357, #5608 ) ;
#3994 = CARTESIAN_POINT ( 'NONE',  ( 32.00000000000002842, 3.000000000000000000, -22.75000000000001421 ) ) ;
#3995 = VECTOR ( 'NONE', #2700, 1000.000000000000000 ) ;
#3996 = ORIENTED_EDGE ( 'NONE', *, *, #908, .F. ) ;
#3997 = ADVANCED_FACE ( 'NONE', ( #2605 ), #2170, .F. ) ;
#3998 = DIRECTION ( 'NONE',  ( -0.000000000000000000, 1.000000000000000000, -0.000000000000000000 ) ) ;
#4000 = VERTEX_POINT ( 'NONE', #2662 ) ;
#3999 = VECTOR ( 'NONE', #944, 1000.000000000000000 ) ;
#4001 = FACE_BOUND ( 'NONE', #3771, .T. ) ;
#4002 = EDGE_CURVE ( 'NONE', #4494, #2714, #2140, .T. ) ;
#4003 = AXIS2_PLACEMENT_3D ( 'NONE', #3886, #1994, #1005 ) ;
#4004 = DIRECTION ( 'NONE',  ( -0.000000000000000000, 1.000000000000000000, -0.000000000000000000 ) ) ;
#4005 = CARTESIAN_POINT ( 'NONE',  ( -39.00000000000000711, 0.000000000000000000, -24.49999999999999289 ) ) ;
#4006 = EDGE_CURVE ( 'NONE', #5748, #4725, #4235, .T. ) ;
#4007 = CIRCLE ( 'NONE', #5616, 2.250000000000002665 ) ;
#4008 = DIRECTION ( 'NONE',  ( -0.000000000000000000, 1.000000000000000000, -0.000000000000000000 ) ) ;
#4009 = DIRECTION ( 'NONE',  ( 0.000000000000000000, 0.000000000000000000, 1.000000000000000000 ) ) ;
#4010 = DIRECTION ( 'NONE',  ( 0.000000000000000000, 0.000000000000000000, 1.000000000000000000 ) ) ;
#4011 = ORIENTED_EDGE ( 'NONE', *, *, #5375, .T. ) ;
#4012 = AXIS2_PLACEMENT_3D ( 'NONE', #2899, #1940, #2836 ) ;
#4013 = DIRECTION ( 'NONE',  ( 0.000000000000000000, 1.000000000000000000, 0.000000000000000000 ) ) ;
#4014 = CARTESIAN_POINT ( 'NONE',  ( -15.99999999999981348, 0.000000000000000000, 27.49999999999998579 ) ) ;
#4015 = ADVANCED_FACE ( 'NONE', ( #2694 ), #4972, .F. ) ;
#4016 = VERTEX_POINT ( 'NONE', #2231 ) ;
#4017 = DIRECTION ( 'NONE',  ( 0.000000000000000000, 1.000000000000000000, 0.000000000000000000 ) ) ;
#4018 = ORIENTED_EDGE ( 'NONE', *, *, #1287, .T. ) ;
#4019 = DIRECTION ( 'NONE',  ( 0.000000000000000000, 1.000000000000000000, 0.000000000000000000 ) ) ;
#4020 = CARTESIAN_POINT ( 'NONE',  ( -31.99999999999986855, 0.000000000000000000, 11.49999999999998579 ) ) ;
#4021 = ORIENTED_EDGE ( 'NONE', *, *, #2858, .F. ) ;
#4022 = EDGE_LOOP ( 'NONE', ( #85, #876, #74, #2103 ) ) ;
#4023 = ORIENTED_EDGE ( 'NONE', *, *, #5617, .F. ) ;
#4024 = DIRECTION ( 'NONE',  ( 0.000000000000000000, 0.000000000000000000, 1.000000000000000000 ) ) ;
#4025 = SURFACE_SIDE_STYLE ('',( #2132 ) ) ;
#4026 = DIRECTION ( 'NONE',  ( 0.000000000000000000, 1.000000000000000000, 0.000000000000000000 ) ) ;
#4027 = VERTEX_POINT ( 'NONE', #3664 ) ;
#4028 = VECTOR ( 'NONE', #4882, 1000.000000000000000 ) ;
#4029 = ORIENTED_EDGE ( 'NONE', *, *, #3661, .T. ) ;
#4030 = CIRCLE ( 'NONE', #756, 2.250000000000001776 ) ;
#4031 = FACE_OUTER_BOUND ( 'NONE', #991, .T. ) ;
#4032 = EDGE_LOOP ( 'NONE', ( #812, #3230 ) ) ;
#4033 = FACE_BOUND ( 'NONE', #602, .T. ) ;
#4034 = VECTOR ( 'NONE', #4275, 1000.000000000000000 ) ;
#4035 = CARTESIAN_POINT ( 'NONE',  ( 40.00000000000018474, 0.000000000000000000, 27.49999999999998579 ) ) ;
#4036 = EDGE_CURVE ( 'NONE', #6096, #4864, #3248, .T. ) ;
#4037 = DIRECTION ( 'NONE',  ( 0.000000000000000000, 1.000000000000000000, 0.000000000000000000 ) ) ;
#4038 = ADVANCED_FACE ( 'NONE', ( #3570 ), #3603, .F. ) ;
#4039 = EDGE_CURVE ( 'NONE', #2078, #3198, #4827, .T. ) ;
#4040 = CIRCLE ( 'NONE', #2362, 2.250000000000001776 ) ;
#4041 = CIRCLE ( 'NONE', #2157, 2.250000000000001776 ) ;
#4042 = DIRECTION ( 'NONE',  ( 0.000000000000000000, 1.000000000000000000, 0.000000000000000000 ) ) ;
#4043 = FACE_OUTER_BOUND ( 'NONE', #1892, .T. ) ;
#4044 = DIRECTION ( 'NONE',  ( -0.000000000000000000, 1.000000000000000000, -0.000000000000000000 ) ) ;
#4045 = DIRECTION ( 'NONE',  ( 0.000000000000000000, 0.000000000000000000, -1.000000000000000000 ) ) ;
#4046 = DIRECTION ( 'NONE',  ( 0.000000000000000000, 0.000000000000000000, 1.000000000000000000 ) ) ;
#4047 = CARTESIAN_POINT ( 'NONE',  ( 40.00000000000002132, 0.000000000000000000, -20.50000000000001421 ) ) ;
#4048 = ADVANCED_FACE ( 'NONE', ( #291 ), #2201, .F. ) ;
#4049 = CIRCLE ( 'NONE', #3062, 2.250000000000001776 ) ;
#4050 = LINE ( 'NONE', #2211, #2516 ) ;
#4051 = DIRECTION ( 'NONE',  ( -0.000000000000000000, 1.000000000000000000, -0.000000000000000000 ) ) ;
#4052 = DIRECTION ( 'NONE',  ( 0.000000000000000000, 1.000000000000000000, 0.000000000000000000 ) ) ;
#4053 = EDGE_LOOP ( 'NONE', ( #4987, #3030 ) ) ;
#4054 = ORIENTED_EDGE ( 'NONE', *, *, #5395, .F. ) ;
#4055 = EDGE_CURVE ( 'NONE', #4697, #3224, #1898, .T. ) ;
#4056 = CARTESIAN_POINT ( 'NONE',  ( 32.00000000000005684, 0.000000000000000000, -10.25000000000000888 ) ) ;
#4057 = CIRCLE ( 'NONE', #5252, 2.250000000000001776 ) ;
#4058 = ORIENTED_EDGE ( 'NONE', *, *, #5065, .T. ) ;
#4059 = CARTESIAN_POINT ( 'NONE',  ( -39.99999999999995026, 3.000000000000000000, -14.75000000000001243 ) ) ;
#4060 = CIRCLE ( 'NONE', #173, 2.250000000000001776 ) ;
#4061 = DIRECTION ( 'NONE',  ( -0.000000000000000000, 1.000000000000000000, -0.000000000000000000 ) ) ;
#4062 = ORIENTED_EDGE ( 'NONE', *, *, #2635, .F. ) ;
#4063 = CIRCLE ( 'NONE', #4551, 2.250000000000001776 ) ;
#4064 = CARTESIAN_POINT ( 'NONE',  ( -15.99999999999984013, 0.000000000000000000, 19.49999999999999289 ) ) ;
#4065 = ORIENTED_EDGE ( 'NONE', *, *, #130, .F. ) ;
#4066 = FACE_BOUND ( 'NONE', #1117, .T. ) ;
#4067 = DIRECTION ( 'NONE',  ( 0.000000000000000000, 1.000000000000000000, 0.000000000000000000 ) ) ;
#4068 = CIRCLE ( 'NONE', #3175, 2.250000000000002665 ) ;
#4069 = CARTESIAN_POINT ( 'NONE',  ( -15.99999999999986855, 3.000000000000000000, 13.74999999999998757 ) ) ;
#4070 = DIRECTION ( 'NONE',  ( 0.000000000000000000, 0.000000000000000000, 1.000000000000000000 ) ) ;
#4071 = EDGE_CURVE ( 'NONE', #327, #4711, #3530, .T. ) ;
#4072 = CARTESIAN_POINT ( 'NONE',  ( 19.08551248218999419, 7.000000000000000000, -24.49999999999999289 ) ) ;
#4073 = DIRECTION ( 'NONE',  ( -0.000000000000000000, 1.000000000000000000, -0.000000000000000000 ) ) ;
#4074 = CYLINDRICAL_SURFACE ( 'NONE', #6113, 2.250000000000001776 ) ;
#4075 = CARTESIAN_POINT ( 'NONE',  ( 8.000000000000159872, 0.000000000000000000, 21.74999999999999645 ) ) ;
#4076 = EDGE_LOOP ( 'NONE', ( #193, #1902, #1174, #3580 ) ) ;
#4077 = DIRECTION ( 'NONE',  ( -0.000000000000000000, 1.000000000000000000, -0.000000000000000000 ) ) ;
#4078 = CARTESIAN_POINT ( 'NONE',  ( -7.999999999999812594, 0.000000000000000000, 27.49999999999998579 ) ) ;
#4079 = LINE ( 'NONE', #4516, #136 ) ;
#4080 = VERTEX_POINT ( 'NONE', #6084 ) ;
#4081 = ORIENTED_EDGE ( 'NONE', *, *, #386, .T. ) ;
#4082 = CIRCLE ( 'NONE', #5487, 2.250000000000001776 ) ;
#4083 = ADVANCED_FACE ( 'NONE', ( #5166 ), #2363, .T. ) ;
#4084 = CARTESIAN_POINT ( 'NONE',  ( -39.00000000000000711, 7.000000000000000000, 24.50000000000000355 ) ) ;
#4085 = VECTOR ( 'NONE', #4141, 1000.000000000000000 ) ;
#4086 = EDGE_CURVE ( 'NONE', #187, #336, #2760, .T. ) ;
#4087 = CARTESIAN_POINT ( 'NONE',  ( 1.668089992235816162E-13, 3.000000000000000000, 17.24999999999998934 ) ) ;
#4088 = DIRECTION ( 'NONE',  ( 2.775557561562892298E-14, 0.000000000000000000, 1.000000000000000000 ) ) ;
#4089 = EDGE_LOOP ( 'NONE', ( #5943, #6087 ) ) ;
#4090 = ADVANCED_FACE ( 'NONE', ( #4686 ), #4654, .T. ) ;
#4091 = CARTESIAN_POINT ( 'NONE',  ( 1.110223024625156540E-13, 0.000000000000000000, 3.499999999999992895 ) ) ;
#4092 = ORIENTED_EDGE ( 'NONE', *, *, #3782, .F. ) ;
#4093 = FACE_BOUND ( 'NONE', #2, .T. ) ;
#4094 = CIRCLE ( 'NONE', #315, 2.250000000000001776 ) ;
#4095 = DIRECTION ( 'NONE',  ( -0.000000000000000000, 1.000000000000000000, -0.000000000000000000 ) ) ;
#4096 = CARTESIAN_POINT ( 'NONE',  ( -39.00000000000000711, 3.000000000000000000, -24.49999999999999289 ) ) ;
#4097 = FACE_BOUND ( 'NONE', #5744, .T. ) ;
#4098 = AXIS2_PLACEMENT_3D ( 'NONE', #2239, #2675, #4135 ) ;
#4099 = CARTESIAN_POINT ( 'NONE',  ( -15.99999999999995204, 0.000000000000000000, -12.50000000000001066 ) ) ;
#4100 = ORIENTED_EDGE ( 'NONE', *, *, #2466, .F. ) ;
#4101 = CARTESIAN_POINT ( 'NONE',  ( 45.00000000000000000, 3.000000000000000000, -29.50000000000001066 ) ) ;
#4102 = CYLINDRICAL_SURFACE ( 'NONE', #722, 2.250000000000001776 ) ;
#4103 = LINE ( 'NONE', #4075, #405 ) ;
#4104 = CIRCLE ( 'NONE', #4499, 2.250000000000001776 ) ;
#4105 = CARTESIAN_POINT ( 'NONE',  ( -39.99999999999995026, 3.000000000000000000, -12.50000000000001066 ) ) ;
#4106 = CARTESIAN_POINT ( 'NONE',  ( 45.00000000000000000, 3.000000000000000000, -29.50000000000001066 ) ) ;
#4107 = CARTESIAN_POINT ( 'NONE',  ( 39.99999999999999289, 3.000000000000000000, -26.25000000000001421 ) ) ;
#4108 = ORIENTED_EDGE ( 'NONE', *, *, #2518, .F. ) ;
#4109 = ORIENTED_EDGE ( 'NONE', *, *, #3132, .T. ) ;
#4110 = DIRECTION ( 'NONE',  ( 0.000000000000000000, 0.000000000000000000, 1.000000000000000000 ) ) ;
#4111 = EDGE_CURVE ( 'NONE', #2738, #4518, #450, .T. ) ;
#4112 = EDGE_CURVE ( 'NONE', #6008, #3879, #4331, .T. ) ;
#4113 = EDGE_CURVE ( 'NONE', #1814, #5560, #2448, .T. ) ;
#4114 = CARTESIAN_POINT ( 'NONE',  ( -32.00000000000000000, 3.000000000000000000, -28.50000000000000711 ) ) ;
#4115 = CYLINDRICAL_SURFACE ( 'NONE', #4883, 2.250000000000002665 ) ;
#4116 = ORIENTED_EDGE ( 'NONE', *, *, #5739, .F. ) ;
#4117 = AXIS2_PLACEMENT_3D ( 'NONE', #719, #1233, #4455 ) ;
#4118 = DIRECTION ( 'NONE',  ( -0.000000000000000000, 1.000000000000000000, -0.000000000000000000 ) ) ;
#4119 = ORIENTED_EDGE ( 'NONE', *, *, #5453, .F. ) ;
#4120 = FACE_BOUND ( 'NONE', #1344, .T. ) ;
#4121 = DIRECTION ( 'NONE',  ( 0.000000000000000000, 0.000000000000000000, 1.000000000000000000 ) ) ;
#4122 = EDGE_CURVE ( 'NONE', #3213, #3323, #3738, .T. ) ;
#4123 = DIRECTION ( 'NONE',  ( 0.000000000000000000, 0.000000000000000000, -1.000000000000000000 ) ) ;
#4124 = AXIS2_PLACEMENT_3D ( 'NONE', #617, #2521, #1588 ) ;
#4125 = DIRECTION ( 'NONE',  ( 0.000000000000000000, 0.000000000000000000, 1.000000000000000000 ) ) ;
#4126 = VECTOR ( 'NONE', #2633, 1000.000000000000000 ) ;
#4127 = CYLINDRICAL_SURFACE ( 'NONE', #375, 2.250000000000001776 ) ;
#4128 = ORIENTED_EDGE ( 'NONE', *, *, #1586, .F. ) ;
#4129 = FACE_OUTER_BOUND ( 'NONE', #1822, .T. ) ;
#4130 = CARTESIAN_POINT ( 'NONE',  ( 16.00000000000004974, 3.000000000000000000, -12.50000000000001066 ) ) ;
#4131 = FACE_OUTER_BOUND ( 'NONE', #3903, .T. ) ;
#4132 = AXIS2_PLACEMENT_3D ( 'NONE', #3434, #4489, #1179 ) ;
#4133 = ORIENTED_EDGE ( 'NONE', *, *, #5245, .F. ) ;
#4134 = ORIENTED_EDGE ( 'NONE', *, *, #3550, .T. ) ;
#4135 = DIRECTION ( 'NONE',  ( 0.000000000000000000, 0.000000000000000000, 1.000000000000000000 ) ) ;
#4136 = DIRECTION ( 'NONE',  ( 0.000000000000000000, 0.000000000000000000, 1.000000000000000000 ) ) ;
#4137 = DIRECTION ( 'NONE',  ( 0.000000000000000000, 1.000000000000000000, 0.000000000000000000 ) ) ;
#4138 = ORIENTED_EDGE ( 'NONE', *, *, #5528, .T. ) ;
#4139 = VERTEX_POINT ( 'NONE', #4749 ) ;
#4140 = ADVANCED_FACE ( 'NONE', ( #2820 ), #828, .F. ) ;
#4141 = DIRECTION ( 'NONE',  ( -0.000000000000000000, 1.000000000000000000, -0.000000000000000000 ) ) ;
#4142 = ORIENTED_EDGE ( 'NONE', *, *, #421, .F. ) ;
#4143 = FACE_OUTER_BOUND ( 'NONE', #1409, .T. ) ;
#4144 = DIRECTION ( 'NONE',  ( 0.000000000000000000, 1.000000000000000000, 0.000000000000000000 ) ) ;
#4145 = EDGE_CURVE ( 'NONE', #2837, #6054, #1860, .T. ) ;
#4146 = CARTESIAN_POINT ( 'NONE',  ( -24.00000000000000711, 0.000000000000000000, -28.50000000000001066 ) ) ;
#4147 = ORIENTED_EDGE ( 'NONE', *, *, #438, .F. ) ;
#4148 = CIRCLE ( 'NONE', #2864, 2.250000000000002665 ) ;
#4149 = EDGE_LOOP ( 'NONE', ( #1146, #5336, #4574, #2475, #6155, #6185, #399, #654, #4712, #5241, #1625, #3968 ) ) ;
#4150 = CIRCLE ( 'NONE', #3272, 2.250000000000001776 ) ;
#4151 = ORIENTED_EDGE ( 'NONE', *, *, #1995, .F. ) ;
#4152 = FACE_BOUND ( 'NONE', #3917, .T. ) ;
#4153 = CARTESIAN_POINT ( 'NONE',  ( -7.999999999999952038, 0.000000000000000000, -12.50000000000001066 ) ) ;
#4154 = EDGE_CURVE ( 'NONE', #2947, #4762, #4155, .T. ) ;
#4155 = LINE ( 'NONE', #2330, #219 ) ;
#4156 = VERTEX_POINT ( 'NONE', #1438 ) ;
#4157 = AXIS2_PLACEMENT_3D ( 'NONE', #3387, #5294, #5803 ) ;
#4158 = FACE_BOUND ( 'NONE', #3845, .T. ) ;
#4159 = EDGE_CURVE ( 'NONE', #2476, #1559, #4695, .T. ) ;
#4160 = DIRECTION ( 'NONE',  ( -0.000000000000000000, 1.000000000000000000, -0.000000000000000000 ) ) ;
#4161 = ORIENTED_EDGE ( 'NONE', *, *, #2061, .F. ) ;
#4162 = CARTESIAN_POINT ( 'NONE',  ( -23.99999999999995026, 0.000000000000000000, -12.50000000000001066 ) ) ;
#4163 = CIRCLE ( 'NONE', #788, 1.364499712793999064 ) ;
#4164 = CARTESIAN_POINT ( 'NONE',  ( 8.000000000000131450, 3.000000000000000000, 13.74999999999998757 ) ) ;
#4165 = CARTESIAN_POINT ( 'NONE',  ( -16.00000000000000711, 0.000000000000000000, -28.50000000000001066 ) ) ;
#4166 = EDGE_LOOP ( 'NONE', ( #4751, #5149 ) ) ;
#4167 = ORIENTED_EDGE ( 'NONE', *, *, #4769, .T. ) ;
#4168 = CARTESIAN_POINT ( 'NONE',  ( 24.00000000000004974, 3.000000000000000000, -10.25000000000000888 ) ) ;
#4169 = ORIENTED_EDGE ( 'NONE', *, *, #6169, .T. ) ;
#4170 = DIRECTION ( 'NONE',  ( -0.000000000000000000, 1.000000000000000000, -0.000000000000000000 ) ) ;
#4171 = CARTESIAN_POINT ( 'NONE',  ( -45.00000000000000000, 3.000000000000000000, 32.50000000000000000 ) ) ;
#4172 = ORIENTED_EDGE ( 'NONE', *, *, #1894, .T. ) ;
#4173 = VERTEX_POINT ( 'NONE', #933 ) ;
#4174 = CARTESIAN_POINT ( 'NONE',  ( -7.999999999999812594, 0.000000000000000000, 29.74999999999998934 ) ) ;
#4175 = VERTEX_POINT ( 'NONE', #6115 ) ;
#4176 = DIRECTION ( 'NONE',  ( -0.000000000000000000, 1.000000000000000000, -0.000000000000000000 ) ) ;
#4177 = CARTESIAN_POINT ( 'NONE',  ( 2.081668171172168513E-14, 3.000000000000000000, -20.50000000000001066 ) ) ;
#4178 = ORIENTED_EDGE ( 'NONE', *, *, #262, .F. ) ;
#4179 = CIRCLE ( 'NONE', #4679, 2.250000000000001776 ) ;
#4180 = UNCERTAINTY_MEASURE_WITH_UNIT (LENGTH_MEASURE( 1.000000000000000082E-05 ), #2716, 'distance_accuracy_value', 'NONE');
#4181 = ORIENTED_EDGE ( 'NONE', *, *, #2348, .F. ) ;
#4182 = ORIENTED_EDGE ( 'NONE', *, *, #2518, .T. ) ;
#4183 = AXIS2_PLACEMENT_3D ( 'NONE', #2073, #3440, #2540 ) ;
#4184 = CARTESIAN_POINT ( 'NONE',  ( 16.00000000000004974, 0.000000000000000000, -10.25000000000000888 ) ) ;
#4185 = DIRECTION ( 'NONE',  ( 0.000000000000000000, 0.000000000000000000, 1.000000000000000000 ) ) ;
#4186 = ORIENTED_EDGE ( 'NONE', *, *, #5790, .F. ) ;
#4187 = EDGE_CURVE ( 'NONE', #4690, #5250, #18, .T. ) ;
#4188 = CYLINDRICAL_SURFACE ( 'NONE', #3993, 2.250000000000001776 ) ;
#4189 = EDGE_CURVE ( 'NONE', #4976, #2255, #2262, .T. ) ;
#4190 = ADVANCED_FACE ( 'NONE', ( #5224 ), #1867, .F. ) ;
#4191 = DIRECTION ( 'NONE',  ( 0.000000000000000000, 1.000000000000000000, 0.000000000000000000 ) ) ;
#4193 = ORIENTED_EDGE ( 'NONE', *, *, #1139, .T. ) ;
#4192 = AXIS2_PLACEMENT_3D ( 'NONE', #2387, #96, #5726 ) ;
#4194 = CARTESIAN_POINT ( 'NONE',  ( 8.000000000000104805, 3.000000000000000000, 5.749999999999995559 ) ) ;
#4195 = EDGE_CURVE ( 'NONE', #849, #4925, #318, .T. ) ;
#4196 = CARTESIAN_POINT ( 'NONE',  ( 2.081668171172168513E-14, 0.000000000000000000, -20.50000000000001066 ) ) ;
#4197 = CARTESIAN_POINT ( 'NONE',  ( 19.08551248218999419, 0.000000000000000000, 24.50000000000000355 ) ) ;
#4198 = ORIENTED_EDGE ( 'NONE', *, *, #3824, .T. ) ;
#4199 = ORIENTED_EDGE ( 'NONE', *, *, #2715, .T. ) ;
#4200 = DIRECTION ( 'NONE',  ( 0.000000000000000000, 0.000000000000000000, 1.000000000000000000 ) ) ;
#4201 = ORIENTED_EDGE ( 'NONE', *, *, #5808, .F. ) ;
#4202 = DIRECTION ( 'NONE',  ( 0.000000000000000000, 0.000000000000000000, 1.000000000000000000 ) ) ;
#4203 = DIRECTION ( 'NONE',  ( -0.000000000000000000, 1.000000000000000000, -0.000000000000000000 ) ) ;
#4204 = ORIENTED_EDGE ( 'NONE', *, *, #5970, .F. ) ;
#4205 = EDGE_LOOP ( 'NONE', ( #4178, #2209 ) ) ;
#4206 = AXIS2_PLACEMENT_3D ( 'NONE', #3889, #52, #2493 ) ;
#4207 = FACE_OUTER_BOUND ( 'NONE', #5323, .T. ) ;
#4208 = EDGE_CURVE ( 'NONE', #2667, #5254, #5205, .T. ) ;
#4209 = ORIENTED_EDGE ( 'NONE', *, *, #2630, .F. ) ;
#4210 = CARTESIAN_POINT ( 'NONE',  ( 32.00000000000017053, 0.000000000000000000, 17.24999999999998934 ) ) ;
#4211 = DIRECTION ( 'NONE',  ( -0.000000000000000000, -1.000000000000000000, -0.000000000000000000 ) ) ;
#4212 = FACE_OUTER_BOUND ( 'NONE', #1088, .T. ) ;
#4213 = ORIENTED_EDGE ( 'NONE', *, *, #2374, .T. ) ;
#4214 = ORIENTED_EDGE ( 'NONE', *, *, #1842, .F. ) ;
#4215 = ORIENTED_EDGE ( 'NONE', *, *, #2043, .F. ) ;
#4216 = AXIS2_PLACEMENT_3D ( 'NONE', #3000, #184, #2533 ) ;
#4217 = CARTESIAN_POINT ( 'NONE',  ( 40.00000000000013500, 3.000000000000000000, 13.74999999999998757 ) ) ;
#4218 = DIRECTION ( 'NONE',  ( 0.000000000000000000, 0.000000000000000000, -1.000000000000000000 ) ) ;
#4219 = VERTEX_POINT ( 'NONE', #5734 ) ;
#4220 = FACE_BOUND ( 'NONE', #2051, .T. ) ;
#4221 = FACE_OUTER_BOUND ( 'NONE', #4884, .T. ) ;
#4222 = ORIENTED_EDGE ( 'NONE', *, *, #584, .T. ) ;
#4223 = EDGE_CURVE ( 'NONE', #3923, #2160, #5256, .T. ) ;
#4224 = CARTESIAN_POINT ( 'NONE',  ( 45.00000000000000000, 0.000000000000000000, -29.50000000000001066 ) ) ;
#4225 = CARTESIAN_POINT ( 'NONE',  ( -45.00000000000000000, 3.000000000000000000, 29.50000000000000355 ) ) ;
#4226 = DIRECTION ( 'NONE',  ( 0.000000000000000000, 1.000000000000000000, 0.000000000000000000 ) ) ;
#4227 = AXIS2_PLACEMENT_3D ( 'NONE', #2401, #3273, #3767 ) ;
#4228 = EDGE_CURVE ( 'NONE', #3897, #5627, #1236, .T. ) ;
#4229 = CIRCLE ( 'NONE', #4726, 2.250000000000002665 ) ;
#4230 = VERTEX_POINT ( 'NONE', #4312 ) ;
#4231 = DIRECTION ( 'NONE',  ( -0.000000000000000000, 1.000000000000000000, -0.000000000000000000 ) ) ;
#4232 = ORIENTED_EDGE ( 'NONE', *, *, #312, .F. ) ;
#4233 = CARTESIAN_POINT ( 'NONE',  ( -45.00000000000000000, 3.000000000000000000, 32.50000000000000000 ) ) ;
#4234 = DIRECTION ( 'NONE',  ( 0.000000000000000000, 0.000000000000000000, 1.000000000000000000 ) ) ;
#4235 = CIRCLE ( 'NONE', #5338, 2.250000000000001776 ) ;
#4236 = VERTEX_POINT ( 'NONE', #1657 ) ;
#4237 = EDGE_LOOP ( 'NONE', ( #640, #5913 ) ) ;
#4238 = AXIS2_PLACEMENT_3D ( 'NONE', #2109, #1762, #3658 ) ;
#4239 = AXIS2_PLACEMENT_3D ( 'NONE', #2520, #5325, #49 ) ;
#4240 = DIRECTION ( 'NONE',  ( 0.000000000000000000, 0.000000000000000000, 1.000000000000000000 ) ) ;
#4241 = ADVANCED_FACE ( 'NONE', ( #2236 ), #2581, .F. ) ;
#4242 = ORIENTED_EDGE ( 'NONE', *, *, #3973, .F. ) ;
#4243 = CARTESIAN_POINT ( 'NONE',  ( 40.00000000000002132, 3.000000000000000000, -20.50000000000001421 ) ) ;
#4244 = DIRECTION ( 'NONE',  ( -0.000000000000000000, 1.000000000000000000, -0.000000000000000000 ) ) ;
#4245 = CARTESIAN_POINT ( 'NONE',  ( -15.99999999999995204, 3.000000000000000000, -12.50000000000001066 ) ) ;
#4246 = EDGE_CURVE ( 'NONE', #5402, #1094, #2710, .T. ) ;
#4247 = EDGE_LOOP ( 'NONE', ( #2587, #5524, #2553, #1121 ) ) ;
#4248 = DIRECTION ( 'NONE',  ( 0.000000000000000000, 0.000000000000000000, 1.000000000000000000 ) ) ;
#4249 = DIRECTION ( 'NONE',  ( 0.000000000000000000, 1.000000000000000000, 0.000000000000000000 ) ) ;
#4250 = VERTEX_POINT ( 'NONE', #3608 ) ;
#4251 = FACE_BOUND ( 'NONE', #1446, .T. ) ;
#4252 = CIRCLE ( 'NONE', #2762, 2.250000000000001776 ) ;
#4253 = EDGE_LOOP ( 'NONE', ( #976, #4011 ) ) ;
#4254 = DIRECTION ( 'NONE',  ( -0.000000000000000000, 1.000000000000000000, -0.000000000000000000 ) ) ;
#4255 = DIRECTION ( 'NONE',  ( 0.000000000000000000, 0.000000000000000000, 1.000000000000000000 ) ) ;
#4256 = DIRECTION ( 'NONE',  ( -0.000000000000000000, 1.000000000000000000, -0.000000000000000000 ) ) ;
#4257 = EDGE_CURVE ( 'NONE', #2955, #28, #2670, .T. ) ;
#4258 = EDGE_LOOP ( 'NONE', ( #3152, #1216 ) ) ;
#4259 = ORIENTED_EDGE ( 'NONE', *, *, #5533, .F. ) ;
#4260 = DIRECTION ( 'NONE',  ( 0.000000000000000000, 0.000000000000000000, 1.000000000000000000 ) ) ;
#4261 = EDGE_LOOP ( 'NONE', ( #1455, #4798 ) ) ;
#4262 = AXIS2_PLACEMENT_3D ( 'NONE', #1044, #2898, #4793 ) ;
#4263 = CARTESIAN_POINT ( 'NONE',  ( -15.99999999999995204, 3.000000000000000000, -10.25000000000000888 ) ) ;
#4264 = CARTESIAN_POINT ( 'NONE',  ( -7.999999999999952038, 0.000000000000000000, -12.50000000000001066 ) ) ;
#4265 = EDGE_LOOP ( 'NONE', ( #6021, #4568 ) ) ;
#4266 = VERTEX_POINT ( 'NONE', #5038 ) ;
#4267 = DIRECTION ( 'NONE',  ( 0.000000000000000000, 0.000000000000000000, 1.000000000000000000 ) ) ;
#4268 = AXIS2_PLACEMENT_3D ( 'NONE', #5786, #1916, #3747 ) ;
#4269 = ORIENTED_EDGE ( 'NONE', *, *, #5790, .T. ) ;
#4270 = CYLINDRICAL_SURFACE ( 'NONE', #5172, 2.250000000000001776 ) ;
#4271 = CYLINDRICAL_SURFACE ( 'NONE', #5972, 2.250000000000001776 ) ;
#4272 = CYLINDRICAL_SURFACE ( 'NONE', #1457, 2.250000000000001776 ) ;
#4273 = EDGE_CURVE ( 'NONE', #5671, #6131, #5504, .T. ) ;
#4274 = ORIENTED_EDGE ( 'NONE', *, *, #2380, .T. ) ;
#4275 = DIRECTION ( 'NONE',  ( -0.000000000000000000, 1.000000000000000000, -0.000000000000000000 ) ) ;
#4276 = ADVANCED_FACE ( 'NONE', ( #298 ), #4102, .F. ) ;
#4277 = ADVANCED_FACE ( 'NONE', ( #2611 ), #4074, .F. ) ;
#4278 = CARTESIAN_POINT ( 'NONE',  ( 8.000000000000047962, 0.000000000000000000, -12.50000000000001066 ) ) ;
#4279 = ORIENTED_EDGE ( 'NONE', *, *, #2943, .T. ) ;
#4280 = DIRECTION ( 'NONE',  ( -0.000000000000000000, 1.000000000000000000, -0.000000000000000000 ) ) ;
#4281 = EDGE_CURVE ( 'NONE', #3955, #968, #518, .T. ) ;
#4282 = ORIENTED_EDGE ( 'NONE', *, *, #741, .T. ) ;
#4283 = FACE_BOUND ( 'NONE', #1144, .T. ) ;
#4284 = VECTOR ( 'NONE', #1954, 1000.000000000000000 ) ;
#4285 = AXIS2_PLACEMENT_3D ( 'NONE', #5244, #468, #3253 ) ;
#4286 = VERTEX_POINT ( 'NONE', #6023 ) ;
#4287 = DIRECTION ( 'NONE',  ( 0.000000000000000000, 0.000000000000000000, 1.000000000000000000 ) ) ;
#4288 = DIRECTION ( 'NONE',  ( -0.000000000000000000, 1.000000000000000000, -0.000000000000000000 ) ) ;
#4289 = CARTESIAN_POINT ( 'NONE',  ( 8.000000000000047962, 3.000000000000000000, -12.50000000000001066 ) ) ;
#4290 = EDGE_LOOP ( 'NONE', ( #5213, #1553, #4873, #1728 ) ) ;
#4291 = ORIENTED_EDGE ( 'NONE', *, *, #93, .F. ) ;
#4292 = CYLINDRICAL_SURFACE ( 'NONE', #4598, 2.250000000000001776 ) ;
#4293 = AXIS2_PLACEMENT_3D ( 'NONE', #4961, #695, #4490 ) ;
#4294 = ORIENTED_EDGE ( 'NONE', *, *, #694, .T. ) ;
#4295 = CARTESIAN_POINT ( 'NONE',  ( -7.999999999999896083, 3.000000000000000000, 5.749999999999995559 ) ) ;
#4296 = DIRECTION ( 'NONE',  ( -0.000000000000000000, 1.000000000000000000, -0.000000000000000000 ) ) ;
#4297 = ORIENTED_EDGE ( 'NONE', *, *, #5528, .F. ) ;
#4298 = CARTESIAN_POINT ( 'NONE',  ( 19.08551248218999419, 3.000000000000000000, -21.99999999999999645 ) ) ;
#4299 = VECTOR ( 'NONE', #3683, 1000.000000000000000 ) ;
#4300 = EDGE_LOOP ( 'NONE', ( #449, #1703 ) ) ;
#4301 = DIRECTION ( 'NONE',  ( -0.000000000000000000, 1.000000000000000000, -0.000000000000000000 ) ) ;
#4302 = CYLINDRICAL_SURFACE ( 'NONE', #6067, 2.250000000000002665 ) ;
#4303 = DIRECTION ( 'NONE',  ( -0.000000000000000000, 1.000000000000000000, -0.000000000000000000 ) ) ;
#4304 = CIRCLE ( 'NONE', #5095, 2.250000000000001776 ) ;
#4305 = EDGE_CURVE ( 'NONE', #6142, #2730, #5547, .T. ) ;
#4306 = ORIENTED_EDGE ( 'NONE', *, *, #2989, .F. ) ;
#4307 = DIRECTION ( 'NONE',  ( 0.000000000000000000, 0.000000000000000000, 1.000000000000000000 ) ) ;
#4308 = EDGE_CURVE ( 'NONE', #1695, #5984, #2815, .T. ) ;
#4309 = ADVANCED_FACE ( 'NONE', ( #1688 ), #3111, .F. ) ;
#4310 = DIRECTION ( 'NONE',  ( -0.000000000000000000, 1.000000000000000000, -0.000000000000000000 ) ) ;
#4311 = ORIENTED_EDGE ( 'NONE', *, *, #2996, .F. ) ;
#4312 = CARTESIAN_POINT ( 'NONE',  ( -7.999999999999812594, 3.000000000000000000, 29.74999999999998934 ) ) ;
#4313 = VERTEX_POINT ( 'NONE', #1253 ) ;
#4314 = FILL_AREA_STYLE_COLOUR ( '', #3807 ) ;
#4315 = CARTESIAN_POINT ( 'NONE',  ( 32.00000000000008527, 3.000000000000000000, -6.750000000000014211 ) ) ;
#4316 = ORIENTED_EDGE ( 'NONE', *, *, #5319, .F. ) ;
#4317 = DIRECTION ( 'NONE',  ( 0.000000000000000000, 0.000000000000000000, 1.000000000000000000 ) ) ;
#4318 = EDGE_CURVE ( 'NONE', #1667, #1778, #3575, .T. ) ;
#4319 = CYLINDRICAL_SURFACE ( 'NONE', #1071, 2.250000000000002665 ) ;
#4320 = CARTESIAN_POINT ( 'NONE',  ( -15.99999999999986855, 0.000000000000000000, 9.249999999999984013 ) ) ;
#4321 = CIRCLE ( 'NONE', #3622, 2.250000000000002665 ) ;
#4322 = LINE ( 'NONE', #2865, #5609 ) ;
#4323 = ORIENTED_EDGE ( 'NONE', *, *, #4354, .F. ) ;
#4324 = CARTESIAN_POINT ( 'NONE',  ( 40.00000000000007816, 0.000000000000000000, -2.250000000000011546 ) ) ;
#4325 = DIRECTION ( 'NONE',  ( 0.000000000000000000, 0.000000000000000000, 1.000000000000000000 ) ) ;
#4326 = ORIENTED_EDGE ( 'NONE', *, *, #3166, .T. ) ;
#4327 = DIRECTION ( 'NONE',  ( 0.000000000000000000, 0.000000000000000000, 1.000000000000000000 ) ) ;
#4328 = AXIS2_PLACEMENT_3D ( 'NONE', #1980, #3926, #4334 ) ;
#4329 = ORIENTED_EDGE ( 'NONE', *, *, #1369, .T. ) ;
#4330 = FACE_OUTER_BOUND ( 'NONE', #1499, .T. ) ;
#4331 = CIRCLE ( 'NONE', #5131, 2.499999999999998668 ) ;
#4332 = CYLINDRICAL_SURFACE ( 'NONE', #4192, 2.250000000000001776 ) ;
#4333 = EDGE_CURVE ( 'NONE', #99, #412, #1165, .T. ) ;
#4334 = DIRECTION ( 'NONE',  ( 0.000000000000000000, 0.000000000000000000, 1.000000000000000000 ) ) ;
#4335 = ORIENTED_EDGE ( 'NONE', *, *, #6109, .F. ) ;
#4336 = AXIS2_PLACEMENT_3D ( 'NONE', #3751, #4643, #954 ) ;
#4337 = CIRCLE ( 'NONE', #5134, 2.999999999999999112 ) ;
#4338 = VECTOR ( 'NONE', #5139, 1000.000000000000000 ) ;
#4339 = CYLINDRICAL_SURFACE ( 'NONE', #1755, 2.250000000000001776 ) ;
#4340 = VECTOR ( 'NONE', #1057, 1000.000000000000000 ) ;
#4341 = EDGE_CURVE ( 'NONE', #217, #6073, #1197, .T. ) ;
#4342 = DIRECTION ( 'NONE',  ( 0.000000000000000000, 0.000000000000000000, 1.000000000000000000 ) ) ;
#4343 = ORIENTED_EDGE ( 'NONE', *, *, #3927, .F. ) ;
#4344 = VERTEX_POINT ( 'NONE', #680 ) ;
#4345 = DIRECTION ( 'NONE',  ( 0.000000000000000000, 0.000000000000000000, 1.000000000000000000 ) ) ;
#4346 = CARTESIAN_POINT ( 'NONE',  ( -7.999999999999952038, 0.000000000000000000, -14.75000000000001243 ) ) ;
#4347 = EDGE_LOOP ( 'NONE', ( #6068, #5622, #4944, #4576 ) ) ;
#4348 = CYLINDRICAL_SURFACE ( 'NONE', #1181, 2.250000000000001776 ) ;
#4349 = EDGE_CURVE ( 'NONE', #5349, #5748, #1226, .T. ) ;
#4350 = AXIS2_PLACEMENT_3D ( 'NONE', #5604, #3350, #2293 ) ;
#4351 = CYLINDRICAL_SURFACE ( 'NONE', #35, 2.250000000000001776 ) ;
#4352 = DIRECTION ( 'NONE',  ( 0.000000000000000000, 0.000000000000000000, 1.000000000000000000 ) ) ;
#4353 = ORIENTED_EDGE ( 'NONE', *, *, #1124, .F. ) ;
#4354 = EDGE_CURVE ( 'NONE', #1010, #2160, #2116, .T. ) ;
#4355 = CIRCLE ( 'NONE', #2477, 2.250000000000002665 ) ;
#4356 = CARTESIAN_POINT ( 'NONE',  ( -45.00000000000000000, 3.000000000000000000, -29.50000000000000000 ) ) ;
#4357 = ORIENTED_EDGE ( 'NONE', *, *, #3184, .T. ) ;
#4358 = CARTESIAN_POINT ( 'NONE',  ( 32.00000000000019185, 0.000000000000000000, 25.24999999999998579 ) ) ;
#4359 = LINE ( 'NONE', #5750, #831 ) ;
#4360 = ORIENTED_EDGE ( 'NONE', *, *, #2874, .T. ) ;
#4361 = CIRCLE ( 'NONE', #2074, 2.250000000000001776 ) ;
#4362 = CARTESIAN_POINT ( 'NONE',  ( 16.00000000000007816, 0.000000000000000000, -2.250000000000007994 ) ) ;
#4363 = CIRCLE ( 'NONE', #5978, 2.250000000000001776 ) ;
#4364 = VERTEX_POINT ( 'NONE', #800 ) ;
#4365 = DIRECTION ( 'NONE',  ( 0.000000000000000000, 1.000000000000000000, 0.000000000000000000 ) ) ;
#4366 = DIRECTION ( 'NONE',  ( 0.000000000000000000, 0.000000000000000000, 1.000000000000000000 ) ) ;
#4367 = DIRECTION ( 'NONE',  ( 0.000000000000000000, 1.000000000000000000, 0.000000000000000000 ) ) ;
#4368 = ORIENTED_EDGE ( 'NONE', *, *, #3174, .T. ) ;
#4369 = ORIENTED_EDGE ( 'NONE', *, *, #179, .T. ) ;
#4370 = AXIS2_PLACEMENT_3D ( 'NONE', #2584, #182, #2094 ) ;
#4371 = CARTESIAN_POINT ( 'NONE',  ( 39.99999999999999289, 0.000000000000000000, -28.50000000000001421 ) ) ;
#4372 = DIRECTION ( 'NONE',  ( 0.000000000000000000, 0.000000000000000000, 1.000000000000000000 ) ) ;
#4373 = VERTEX_POINT ( 'NONE', #5484 ) ;
#4374 = ORIENTED_EDGE ( 'NONE', *, *, #2789, .T. ) ;
#4375 = DIRECTION ( 'NONE',  ( -0.000000000000000000, 1.000000000000000000, -0.000000000000000000 ) ) ;
#4376 = DIRECTION ( 'NONE',  ( 0.000000000000000000, 1.000000000000000000, 0.000000000000000000 ) ) ;
#4377 = EDGE_LOOP ( 'NONE', ( #4116, #2013 ) ) ;
#4378 = FACE_BOUND ( 'NONE', #2371, .T. ) ;
#4379 = CIRCLE ( 'NONE', #1312, 2.250000000000001776 ) ;
#4380 = DIRECTION ( 'NONE',  ( -0.000000000000000000, 1.000000000000000000, -0.000000000000000000 ) ) ;
#4381 = EDGE_CURVE ( 'NONE', #4437, #2360, #4496, .T. ) ;
#4382 = CYLINDRICAL_SURFACE ( 'NONE', #5431, 2.250000000000001776 ) ;
#4383 = EDGE_CURVE ( 'NONE', #974, #1517, #5817, .T. ) ;
#4384 = EDGE_LOOP ( 'NONE', ( #71, #5944, #576, #3979 ) ) ;
#4385 = CIRCLE ( 'NONE', #921, 2.250000000000002665 ) ;
#4386 = EDGE_CURVE ( 'NONE', #1812, #3371, #366, .T. ) ;
#4387 = DIRECTION ( 'NONE',  ( 0.000000000000000000, 1.000000000000000000, 0.000000000000000000 ) ) ;
#4388 = DIRECTION ( 'NONE',  ( 0.000000000000000000, 0.000000000000000000, 1.000000000000000000 ) ) ;
#4389 = CARTESIAN_POINT ( 'NONE',  ( -15.99999999999992362, 3.000000000000000000, -4.500000000000010658 ) ) ;
#4390 = ADVANCED_FACE ( 'NONE', ( #5461 ), #3642, .F. ) ;
#4391 = ORIENTED_EDGE ( 'NONE', *, *, #3018, .T. ) ;
#4392 = CARTESIAN_POINT ( 'NONE',  ( -23.99999999999995026, 3.000000000000000000, -10.25000000000000888 ) ) ;
#4393 = ORIENTED_EDGE ( 'NONE', *, *, #1431, .F. ) ;
#4394 = DIRECTION ( 'NONE',  ( -0.000000000000000000, 1.000000000000000000, -0.000000000000000000 ) ) ;
#4395 = DIRECTION ( 'NONE',  ( -0.000000000000000000, 1.000000000000000000, -0.000000000000000000 ) ) ;
#4396 = FACE_OUTER_BOUND ( 'NONE', #1435, .T. ) ;
#4397 = VERTEX_POINT ( 'NONE', #4983 ) ;
#4398 = ORIENTED_EDGE ( 'NONE', *, *, #928, .F. ) ;
#4399 = AXIS2_PLACEMENT_3D ( 'NONE', #2191, #1241, #6009 ) ;
#4400 = ADVANCED_FACE ( 'NONE', ( #4602 ), #3178, .F. ) ;
#4401 = CARTESIAN_POINT ( 'NONE',  ( 19.08551248218999419, 0.000000000000000000, -24.49999999999999289 ) ) ;
#4402 = ORIENTED_EDGE ( 'NONE', *, *, #1247, .T. ) ;
#4403 = VECTOR ( 'NONE', #3678, 1000.000000000000000 ) ;
#4404 = CARTESIAN_POINT ( 'NONE',  ( 19.08551248218999419, 7.000000000000000000, 24.50000000000000355 ) ) ;
#4405 = ORIENTED_EDGE ( 'NONE', *, *, #123, .T. ) ;
#4406 = CIRCLE ( 'NONE', #420, 2.250000000000001776 ) ;
#4407 = EDGE_LOOP ( 'NONE', ( #4201, #3589 ) ) ;
#4408 = CARTESIAN_POINT ( 'NONE',  ( 1.942890293094023946E-13, 0.000000000000000000, 29.74999999999998934 ) ) ;
#4409 = VERTEX_POINT ( 'NONE', #332 ) ;
#4410 = CARTESIAN_POINT ( 'NONE',  ( 8.000000000000159872, 0.000000000000000000, 17.24999999999998934 ) ) ;
#4411 = FACE_OUTER_BOUND ( 'NONE', #1417, .T. ) ;
#4412 = DIRECTION ( 'NONE',  ( -0.000000000000000000, 1.000000000000000000, -0.000000000000000000 ) ) ;
#4413 = EDGE_LOOP ( 'NONE', ( #4232, #4893, #2601, #981 ) ) ;
#4414 = CARTESIAN_POINT ( 'NONE',  ( 19.08551248218999419, 7.000000000000000000, -21.99999999999999645 ) ) ;
#4415 = EDGE_CURVE ( 'NONE', #4250, #2771, #3082, .T. ) ;
#4416 = DIRECTION ( 'NONE',  ( 0.000000000000000000, 1.000000000000000000, 0.000000000000000000 ) ) ;
#4417 = CARTESIAN_POINT ( 'NONE',  ( 24.00000000000010303, 3.000000000000000000, 5.749999999999995559 ) ) ;
#4418 = VERTEX_POINT ( 'NONE', #5999 ) ;
#4419 = EDGE_CURVE ( 'NONE', #5671, #1777, #4050, .T. ) ;
#4420 = CYLINDRICAL_SURFACE ( 'NONE', #2299, 2.250000000000002665 ) ;
#4421 = ORIENTED_EDGE ( 'NONE', *, *, #1768, .T. ) ;
#4422 = CARTESIAN_POINT ( 'NONE',  ( 32.00000000000000000, 0.000000000000000000, -28.50000000000001066 ) ) ;
#4423 = CARTESIAN_POINT ( 'NONE',  ( 41.99999999999999289, 3.000000000000000000, 29.49999999999998934 ) ) ;
#4424 = FACE_OUTER_BOUND ( 'NONE', #382, .T. ) ;
#4425 = EDGE_LOOP ( 'NONE', ( #505, #5225 ) ) ;
#4426 = EDGE_LOOP ( 'NONE', ( #567, #2676, #3562, #6167 ) ) ;
#4427 = ADVANCED_FACE ( 'NONE', ( #5518 ), #5043, .F. ) ;
#4428 = DIRECTION ( 'NONE',  ( 0.000000000000000000, 0.000000000000000000, 1.000000000000000000 ) ) ;
#4429 = EDGE_CURVE ( 'NONE', #230, #2308, #5714, .T. ) ;
#4430 = CIRCLE ( 'NONE', #2850, 2.250000000000001776 ) ;
#4431 = CIRCLE ( 'NONE', #1751, 2.250000000000001776 ) ;
#4432 = CARTESIAN_POINT ( 'NONE',  ( -39.99999999999995026, 0.000000000000000000, -12.50000000000001066 ) ) ;
#4433 = EDGE_LOOP ( 'NONE', ( #1884, #2014, #5720, #5296 ) ) ;
#4434 = VECTOR ( 'NONE', #338, 1000.000000000000000 ) ;
#4435 = ORIENTED_EDGE ( 'NONE', *, *, #4715, .F. ) ;
#4436 = CARTESIAN_POINT ( 'NONE',  ( -23.99999999999997868, 3.000000000000000000, -20.50000000000001066 ) ) ;
#4437 = VERTEX_POINT ( 'NONE', #4168 ) ;
#4438 = CARTESIAN_POINT ( 'NONE',  ( 7.999999999999992895, 0.000000000000000000, -28.50000000000001066 ) ) ;
#4439 = CARTESIAN_POINT ( 'NONE',  ( -23.99999999999986855, 3.000000000000000000, 11.49999999999998579 ) ) ;
#4440 = DIRECTION ( 'NONE',  ( 0.000000000000000000, -1.000000000000000000, 0.000000000000000000 ) ) ;
#4441 = CYLINDRICAL_SURFACE ( 'NONE', #5000, 2.250000000000001776 ) ;
#4442 = FACE_OUTER_BOUND ( 'NONE', #778, .T. ) ;
#4443 = AXIS2_PLACEMENT_3D ( 'NONE', #447, #4872, #1492 ) ;
#4444 = FACE_OUTER_BOUND ( 'NONE', #2463, .T. ) ;
#4445 =( GEOMETRIC_REPRESENTATION_CONTEXT ( 3 ) GLOBAL_UNCERTAINTY_ASSIGNED_CONTEXT ( ( #896 ) ) GLOBAL_UNIT_ASSIGNED_CONTEXT ( ( #2656, #1184, #732 ) ) REPRESENTATION_CONTEXT ( 'NONE', 'WORKASPACE' ) );
#4446 = ORIENTED_EDGE ( 'NONE', *, *, #5159, .T. ) ;
#4447 = DIRECTION ( 'NONE',  ( 0.000000000000000000, 0.000000000000000000, 1.000000000000000000 ) ) ;
#4448 = ADVANCED_FACE ( 'NONE', ( #5587 ), #809, .F. ) ;
#4449 = AXIS2_PLACEMENT_3D ( 'NONE', #268, #3670, #837 ) ;
#4450 = ORIENTED_EDGE ( 'NONE', *, *, #3442, .T. ) ;
#4451 = CARTESIAN_POINT ( 'NONE',  ( -45.00000000000000000, 3.000000000000000000, -32.50000000000000000 ) ) ;
#4452 = AXIS2_PLACEMENT_3D ( 'NONE', #925, #5279, #1917 ) ;
#4453 = LINE ( 'NONE', #1630, #1284 ) ;
#4454 = AXIS2_PLACEMENT_3D ( 'NONE', #2266, #6086, #2300 ) ;
#4455 = DIRECTION ( 'NONE',  ( 0.000000000000000000, 0.000000000000000000, 1.000000000000000000 ) ) ;
#4456 = VERTEX_POINT ( 'NONE', #4514 ) ;
#4457 = ORIENTED_EDGE ( 'NONE', *, *, #820, .F. ) ;
#4458 = VERTEX_POINT ( 'NONE', #244 ) ;
#4459 = CIRCLE ( 'NONE', #1776, 1.364499712793999064 ) ;
#4460 = CARTESIAN_POINT ( 'NONE',  ( -32.00000000000000000, 0.000000000000000000, -26.25000000000000711 ) ) ;
#4461 = EDGE_CURVE ( 'NONE', #5143, #2771, #1926, .T. ) ;
#4462 = AXIS2_PLACEMENT_3D ( 'NONE', #977, #916, #1481 ) ;
#4463 = EDGE_CURVE ( 'NONE', #3433, #4966, #4304, .T. ) ;
#4464 = AXIS2_PLACEMENT_3D ( 'NONE', #5849, #5819, #3429 ) ;
#4465 = EDGE_CURVE ( 'NONE', #4175, #2776, #1622, .T. ) ;
#4466 = DIRECTION ( 'NONE',  ( 0.000000000000000000, 1.000000000000000000, 0.000000000000000000 ) ) ;
#4467 = ORIENTED_EDGE ( 'NONE', *, *, #2085, .T. ) ;
#4468 = ORIENTED_EDGE ( 'NONE', *, *, #4616, .F. ) ;
#4469 = FILL_AREA_STYLE ('',( #5890 ) ) ;
#4470 = DIRECTION ( 'NONE',  ( 0.000000000000000000, 1.000000000000000000, 0.000000000000000000 ) ) ;
#4471 = VERTEX_POINT ( 'NONE', #2275 ) ;
#4472 = DIRECTION ( 'NONE',  ( 0.000000000000000000, -0.000000000000000000, 1.000000000000000000 ) ) ;
#4473 = DIRECTION ( 'NONE',  ( 0.000000000000000000, 0.000000000000000000, 1.000000000000000000 ) ) ;
#4474 = EDGE_CURVE ( 'NONE', #3236, #1989, #2422, .T. ) ;
#4475 = DIRECTION ( 'NONE',  ( 0.000000000000000000, 0.000000000000000000, 1.000000000000000000 ) ) ;
#4476 = CARTESIAN_POINT ( 'NONE',  ( -39.99999999999987210, 0.000000000000000000, 11.49999999999998579 ) ) ;
#4477 = CYLINDRICAL_SURFACE ( 'NONE', #2672, 2.250000000000002665 ) ;
#4478 = CARTESIAN_POINT ( 'NONE',  ( 16.00000000000013145, 0.000000000000000000, 13.74999999999998757 ) ) ;
#4479 = ORIENTED_EDGE ( 'NONE', *, *, #741, .F. ) ;
#4480 = CARTESIAN_POINT ( 'NONE',  ( -8.000000000000007105, 3.000000000000000000, -28.50000000000001066 ) ) ;
#4481 = DIRECTION ( 'NONE',  ( 0.000000000000000000, 1.000000000000000000, 0.000000000000000000 ) ) ;
#4482 = AXIS2_PLACEMENT_3D ( 'NONE', #1740, #2207, #3173 ) ;
#4483 = EDGE_LOOP ( 'NONE', ( #5861, #3150 ) ) ;
#4484 = DIRECTION ( 'NONE',  ( 0.000000000000000000, 1.000000000000000000, 0.000000000000000000 ) ) ;
#4485 = CARTESIAN_POINT ( 'NONE',  ( -15.99999999999984013, 0.000000000000000000, 21.74999999999999645 ) ) ;
#4486 = AXIS2_PLACEMENT_3D ( 'NONE', #4901, #4838, #665 ) ;
#4487 = EDGE_LOOP ( 'NONE', ( #937, #1432 ) ) ;
#4488 = ORIENTED_EDGE ( 'NONE', *, *, #4112, .T. ) ;
#4489 = DIRECTION ( 'NONE',  ( 0.000000000000000000, 1.000000000000000000, 0.000000000000000000 ) ) ;
#4490 = DIRECTION ( 'NONE',  ( 0.000000000000000000, 0.000000000000000000, 1.000000000000000000 ) ) ;
#4491 = VECTOR ( 'NONE', #3852, 1000.000000000000000 ) ;
#4492 = EDGE_CURVE ( 'NONE', #1593, #1205, #2123, .T. ) ;
#4493 = DIRECTION ( 'NONE',  ( 0.000000000000000000, 1.000000000000000000, 0.000000000000000000 ) ) ;
#4494 = VERTEX_POINT ( 'NONE', #273 ) ;
#4495 = EDGE_CURVE ( 'NONE', #3640, #1787, #3549, .T. ) ;
#4496 = CIRCLE ( 'NONE', #2322, 2.250000000000001776 ) ;
#4497 = EDGE_LOOP ( 'NONE', ( #4402, #5603 ) ) ;
#4498 = CARTESIAN_POINT ( 'NONE',  ( 40.00000000000004974, 0.000000000000000000, -14.75000000000001599 ) ) ;
#4500 = ORIENTED_EDGE ( 'NONE', *, *, #2828, .T. ) ;
#4499 = AXIS2_PLACEMENT_3D ( 'NONE', #4761, #2833, #3276 ) ;
#4501 = FACE_BOUND ( 'NONE', #2988, .T. ) ;
#4502 = DIRECTION ( 'NONE',  ( -0.000000000000000000, 1.000000000000000000, -0.000000000000000000 ) ) ;
#4503 = ADVANCED_FACE ( 'NONE', ( #3612 ), #1717, .F. ) ;
#4504 = CARTESIAN_POINT ( 'NONE',  ( -7.999999999999868550, 3.000000000000000000, 11.49999999999998579 ) ) ;
#4505 = AXIS2_PLACEMENT_3D ( 'NONE', #4476, #2232, #4125 ) ;
#4506 = DIRECTION ( 'NONE',  ( 0.000000000000000000, 1.000000000000000000, 0.000000000000000000 ) ) ;
#4507 = ADVANCED_FACE ( 'NONE', ( #2435 ), #3333, .F. ) ;
#4508 = DIRECTION ( 'NONE',  ( 0.000000000000000000, 0.000000000000000000, 1.000000000000000000 ) ) ;
#4509 = DIRECTION ( 'NONE',  ( 0.000000000000000000, 0.000000000000000000, 1.000000000000000000 ) ) ;
#4510 = DIRECTION ( 'NONE',  ( -0.000000000000000000, 1.000000000000000000, -0.000000000000000000 ) ) ;
#4511 = DIRECTION ( 'NONE',  ( 0.000000000000000000, 0.000000000000000000, 1.000000000000000000 ) ) ;
#4512 = CARTESIAN_POINT ( 'NONE',  ( -7.999999999999896083, 0.000000000000000000, 3.499999999999992895 ) ) ;
#4513 = EDGE_LOOP ( 'NONE', ( #1620, #5924 ) ) ;
#4514 = CARTESIAN_POINT ( 'NONE',  ( 16.00000000000010303, 0.000000000000000000, 1.249999999999989786 ) ) ;
#4515 = CARTESIAN_POINT ( 'NONE',  ( 39.99999999999999289, 0.000000000000000000, -28.50000000000001421 ) ) ;
#4516 = CARTESIAN_POINT ( 'NONE',  ( 1.390534236079527027E-13, 0.000000000000000000, 9.249999999999984013 ) ) ;
#4517 = ORIENTED_EDGE ( 'NONE', *, *, #4661, .F. ) ;
#4518 = VERTEX_POINT ( 'NONE', #1813 ) ;
#4519 = DIRECTION ( 'NONE',  ( 0.000000000000000000, 0.000000000000000000, 1.000000000000000000 ) ) ;
#4520 = FACE_OUTER_BOUND ( 'NONE', #900, .T. ) ;
#4521 = LINE ( 'NONE', #2162, #2104 ) ;
#4522 = EDGE_CURVE ( 'NONE', #5302, #484, #4322, .T. ) ;
#4523 = VECTOR ( 'NONE', #1680, 1000.000000000000000 ) ;
#4524 = LINE ( 'NONE', #3625, #4735 ) ;
#4525 = ORIENTED_EDGE ( 'NONE', *, *, #2976, .T. ) ;
#4526 = FACE_BOUND ( 'NONE', #2398, .T. ) ;
#4527 = CARTESIAN_POINT ( 'NONE',  ( -31.99999999999997868, 0.000000000000000000, -20.50000000000001066 ) ) ;
#4529 = VECTOR ( 'NONE', #2233, 1000.000000000000000 ) ;
#4528 = DIRECTION ( 'NONE',  ( 0.000000000000000000, 0.000000000000000000, 1.000000000000000000 ) ) ;
#4530 = CIRCLE ( 'NONE', #459, 2.250000000000001776 ) ;
#4531 = FACE_BOUND ( 'NONE', #3912, .T. ) ;
#4532 = ADVANCED_FACE ( 'NONE', ( #2405 ), #5654, .F. ) ;
#4533 = FACE_OUTER_BOUND ( 'NONE', #1859, .T. ) ;
#4534 = PLANE ( 'NONE',  #4449 ) ;
#4535 = DIRECTION ( 'NONE',  ( -0.000000000000000000, 1.000000000000000000, -0.000000000000000000 ) ) ;
#4536 = DIRECTION ( 'NONE',  ( 0.000000000000000000, 0.000000000000000000, 1.000000000000000000 ) ) ;
#4537 = ADVANCED_FACE ( 'NONE', ( #5621 ), #4292, .F. ) ;
#4538 = ORIENTED_EDGE ( 'NONE', *, *, #3466, .T. ) ;
#4539 = CARTESIAN_POINT ( 'NONE',  ( 39.99999999999999289, 0.000000000000000000, -26.25000000000001421 ) ) ;
#4540 = ORIENTED_EDGE ( 'NONE', *, *, #3593, .F. ) ;
#4541 = CARTESIAN_POINT ( 'NONE',  ( 8.000000000000188294, 3.000000000000000000, 27.49999999999998579 ) ) ;
#4542 = CARTESIAN_POINT ( 'NONE',  ( 1.110223024625156540E-13, 0.000000000000000000, 3.499999999999992895 ) ) ;
#4543 = EDGE_LOOP ( 'NONE', ( #1416, #2259, #1829, #1323 ) ) ;
#4544 = ORIENTED_EDGE ( 'NONE', *, *, #1647, .T. ) ;
#4545 = DIRECTION ( 'NONE',  ( 0.000000000000000000, 0.000000000000000000, 1.000000000000000000 ) ) ;
#4546 = AXIS2_PLACEMENT_3D ( 'NONE', #38, #4310, #2393 ) ;
#4547 = CARTESIAN_POINT ( 'NONE',  ( -7.999999999999896083, 0.000000000000000000, 5.749999999999995559 ) ) ;
#4548 = CIRCLE ( 'NONE', #374, 2.250000000000001776 ) ;
#4549 = CARTESIAN_POINT ( 'NONE',  ( 40.00000000000016342, 0.000000000000000000, 21.74999999999998934 ) ) ;
#4550 = AXIS2_PLACEMENT_3D ( 'NONE', #4709, #442, #1429 ) ;
#4551 = AXIS2_PLACEMENT_3D ( 'NONE', #55, #2311, #1972 ) ;
#4552 = PRESENTATION_STYLE_ASSIGNMENT (( #2688 ) ) ;
#4553 = CYLINDRICAL_SURFACE ( 'NONE', #5443, 2.250000000000001776 ) ;
#4554 = VERTEX_POINT ( 'NONE', #2770 ) ;
#4555 = FACE_BOUND ( 'NONE', #829, .T. ) ;
#4556 = CARTESIAN_POINT ( 'NONE',  ( 8.000000000000047962, 0.000000000000000000, -14.75000000000001243 ) ) ;
#4557 = AXIS2_PLACEMENT_3D ( 'NONE', #4243, #2843, #5217 ) ;
#4558 = DIRECTION ( 'NONE',  ( 0.000000000000000000, 0.000000000000000000, 1.000000000000000000 ) ) ;
#4559 = FACE_BOUND ( 'NONE', #5519, .T. ) ;
#4560 = CYLINDRICAL_SURFACE ( 'NONE', #3760, 2.499999999999998668 ) ;
#4561 = ORIENTED_EDGE ( 'NONE', *, *, #4590, .T. ) ;
#4562 = EDGE_CURVE ( 'NONE', #3706, #1214, #4104, .T. ) ;
#4563 = DIRECTION ( 'NONE',  ( 0.000000000000000000, 0.000000000000000000, 1.000000000000000000 ) ) ;
#4564 = DIRECTION ( 'NONE',  ( 0.000000000000000000, 1.000000000000000000, 0.000000000000000000 ) ) ;
#4565 = DIRECTION ( 'NONE',  ( 0.000000000000000000, 0.000000000000000000, 1.000000000000000000 ) ) ;
#4566 = EDGE_CURVE ( 'NONE', #915, #3034, #2342, .T. ) ;
#4567 = ADVANCED_FACE ( 'NONE', ( #2373 ), #3831, .F. ) ;
#4568 = ORIENTED_EDGE ( 'NONE', *, *, #1154, .F. ) ;
#4569 = DIRECTION ( 'NONE',  ( 0.000000000000000000, 1.000000000000000000, 0.000000000000000000 ) ) ;
#4570 = ORIENTED_EDGE ( 'NONE', *, *, #3517, .T. ) ;
#4571 = DIRECTION ( 'NONE',  ( 0.000000000000000000, 0.000000000000000000, 1.000000000000000000 ) ) ;
#4572 = CARTESIAN_POINT ( 'NONE',  ( 40.00000000000004974, 3.000000000000000000, -10.25000000000001243 ) ) ;
#4573 = ORIENTED_EDGE ( 'NONE', *, *, #3060, .T. ) ;
#4574 = ORIENTED_EDGE ( 'NONE', *, *, #895, .T. ) ;
#4575 = CARTESIAN_POINT ( 'NONE',  ( -7.999999999999896083, 0.000000000000000000, 1.249999999999989786 ) ) ;
#4576 = ORIENTED_EDGE ( 'NONE', *, *, #1765, .F. ) ;
#4577 = AXIS2_PLACEMENT_3D ( 'NONE', #5599, #345, #2254 ) ;
#4578 = AXIS2_PLACEMENT_3D ( 'NONE', #1262, #4991, #4519 ) ;
#4579 = DIRECTION ( 'NONE',  ( 0.000000000000000000, 1.000000000000000000, 0.000000000000000000 ) ) ;
#4580 = ADVANCED_FACE ( 'NONE', ( #21 ), #6126, .F. ) ;
#4581 = DIRECTION ( 'NONE',  ( 0.000000000000000000, 1.000000000000000000, 0.000000000000000000 ) ) ;
#4582 = ORIENTED_EDGE ( 'NONE', *, *, #5814, .F. ) ;
#4583 = CARTESIAN_POINT ( 'NONE',  ( 0.000000000000000000, 0.000000000000000000, 0.000000000000000000 ) ) ;
#4584 = DIRECTION ( 'NONE',  ( 0.000000000000000000, 0.000000000000000000, 1.000000000000000000 ) ) ;
#4585 = FACE_BOUND ( 'NONE', #3940, .T. ) ;
#4586 = CIRCLE ( 'NONE', #819, 2.250000000000001776 ) ;
#4587 = CYLINDRICAL_SURFACE ( 'NONE', #652, 2.250000000000001776 ) ;
#4588 = CARTESIAN_POINT ( 'NONE',  ( -8.000000000000007105, 0.000000000000000000, -26.25000000000001066 ) ) ;
#4589 = VECTOR ( 'NONE', #4662, 1000.000000000000000 ) ;
#4590 = EDGE_CURVE ( 'NONE', #3879, #6008, #2027, .T. ) ;
#4591 = DIRECTION ( 'NONE',  ( -0.000000000000000000, 1.000000000000000000, -0.000000000000000000 ) ) ;
#4592 = AXIS2_PLACEMENT_3D ( 'NONE', #5552, #2152, #1255 ) ;
#4593 = DIRECTION ( 'NONE',  ( 1.000000000000000000, -0.000000000000000000, 0.000000000000000000 ) ) ;
#4594 = ORIENTED_EDGE ( 'NONE', *, *, #5386, .F. ) ;
#4595 = CARTESIAN_POINT ( 'NONE',  ( 32.00000000000005684, 0.000000000000000000, -12.50000000000001066 ) ) ;
#4596 = DIRECTION ( 'NONE',  ( 0.000000000000000000, 1.000000000000000000, 0.000000000000000000 ) ) ;
#4597 = DIRECTION ( 'NONE',  ( 0.000000000000000000, 0.000000000000000000, 1.000000000000000000 ) ) ;
#4598 = AXIS2_PLACEMENT_3D ( 'NONE', #431, #3707, #3770 ) ;
#4599 = ADVANCED_FACE ( 'NONE', ( #5176 ), #6184, .F. ) ;
#4600 = ORIENTED_EDGE ( 'NONE', *, *, #5356, .F. ) ;
#4601 = ORIENTED_EDGE ( 'NONE', *, *, #6194, .F. ) ;
#4602 = FACE_OUTER_BOUND ( 'NONE', #129, .T. ) ;
#4603 = FACE_OUTER_BOUND ( 'NONE', #923, .T. ) ;
#4604 = CARTESIAN_POINT ( 'NONE',  ( 16.00000000000007816, 3.000000000000000000, -2.250000000000007994 ) ) ;
#4605 = AXIS2_PLACEMENT_3D ( 'NONE', #1539, #24, #2032 ) ;
#4606 = EDGE_CURVE ( 'NONE', #484, #1634, #6153, .T. ) ;
#4607 = VERTEX_POINT ( 'NONE', #2896 ) ;
#4608 = ORIENTED_EDGE ( 'NONE', *, *, #5435, .F. ) ;
#4609 = DIRECTION ( 'NONE',  ( 0.000000000000000000, 0.000000000000000000, 1.000000000000000000 ) ) ;
#4610 = VERTEX_POINT ( 'NONE', #4790 ) ;
#4611 = CARTESIAN_POINT ( 'NONE',  ( -7.999999999999923617, 0.000000000000000000, -4.500000000000010658 ) ) ;
#4612 = ADVANCED_FACE ( 'NONE', ( #1879 ), #3800, .F. ) ;
#4613 = CARTESIAN_POINT ( 'NONE',  ( -15.99999999999986855, 3.000000000000000000, 9.249999999999984013 ) ) ;
#4614 = ORIENTED_EDGE ( 'NONE', *, *, #3741, .F. ) ;
#4615 = AXIS2_PLACEMENT_3D ( 'NONE', #2154, #4052, #277 ) ;
#4616 = EDGE_CURVE ( 'NONE', #1517, #974, #2817, .T. ) ;
#4617 = VERTEX_POINT ( 'NONE', #1418 ) ;
#4618 = FACE_BOUND ( 'NONE', #3553, .T. ) ;
#4619 = CARTESIAN_POINT ( 'NONE',  ( 40.00000000000010658, 3.000000000000000000, 3.499999999999985789 ) ) ;
#4620 = DIRECTION ( 'NONE',  ( 0.000000000000000000, 0.000000000000000000, 1.000000000000000000 ) ) ;
#4621 = ORIENTED_EDGE ( 'NONE', *, *, #2466, .T. ) ;
#4622 = FACE_BOUND ( 'NONE', #948, .T. ) ;
#4623 = VECTOR ( 'NONE', #5251, 1000.000000000000000 ) ;
#4624 = VECTOR ( 'NONE', #3221, 1000.000000000000000 ) ;
#4625 = DIRECTION ( 'NONE',  ( -0.000000000000000000, 1.000000000000000000, -0.000000000000000000 ) ) ;
#4626 = ORIENTED_EDGE ( 'NONE', *, *, #979, .F. ) ;
#4627 = DIRECTION ( 'NONE',  ( 0.000000000000000000, 0.000000000000000000, 1.000000000000000000 ) ) ;
#4628 = CARTESIAN_POINT ( 'NONE',  ( 16.00000000000004974, 0.000000000000000000, -14.75000000000001243 ) ) ;
#4629 = CYLINDRICAL_SURFACE ( 'NONE', #5334, 2.250000000000001776 ) ;
#4630 = AXIS2_PLACEMENT_3D ( 'NONE', #573, #3061, #4960 ) ;
#4631 = VERTEX_POINT ( 'NONE', #5144 ) ;
#4632 = ORIENTED_EDGE ( 'NONE', *, *, #1577, .F. ) ;
#4633 = DIRECTION ( 'NONE',  ( 0.000000000000000000, 0.000000000000000000, 1.000000000000000000 ) ) ;
#4634 = ORIENTED_EDGE ( 'NONE', *, *, #4769, .F. ) ;
#4635 = CARTESIAN_POINT ( 'NONE',  ( 7.632783294297951215E-14, 0.000000000000000000, -2.250000000000007994 ) ) ;
#4636 = DIRECTION ( 'NONE',  ( 0.000000000000000000, 0.000000000000000000, 1.000000000000000000 ) ) ;
#4637 = ORIENTED_EDGE ( 'NONE', *, *, #5344, .F. ) ;
#4638 = EDGE_LOOP ( 'NONE', ( #4626, #2764 ) ) ;
#4639 = EDGE_CURVE ( 'NONE', #3543, #2134, #3306, .T. ) ;
#4640 = CARTESIAN_POINT ( 'NONE',  ( -24.00000000000000711, 3.000000000000000000, -28.50000000000001066 ) ) ;
#4641 = ORIENTED_EDGE ( 'NONE', *, *, #3822, .T. ) ;
#4642 =( NAMED_UNIT ( * ) SI_UNIT ( $, .STERADIAN. ) SOLID_ANGLE_UNIT ( ) );
#4643 = DIRECTION ( 'NONE',  ( 0.000000000000000000, 1.000000000000000000, 0.000000000000000000 ) ) ;
#4644 = EDGE_CURVE ( 'NONE', #453, #2965, #2916, .T. ) ;
#4645 = ORIENTED_EDGE ( 'NONE', *, *, #3018, .F. ) ;
#4646 = AXIS2_PLACEMENT_3D ( 'NONE', #768, #2666, #2203 ) ;
#4647 = ADVANCED_FACE ( 'NONE', ( #5806 ), #1072, .F. ) ;
#4648 = EDGE_CURVE ( 'NONE', #3236, #2915, #4854, .T. ) ;
#4649 = AXIS2_PLACEMENT_3D ( 'NONE', #501, #5787, #953 ) ;
#4650 = VERTEX_POINT ( 'NONE', #3918 ) ;
#4651 = VECTOR ( 'NONE', #5903, 1000.000000000000000 ) ;
#4652 = ORIENTED_EDGE ( 'NONE', *, *, #4921, .T. ) ;
#4653 = DIRECTION ( 'NONE',  ( 0.000000000000000000, 1.000000000000000000, 0.000000000000000000 ) ) ;
#4654 = CYLINDRICAL_SURFACE ( 'NONE', #252, 2.499999999999998668 ) ;
#4655 = VERTEX_POINT ( 'NONE', #2056 ) ;
#4656 = AXIS2_PLACEMENT_3D ( 'NONE', #6062, #780, #303 ) ;
#4657 = FACE_OUTER_BOUND ( 'NONE', #1666, .T. ) ;
#4658 = DIRECTION ( 'NONE',  ( 0.000000000000000000, 1.000000000000000000, 0.000000000000000000 ) ) ;
#4659 = VERTEX_POINT ( 'NONE', #143 ) ;
#4660 = DIRECTION ( 'NONE',  ( 0.000000000000000000, 1.000000000000000000, 0.000000000000000000 ) ) ;
#4661 = EDGE_CURVE ( 'NONE', #2674, #5026, #1930, .T. ) ;
#4662 = DIRECTION ( 'NONE',  ( -0.000000000000000000, -1.000000000000000000, -0.000000000000000000 ) ) ;
#4663 = CARTESIAN_POINT ( 'NONE',  ( 40.00000000000002132, 0.000000000000000000, -20.50000000000001421 ) ) ;
#4664 = ORIENTED_EDGE ( 'NONE', *, *, #4383, .T. ) ;
#4665 = ORIENTED_EDGE ( 'NONE', *, *, #1999, .F. ) ;
#4666 = DIRECTION ( 'NONE',  ( -0.000000000000000000, 1.000000000000000000, -0.000000000000000000 ) ) ;
#4667 = EDGE_LOOP ( 'NONE', ( #4677, #3615 ) ) ;
#4668 = LINE ( 'NONE', #5718, #892 ) ;
#4669 = DIRECTION ( 'NONE',  ( 0.000000000000000000, 1.000000000000000000, 0.000000000000000000 ) ) ;
#4670 = ORIENTED_EDGE ( 'NONE', *, *, #3753, .F. ) ;
#4671 = ORIENTED_EDGE ( 'NONE', *, *, #1768, .F. ) ;
#4672 = DIRECTION ( 'NONE',  ( 0.000000000000000000, 0.000000000000000000, 1.000000000000000000 ) ) ;
#4673 = EDGE_LOOP ( 'NONE', ( #1034, #1692, #5318, #1915 ) ) ;
#4674 = DIRECTION ( 'NONE',  ( 0.000000000000000000, 0.000000000000000000, 1.000000000000000000 ) ) ;
#4675 = CARTESIAN_POINT ( 'NONE',  ( 2.081668171172168513E-14, 0.000000000000000000, -20.50000000000001066 ) ) ;
#4676 = DIRECTION ( 'NONE',  ( -0.000000000000000000, 1.000000000000000000, -0.000000000000000000 ) ) ;
#4677 = ORIENTED_EDGE ( 'NONE', *, *, #3427, .T. ) ;
#4678 = AXIS2_PLACEMENT_3D ( 'NONE', #1522, #4466, #1986 ) ;
#4679 = AXIS2_PLACEMENT_3D ( 'NONE', #1391, #3282, #950 ) ;
#4680 = ADVANCED_FACE ( 'NONE', ( #1041 ), #2550, .F. ) ;
#4681 = ORIENTED_EDGE ( 'NONE', *, *, #504, .F. ) ;
#4682 = VERTEX_POINT ( 'NONE', #1970 ) ;
#4683 = EDGE_CURVE ( 'NONE', #1370, #2335, #5840, .T. ) ;
#4684 = DIRECTION ( 'NONE',  ( 0.000000000000000000, 0.000000000000000000, 1.000000000000000000 ) ) ;
#4685 = ADVANCED_FACE ( 'NONE', ( #3019 ), #4441, .F. ) ;
#4686 = FACE_OUTER_BOUND ( 'NONE', #5755, .T. ) ;
#4687 = CARTESIAN_POINT ( 'NONE',  ( -15.99999999999992362, 0.000000000000000000, -4.500000000000010658 ) ) ;
#4688 = FACE_OUTER_BOUND ( 'NONE', #4903, .T. ) ;
#4690 = VERTEX_POINT ( 'NONE', #2464 ) ;
#4689 = CIRCLE ( 'NONE', #4399, 2.250000000000001776 ) ;
#4691 = CYLINDRICAL_SURFACE ( 'NONE', #5968, 2.250000000000001776 ) ;
#4692 = EDGE_CURVE ( 'NONE', #4080, #1070, #2324, .T. ) ;
#4693 = CARTESIAN_POINT ( 'NONE',  ( 16.00000000000013145, 3.000000000000000000, 9.249999999999984013 ) ) ;
#4694 = CARTESIAN_POINT ( 'NONE',  ( -7.999999999999979572, 0.000000000000000000, -18.25000000000001066 ) ) ;
#4695 = CIRCLE ( 'NONE', #1528, 1.364499712793999064 ) ;
#4696 = ADVANCED_FACE ( 'NONE', ( #86 ), #2000, .F. ) ;
#4697 = VERTEX_POINT ( 'NONE', #4414 ) ;
#4698 = VERTEX_POINT ( 'NONE', #2029 ) ;
#4699 = DIRECTION ( 'NONE',  ( -0.000000000000000000, 1.000000000000000000, -0.000000000000000000 ) ) ;
#4700 = ORIENTED_EDGE ( 'NONE', *, *, #3965, .F. ) ;
#4701 = CARTESIAN_POINT ( 'NONE',  ( 40.00000000000007816, 0.000000000000000000, -6.750000000000016875 ) ) ;
#4702 = LINE ( 'NONE', #5589, #350 ) ;
#4703 = ORIENTED_EDGE ( 'NONE', *, *, #73, .T. ) ;
#4704 = ORIENTED_EDGE ( 'NONE', *, *, #3137, .T. ) ;
#4705 = AXIS2_PLACEMENT_3D ( 'NONE', #1589, #2990, #5777 ) ;
#4706 = DIRECTION ( 'NONE',  ( 0.000000000000000000, 1.000000000000000000, 0.000000000000000000 ) ) ;
#4707 = ORIENTED_EDGE ( 'NONE', *, *, #2046, .T. ) ;
#4708 = CARTESIAN_POINT ( 'NONE',  ( 8.000000000000188294, 3.000000000000000000, 25.24999999999998579 ) ) ;
#4709 = CARTESIAN_POINT ( 'NONE',  ( -7.999999999999896083, 3.000000000000000000, 3.499999999999992895 ) ) ;
#4710 = DIRECTION ( 'NONE',  ( 0.000000000000000000, 0.000000000000000000, 1.000000000000000000 ) ) ;
#4711 = VERTEX_POINT ( 'NONE', #3510 ) ;
#4712 = ORIENTED_EDGE ( 'NONE', *, *, #1843, .T. ) ;
#4713 = VECTOR ( 'NONE', #1143, 1000.000000000000000 ) ;
#4714 = CARTESIAN_POINT ( 'NONE',  ( 8.000000000000159872, 3.000000000000000000, 19.49999999999999289 ) ) ;
#4715 = EDGE_CURVE ( 'NONE', #3116, #563, #1105, .T. ) ;
#4716 = DIRECTION ( 'NONE',  ( 0.000000000000000000, 1.000000000000000000, 0.000000000000000000 ) ) ;
#4717 = ORIENTED_EDGE ( 'NONE', *, *, #390, .F. ) ;
#4718 = FACE_BOUND ( 'NONE', #3971, .T. ) ;
#4719 = ORIENTED_EDGE ( 'NONE', *, *, #4648, .F. ) ;
#4720 = DIRECTION ( 'NONE',  ( 0.000000000000000000, 0.000000000000000000, 1.000000000000000000 ) ) ;
#4721 = DIRECTION ( 'NONE',  ( 0.000000000000000000, 1.000000000000000000, 0.000000000000000000 ) ) ;
#4722 = CYLINDRICAL_SURFACE ( 'NONE', #1747, 2.250000000000001776 ) ;
#4723 = CIRCLE ( 'NONE', #2049, 2.250000000000001776 ) ;
#4724 = EDGE_CURVE ( 'NONE', #1371, #3405, #3113, .T. ) ;
#4725 = VERTEX_POINT ( 'NONE', #1505 ) ;
#4726 = AXIS2_PLACEMENT_3D ( 'NONE', #3344, #4367, #536 ) ;
#4727 = DIRECTION ( 'NONE',  ( 0.000000000000000000, 0.000000000000000000, 1.000000000000000000 ) ) ;
#4728 = ORIENTED_EDGE ( 'NONE', *, *, #1761, .F. ) ;
#4729 = DIRECTION ( 'NONE',  ( -0.000000000000000000, 1.000000000000000000, -0.000000000000000000 ) ) ;
#4730 = CARTESIAN_POINT ( 'NONE',  ( 32.00000000000011369, 0.000000000000000000, 1.249999999999989786 ) ) ;
#4731 = EDGE_CURVE ( 'NONE', #915, #2346, #4406, .T. ) ;
#4732 = EDGE_LOOP ( 'NONE', ( #5681, #4467 ) ) ;
#4733 = VERTEX_POINT ( 'NONE', #5390 ) ;
#4734 = ADVANCED_FACE ( 'NONE', ( #4941 ), #1132, .F. ) ;
#4735 = VECTOR ( 'NONE', #1705, 1000.000000000000000 ) ;
#4736 = DIRECTION ( 'NONE',  ( -0.000000000000000000, 1.000000000000000000, -0.000000000000000000 ) ) ;
#4737 = ORIENTED_EDGE ( 'NONE', *, *, #1471, .F. ) ;
#4738 = LINE ( 'NONE', #4210, #1106 ) ;
#4739 = VECTOR ( 'NONE', #781, 1000.000000000000000 ) ;
#4740 = AXIS2_PLACEMENT_3D ( 'NONE', #668, #5290, #1032 ) ;
#4741 = CARTESIAN_POINT ( 'NONE',  ( 32.00000000000008527, 0.000000000000000000, -4.500000000000010658 ) ) ;
#4742 = CARTESIAN_POINT ( 'NONE',  ( 40.00000000000018474, 0.000000000000000000, 25.24999999999998579 ) ) ;
#4743 = EDGE_CURVE ( 'NONE', #6145, #317, #1724, .T. ) ;
#4744 = ORIENTED_EDGE ( 'NONE', *, *, #9, .T. ) ;
#4745 = DIRECTION ( 'NONE',  ( -0.000000000000000000, 1.000000000000000000, -0.000000000000000000 ) ) ;
#4746 = CIRCLE ( 'NONE', #5762, 2.250000000000001776 ) ;
#4747 = FACE_OUTER_BOUND ( 'NONE', #591, .T. ) ;
#4748 = ORIENTED_EDGE ( 'NONE', *, *, #1092, .F. ) ;
#4749 = CARTESIAN_POINT ( 'NONE',  ( -7.999999999999840128, 3.000000000000000000, 21.74999999999999645 ) ) ;
#4750 = AXIS2_PLACEMENT_3D ( 'NONE', #2797, #5171, #1475 ) ;
#4751 = ORIENTED_EDGE ( 'NONE', *, *, #2292, .T. ) ;
#4752 = VECTOR ( 'NONE', #4244, 1000.000000000000000 ) ;
#4753 = FACE_BOUND ( 'NONE', #1029, .T. ) ;
#4754 = AXIS2_PLACEMENT_3D ( 'NONE', #4438, #167, #3477 ) ;
#4755 = VERTEX_POINT ( 'NONE', #2577 ) ;
#4756 = CARTESIAN_POINT ( 'NONE',  ( 32.00000000000019185, 0.000000000000000000, 25.24999999999998579 ) ) ;
#4757 = CARTESIAN_POINT ( 'NONE',  ( -45.00000000000000000, 0.000000000000000000, -29.50000000000000000 ) ) ;
#4758 = CIRCLE ( 'NONE', #4550, 2.250000000000002665 ) ;
#4759 = DIRECTION ( 'NONE',  ( 0.000000000000000000, 0.000000000000000000, -1.000000000000000000 ) ) ;
#4760 = ORIENTED_EDGE ( 'NONE', *, *, #6048, .T. ) ;
#4761 = CARTESIAN_POINT ( 'NONE',  ( 32.00000000000002842, 0.000000000000000000, -20.50000000000001066 ) ) ;
#4762 = VERTEX_POINT ( 'NONE', #5297 ) ;
#4763 = CIRCLE ( 'NONE', #2084, 2.250000000000001776 ) ;
#4764 = CARTESIAN_POINT ( 'NONE',  ( 32.00000000000019185, 3.000000000000000000, 25.24999999999998579 ) ) ;
#4765 = DIRECTION ( 'NONE',  ( 0.000000000000000000, 0.000000000000000000, 1.000000000000000000 ) ) ;
#4766 = VERTEX_POINT ( 'NONE', #708 ) ;
#4767 = ORIENTED_EDGE ( 'NONE', *, *, #4644, .F. ) ;
#4768 = EDGE_CURVE ( 'NONE', #355, #6183, #3319, .T. ) ;
#4769 = EDGE_CURVE ( 'NONE', #2476, #6064, #833, .T. ) ;
#4770 = CARTESIAN_POINT ( 'NONE',  ( -7.999999999999840128, 3.000000000000000000, 17.24999999999998934 ) ) ;
#4771 = AXIS2_PLACEMENT_3D ( 'NONE', #4974, #986, #1513 ) ;
#4772 = ORIENTED_EDGE ( 'NONE', *, *, #1933, .T. ) ;
#4773 = LINE ( 'NONE', #5725, #2088 ) ;
#4774 = DIRECTION ( 'NONE',  ( 0.000000000000000000, 1.000000000000000000, 0.000000000000000000 ) ) ;
#4775 = CARTESIAN_POINT ( 'NONE',  ( 41.99999999999999289, 3.000000000000000000, -29.50000000000000711 ) ) ;
#4776 = ORIENTED_EDGE ( 'NONE', *, *, #3656, .T. ) ;
#4777 = FACE_OUTER_BOUND ( 'NONE', #388, .T. ) ;
#4778 = EDGE_CURVE ( 'NONE', #5254, #2667, #3508, .T. ) ;
#4779 = CARTESIAN_POINT ( 'NONE',  ( 41.99999999999996447, 0.000000000000000000, 32.49999999999998579 ) ) ;
#4780 = ORIENTED_EDGE ( 'NONE', *, *, #3060, .F. ) ;
#4781 = VECTOR ( 'NONE', #1484, 1000.000000000000000 ) ;
#4782 = CARTESIAN_POINT ( 'NONE',  ( -15.99999999999984013, 0.000000000000000000, 19.49999999999999289 ) ) ;
#4783 = ORIENTED_EDGE ( 'NONE', *, *, #3406, .T. ) ;
#4784 = CARTESIAN_POINT ( 'NONE',  ( 16.00000000000010303, 3.000000000000000000, 1.249999999999989786 ) ) ;
#4785 = AXIS2_PLACEMENT_3D ( 'NONE', #250, #1852, #2440 ) ;
#4786 = ORIENTED_EDGE ( 'NONE', *, *, #1107, .F. ) ;
#4787 = DIRECTION ( 'NONE',  ( 0.000000000000000000, 0.000000000000000000, 1.000000000000000000 ) ) ;
#4788 = CARTESIAN_POINT ( 'NONE',  ( -6.938893903907228378E-15, 3.000000000000000000, -28.50000000000001066 ) ) ;
#4789 = DIRECTION ( 'NONE',  ( 0.000000000000000000, -0.000000000000000000, -1.000000000000000000 ) ) ;
#4790 = CARTESIAN_POINT ( 'NONE',  ( -7.999999999999979572, 3.000000000000000000, -18.25000000000001066 ) ) ;
#4791 = AXIS2_PLACEMENT_3D ( 'NONE', #4675, #1363, #1756 ) ;
#4792 = ORIENTED_EDGE ( 'NONE', *, *, #3042, .T. ) ;
#4793 = DIRECTION ( 'NONE',  ( 0.000000000000000000, 0.000000000000000000, 1.000000000000000000 ) ) ;
#4794 = CARTESIAN_POINT ( 'NONE',  ( 19.08551248218999419, 7.000000000000000000, 24.50000000000000355 ) ) ;
#4795 = ORIENTED_EDGE ( 'NONE', *, *, #4590, .F. ) ;
#4796 = DIRECTION ( 'NONE',  ( 0.000000000000000000, 1.000000000000000000, 0.000000000000000000 ) ) ;
#4797 = ADVANCED_FACE ( 'NONE', ( #2606 ), #5511, .F. ) ;
#4798 = ORIENTED_EDGE ( 'NONE', *, *, #1273, .T. ) ;
#4799 = CYLINDRICAL_SURFACE ( 'NONE', #3779, 2.250000000000001776 ) ;
#4800 = DIRECTION ( 'NONE',  ( 0.000000000000000000, 0.000000000000000000, 1.000000000000000000 ) ) ;
#4801 = LINE ( 'NONE', #4485, #1642 ) ;
#4802 = AXIS2_PLACEMENT_3D ( 'NONE', #3362, #525, #3244 ) ;
#4803 = ORIENTED_EDGE ( 'NONE', *, *, #2174, .T. ) ;
#4804 = FACE_OUTER_BOUND ( 'NONE', #439, .T. ) ;
#4805 = AXIS2_PLACEMENT_3D ( 'NONE', #5094, #5542, #5576 ) ;
#4806 = DIRECTION ( 'NONE',  ( 0.000000000000000000, 0.000000000000000000, 1.000000000000000000 ) ) ;
#4807 = ORIENTED_EDGE ( 'NONE', *, *, #820, .T. ) ;
#4808 = EDGE_CURVE ( 'NONE', #6054, #2837, #5102, .T. ) ;
#4809 = ORIENTED_EDGE ( 'NONE', *, *, #3819, .F. ) ;
#4810 = FACE_OUTER_BOUND ( 'NONE', #2904, .T. ) ;
#4811 = DIRECTION ( 'NONE',  ( 0.000000000000000000, 0.000000000000000000, 1.000000000000000000 ) ) ;
#4812 = ORIENTED_EDGE ( 'NONE', *, *, #4840, .F. ) ;
#4813 = FACE_BOUND ( 'NONE', #899, .T. ) ;
#4814 = DIRECTION ( 'NONE',  ( 0.000000000000000000, 0.000000000000000000, 1.000000000000000000 ) ) ;
#4815 = DIRECTION ( 'NONE',  ( 0.000000000000000000, 1.000000000000000000, 0.000000000000000000 ) ) ;
#4816 = CIRCLE ( 'NONE', #4615, 2.250000000000002665 ) ;
#4817 = ORIENTED_EDGE ( 'NONE', *, *, #3895, .F. ) ;
#4818 = CARTESIAN_POINT ( 'NONE',  ( 16.00000000000010303, 3.000000000000000000, 3.499999999999992895 ) ) ;
#4819 = EDGE_LOOP ( 'NONE', ( #4291, #1931, #1663, #4360 ) ) ;
#4820 = DIRECTION ( 'NONE',  ( -0.000000000000000000, 1.000000000000000000, -0.000000000000000000 ) ) ;
#4821 = CARTESIAN_POINT ( 'NONE',  ( 39.99999999999999289, 3.000000000000000000, -28.50000000000001421 ) ) ;
#4822 = ORIENTED_EDGE ( 'NONE', *, *, #3623, .F. ) ;
#4823 = AXIS2_PLACEMENT_3D ( 'NONE', #1709, #3134, #4123 ) ;
#4824 = CARTESIAN_POINT ( 'NONE',  ( -15.99999999999981348, 0.000000000000000000, 27.49999999999998579 ) ) ;
#4825 = ORIENTED_EDGE ( 'NONE', *, *, #3884, .F. ) ;
#4826 = CARTESIAN_POINT ( 'NONE',  ( 19.08551248218999419, 7.000000000000000000, -26.99999999999999289 ) ) ;
#4827 = CIRCLE ( 'NONE', #3439, 2.500000000000002220 ) ;
#4828 = DIRECTION ( 'NONE',  ( -0.000000000000000000, 1.000000000000000000, -0.000000000000000000 ) ) ;
#4829 = DIRECTION ( 'NONE',  ( 0.000000000000000000, 0.000000000000000000, 1.000000000000000000 ) ) ;
#4830 = ORIENTED_EDGE ( 'NONE', *, *, #1360, .T. ) ;
#4831 = AXIS2_PLACEMENT_3D ( 'NONE', #2689, #5534, #700 ) ;
#4832 = AXIS2_PLACEMENT_3D ( 'NONE', #4035, #2083, #1679 ) ;
#4833 = ORIENTED_EDGE ( 'NONE', *, *, #6109, .T. ) ;
#4834 = CARTESIAN_POINT ( 'NONE',  ( -7.999999999999979572, 3.000000000000000000, -20.50000000000001066 ) ) ;
#4835 = AXIS2_PLACEMENT_3D ( 'NONE', #5077, #1258, #811 ) ;
#4836 = CIRCLE ( 'NONE', #2156, 2.250000000000001776 ) ;
#4837 = AXIS2_PLACEMENT_3D ( 'NONE', #5915, #2591, #3525 ) ;
#4838 = DIRECTION ( 'NONE',  ( 0.000000000000000000, 1.000000000000000000, 0.000000000000000000 ) ) ;
#4839 = ORIENTED_EDGE ( 'NONE', *, *, #1124, .T. ) ;
#4840 = EDGE_CURVE ( 'NONE', #4250, #2908, #1340, .T. ) ;
#4841 = EDGE_CURVE ( 'NONE', #3274, #5041, #2921, .T. ) ;
#4842 = EDGE_LOOP ( 'NONE', ( #869, #5619, #5193, #5434 ) ) ;
#4843 = AXIS2_PLACEMENT_3D ( 'NONE', #4278, #902, #2788 ) ;
#4844 = EDGE_CURVE ( 'NONE', #1289, #5055, #4007, .T. ) ;
#4845 = CARTESIAN_POINT ( 'NONE',  ( -15.99999999999986855, 3.000000000000000000, 11.49999999999998579 ) ) ;
#4846 = CARTESIAN_POINT ( 'NONE',  ( -39.99999999999995026, 3.000000000000000000, -12.50000000000001066 ) ) ;
#4847 = EDGE_LOOP ( 'NONE', ( #4108, #5048 ) ) ;
#4848 = DIRECTION ( 'NONE',  ( -0.000000000000000000, 1.000000000000000000, -0.000000000000000000 ) ) ;
#4849 = AXIS2_PLACEMENT_3D ( 'NONE', #864, #5253, #3264 ) ;
#4850 = DIRECTION ( 'NONE',  ( -0.000000000000000000, 1.000000000000000000, -0.000000000000000000 ) ) ;
#4851 = CARTESIAN_POINT ( 'NONE',  ( 8.000000000000104805, 3.000000000000000000, 1.249999999999989786 ) ) ;
#4852 = AXIS2_PLACEMENT_3D ( 'NONE', #3139, #3726, #5578 ) ;
#4853 = VECTOR ( 'NONE', #4254, 1000.000000000000000 ) ;
#4854 = LINE ( 'NONE', #4886, #5309 ) ;
#4855 = VERTEX_POINT ( 'NONE', #3075 ) ;
#4856 = EDGE_CURVE ( 'NONE', #3871, #4659, #2127, .T. ) ;
#4857 = DIRECTION ( 'NONE',  ( 0.000000000000000000, 0.000000000000000000, 1.000000000000000000 ) ) ;
#4858 = DIRECTION ( 'NONE',  ( 0.000000000000000000, 0.000000000000000000, 1.000000000000000000 ) ) ;
#4859 = ORIENTED_EDGE ( 'NONE', *, *, #2828, .F. ) ;
#4860 = VECTOR ( 'NONE', #4395, 1000.000000000000000 ) ;
#4861 = APPLICATION_CONTEXT ( 'automotive_design' ) ;
#4862 = DIRECTION ( 'NONE',  ( 0.000000000000000000, 1.000000000000000000, 0.000000000000000000 ) ) ;
#4863 = CIRCLE ( 'NONE', #2176, 2.250000000000001776 ) ;
#4864 = VERTEX_POINT ( 'NONE', #1767 ) ;
#4865 = CYLINDRICAL_SURFACE ( 'NONE', #1786, 2.250000000000001776 ) ;
#4866 = DIRECTION ( 'NONE',  ( -0.000000000000000000, 1.000000000000000000, -0.000000000000000000 ) ) ;
#4867 = DIRECTION ( 'NONE',  ( 0.000000000000000000, 1.000000000000000000, 0.000000000000000000 ) ) ;
#4868 = EDGE_LOOP ( 'NONE', ( #6116, #4869 ) ) ;
#4869 = ORIENTED_EDGE ( 'NONE', *, *, #3222, .F. ) ;
#4870 = VECTOR ( 'NONE', #2008, 1000.000000000000000 ) ;
#4871 = DIRECTION ( 'NONE',  ( 0.000000000000000000, 1.000000000000000000, 0.000000000000000000 ) ) ;
#4872 = DIRECTION ( 'NONE',  ( 0.000000000000000000, 1.000000000000000000, 0.000000000000000000 ) ) ;
#4873 = ORIENTED_EDGE ( 'NONE', *, *, #4195, .T. ) ;
#4874 = ADVANCED_FACE ( 'NONE', ( #1222 ), #236, .F. ) ;
#4875 = ORIENTED_EDGE ( 'NONE', *, *, #5970, .T. ) ;
#4876 = EDGE_CURVE ( 'NONE', #2960, #1021, #2115, .T. ) ;
#4877 = CYLINDRICAL_SURFACE ( 'NONE', #4740, 2.499999999999998668 ) ;
#4878 = ORIENTED_EDGE ( 'NONE', *, *, #616, .F. ) ;
#4879 = DIRECTION ( 'NONE',  ( 0.000000000000000000, 0.000000000000000000, 1.000000000000000000 ) ) ;
#4880 = CIRCLE ( 'NONE', #3587, 2.250000000000001776 ) ;
#4881 = FACE_OUTER_BOUND ( 'NONE', #1612, .T. ) ;
#4882 = DIRECTION ( 'NONE',  ( -0.000000000000000000, 1.000000000000000000, -0.000000000000000000 ) ) ;
#4883 = AXIS2_PLACEMENT_3D ( 'NONE', #192, #1639, #3095 ) ;
#4884 = EDGE_LOOP ( 'NONE', ( #3578, #6134, #3621, #1877 ) ) ;
#4885 = VECTOR ( 'NONE', #2249, 1000.000000000000000 ) ;
#4886 = CARTESIAN_POINT ( 'NONE',  ( 4.857225732735059864E-14, 0.000000000000000000, -10.25000000000000888 ) ) ;
#4887 = DIRECTION ( 'NONE',  ( 0.000000000000000000, 0.000000000000000000, 1.000000000000000000 ) ) ;
#4888 = CYLINDRICAL_SURFACE ( 'NONE', #172, 2.250000000000001776 ) ;
#4889 = EDGE_LOOP ( 'NONE', ( #306, #3277, #5637, #1353 ) ) ;
#4890 = AXIS2_PLACEMENT_3D ( 'NONE', #3033, #3936, #5860 ) ;
#4891 = DIRECTION ( 'NONE',  ( 0.000000000000000000, 0.000000000000000000, 1.000000000000000000 ) ) ;
#4892 = ADVANCED_FACE ( 'NONE', ( #2142, #6052, #3136, #265, #766, #4559, #1652, #4097, #3165, #3631, #5452, #4973, #2665, #2202, #3571, #3199, #3539, #5008, #5480, #740, #2637, #4531, #6019, #1735, #2856, #419, #5168, #451, #3355, #2397, #3326, #4251, #4220, #5132, #4158, #5261, #485, #6117, #6176, #5675, #1901, #6085, #1345, #1929, #3297, #2333, #904, #5707, #3823, #2823, #3234, #6143, #1869, #3761, #4753, #1800, #870, #1835, #5226, #2728, #1410, #2761, #2264, #965, #4718, #1377, #4283, #12, #5198, #5736, #3793, #935, #4622, #4657 ), #1469, .F. ) ;
#4893 = ORIENTED_EDGE ( 'NONE', *, *, #3585, .F. ) ;
#4894 = CARTESIAN_POINT ( 'NONE',  ( 8.000000000000021316, 0.000000000000000000, -20.50000000000001066 ) ) ;
#4895 = DIRECTION ( 'NONE',  ( 0.000000000000000000, 0.000000000000000000, -1.000000000000000000 ) ) ;
#4896 = DIRECTION ( 'NONE',  ( 0.000000000000000000, 0.000000000000000000, 1.000000000000000000 ) ) ;
#4897 = VERTEX_POINT ( 'NONE', #2297 ) ;
#4898 = EDGE_LOOP ( 'NONE', ( #286, #3119, #3059, #4988 ) ) ;
#4899 = PRESENTATION_LAYER_ASSIGNMENT (  '', '', ( #5298 ) ) ;
#4900 = DIRECTION ( 'NONE',  ( 0.000000000000000000, 0.000000000000000000, 1.000000000000000000 ) ) ;
#4901 = CARTESIAN_POINT ( 'NONE',  ( 2.081668171172168513E-14, 3.000000000000000000, -20.50000000000001066 ) ) ;
#4902 = VECTOR ( 'NONE', #2183, 1000.000000000000000 ) ;
#4903 = EDGE_LOOP ( 'NONE', ( #5396, #5111, #3226, #5767 ) ) ;
#4904 = AXIS2_PLACEMENT_3D ( 'NONE', #6187, #1974, #5332 ) ;
#4905 = CARTESIAN_POINT ( 'NONE',  ( -15.99999999999984013, 0.000000000000000000, 17.24999999999998934 ) ) ;
#4906 = ORIENTED_EDGE ( 'NONE', *, *, #5618, .T. ) ;
#4907 = ADVANCED_FACE ( 'NONE', ( #1440 ), #4188, .F. ) ;
#4908 = DIRECTION ( 'NONE',  ( 0.000000000000000000, 1.000000000000000000, 0.000000000000000000 ) ) ;
#4909 = CARTESIAN_POINT ( 'NONE',  ( -45.00000000000000000, 3.000000000000000000, 32.50000000000000000 ) ) ;
#4910 = DIRECTION ( 'NONE',  ( 0.000000000000000000, 1.000000000000000000, 0.000000000000000000 ) ) ;
#4911 = CARTESIAN_POINT ( 'NONE',  ( 24.00000000000013145, 0.000000000000000000, 11.49999999999998579 ) ) ;
#4912 = DIRECTION ( 'NONE',  ( 0.000000000000000000, 0.000000000000000000, -1.000000000000000000 ) ) ;
#4913 = CYLINDRICAL_SURFACE ( 'NONE', #5598, 2.250000000000001776 ) ;
#4914 = EDGE_CURVE ( 'NONE', #3367, #3351, #1923, .T. ) ;
#4915 = ORIENTED_EDGE ( 'NONE', *, *, #1842, .T. ) ;
#4916 = CIRCLE ( 'NONE', #1151, 2.250000000000002665 ) ;
#4917 = CARTESIAN_POINT ( 'NONE',  ( -39.00000000000000711, 7.000000000000000000, 22.00000000000000355 ) ) ;
#4918 = EDGE_CURVE ( 'NONE', #2308, #230, #5708, .T. ) ;
#4919 = ORIENTED_EDGE ( 'NONE', *, *, #2874, .F. ) ;
#4920 = CARTESIAN_POINT ( 'NONE',  ( -39.00000000000000711, 0.000000000000000000, -23.13550028720599627 ) ) ;
#4921 = EDGE_CURVE ( 'NONE', #4173, #296, #622, .T. ) ;
#4922 = CARTESIAN_POINT ( 'NONE',  ( -7.999999999999979572, 0.000000000000000000, -20.50000000000001066 ) ) ;
#4923 = DIRECTION ( 'NONE',  ( 0.000000000000000000, 1.000000000000000000, 0.000000000000000000 ) ) ;
#4924 = ORIENTED_EDGE ( 'NONE', *, *, #2149, .F. ) ;
#4925 = VERTEX_POINT ( 'NONE', #3383 ) ;
#4926 = EDGE_CURVE ( 'NONE', #3532, #4373, #5769, .T. ) ;
#4927 = EDGE_LOOP ( 'NONE', ( #5320, #3088, #918, #142 ) ) ;
#4928 = LINE ( 'NONE', #2044, #3847 ) ;
#4929 = AXIS2_PLACEMENT_3D ( 'NONE', #6148, #1841, #2272 ) ;
#4930 = VECTOR ( 'NONE', #4502, 1000.000000000000000 ) ;
#4931 = AXIS2_PLACEMENT_3D ( 'NONE', #4177, #2782, #1789 ) ;
#4932 = EDGE_CURVE ( 'NONE', #5163, #2402, #44, .T. ) ;
#4933 = CARTESIAN_POINT ( 'NONE',  ( -7.999999999999840128, 0.000000000000000000, 17.24999999999998934 ) ) ;
#4934 = ORIENTED_EDGE ( 'NONE', *, *, #2603, .T. ) ;
#4935 = EDGE_LOOP ( 'NONE', ( #5380, #1328, #2509, #2742 ) ) ;
#4936 = DIRECTION ( 'NONE',  ( 0.000000000000000000, 1.000000000000000000, 0.000000000000000000 ) ) ;
#4937 = VERTEX_POINT ( 'NONE', #517 ) ;
#4938 = FACE_OUTER_BOUND ( 'NONE', #156, .T. ) ;
#4939 = CARTESIAN_POINT ( 'NONE',  ( 1.942890293094023946E-13, 3.000000000000000000, 27.49999999999998579 ) ) ;
#4940 = CARTESIAN_POINT ( 'NONE',  ( -15.99999999999995204, 3.000000000000000000, -12.50000000000001066 ) ) ;
#4941 = FACE_OUTER_BOUND ( 'NONE', #2484, .T. ) ;
#4942 = DIRECTION ( 'NONE',  ( 0.000000000000000000, 0.000000000000000000, 1.000000000000000000 ) ) ;
#4943 = LINE ( 'NONE', #207, #3867 ) ;
#4944 = ORIENTED_EDGE ( 'NONE', *, *, #2043, .T. ) ;
#4945 = CARTESIAN_POINT ( 'NONE',  ( 8.000000000000188294, 0.000000000000000000, 25.24999999999998579 ) ) ;
#4946 = CARTESIAN_POINT ( 'NONE',  ( -39.00000000000000711, 7.000000000000000000, 27.00000000000000711 ) ) ;
#4947 = CIRCLE ( 'NONE', #2265, 2.250000000000002665 ) ;
#4948 = ADVANCED_FACE ( 'NONE', ( #4520 ), #5797, .F. ) ;
#4949 = EDGE_LOOP ( 'NONE', ( #1361, #1186, #3634, #481 ) ) ;
#4950 = DIRECTION ( 'NONE',  ( 0.000000000000000000, 0.000000000000000000, 1.000000000000000000 ) ) ;
#4951 = CIRCLE ( 'NONE', #4649, 2.250000000000001776 ) ;
#4952 = DIRECTION ( 'NONE',  ( -0.000000000000000000, 1.000000000000000000, -0.000000000000000000 ) ) ;
#4953 = AXIS2_PLACEMENT_3D ( 'NONE', #3513, #3049, #3541 ) ;
#4954 = CARTESIAN_POINT ( 'NONE',  ( 7.632783294297951215E-14, 0.000000000000000000, -4.500000000000010658 ) ) ;
#4955 = ADVANCED_FACE ( 'NONE', ( #4810 ), #1526, .F. ) ;
#4956 = ORIENTED_EDGE ( 'NONE', *, *, #1471, .T. ) ;
#4957 = ADVANCED_FACE ( 'NONE', ( #3557 ), #3881, .F. ) ;
#4958 = ORIENTED_EDGE ( 'NONE', *, *, #939, .T. ) ;
#4959 = EDGE_LOOP ( 'NONE', ( #5585, #1635 ) ) ;
#4960 = DIRECTION ( 'NONE',  ( 0.000000000000000000, 0.000000000000000000, 1.000000000000000000 ) ) ;
#4961 = CARTESIAN_POINT ( 'NONE',  ( 32.00000000000011369, 0.000000000000000000, 3.499999999999992895 ) ) ;
#4962 = EDGE_CURVE ( 'NONE', #5015, #3775, #4094, .T. ) ;
#4963 = DIRECTION ( 'NONE',  ( 0.000000000000000000, 0.000000000000000000, 1.000000000000000000 ) ) ;
#4964 = STYLED_ITEM ( 'NONE', ( #4552 ), #4970 ) ;
#4965 = EDGE_CURVE ( 'NONE', #1065, #186, #255, .T. ) ;
#4966 = VERTEX_POINT ( 'NONE', #4059 ) ;
#4967 = LINE ( 'NONE', #4498, #5854 ) ;
#4968 = ORIENTED_EDGE ( 'NONE', *, *, #5466, .T. ) ;
#4969 = FACE_BOUND ( 'NONE', #6188, .T. ) ;
#4970 = ADVANCED_BREP_SHAPE_REPRESENTATION ( '010 Grundteil', ( #5007, #770 ), #6083 ) ;
#4971 = DIRECTION ( 'NONE',  ( 0.000000000000000000, 0.000000000000000000, 1.000000000000000000 ) ) ;
#4972 = CYLINDRICAL_SURFACE ( 'NONE', #1069, 2.250000000000001776 ) ;
#4973 = FACE_BOUND ( 'NONE', #3724, .T. ) ;
#4974 = CARTESIAN_POINT ( 'NONE',  ( -39.00000000000000711, 0.000000000000000000, -24.49999999999999289 ) ) ;
#4975 = DIRECTION ( 'NONE',  ( 0.000000000000000000, 0.000000000000000000, 1.000000000000000000 ) ) ;
#4976 = VERTEX_POINT ( 'NONE', #2429 ) ;
#4977 = CARTESIAN_POINT ( 'NONE',  ( 24.00000000000004974, 3.000000000000000000, -12.50000000000001066 ) ) ;
#4978 = DIRECTION ( 'NONE',  ( 0.000000000000000000, 0.000000000000000000, 1.000000000000000000 ) ) ;
#4979 = AXIS2_PLACEMENT_3D ( 'NONE', #1790, #3685, #857 ) ;
#4980 = VECTOR ( 'NONE', #1317, 1000.000000000000000 ) ;
#4981 = EDGE_CURVE ( 'NONE', #4554, #2541, #76, .T. ) ;
#4982 = EDGE_LOOP ( 'NONE', ( #1239, #526, #1050, #4915 ) ) ;
#4983 = CARTESIAN_POINT ( 'NONE',  ( 40.00000000000018474, 3.000000000000000000, 25.24999999999998579 ) ) ;
#4984 = EDGE_LOOP ( 'NONE', ( #4665, #1868, #3425, #2301 ) ) ;
#4985 = CARTESIAN_POINT ( 'NONE',  ( 4.884780285715875273E-14, 0.000000000000000000, -14.75000000000001243 ) ) ;
#4986 = DIRECTION ( 'NONE',  ( 0.000000000000000000, 0.000000000000000000, 1.000000000000000000 ) ) ;
#4987 = ORIENTED_EDGE ( 'NONE', *, *, #2539, .F. ) ;
#4988 = ORIENTED_EDGE ( 'NONE', *, *, #4257, .F. ) ;
#4989 = ADVANCED_FACE ( 'NONE', ( #3093, #5321 ), #2624, .T. ) ;
#4990 = AXIS2_PLACEMENT_3D ( 'NONE', #3483, #1136, #5362 ) ;
#4991 = DIRECTION ( 'NONE',  ( -0.000000000000000000, 1.000000000000000000, -0.000000000000000000 ) ) ;
#4992 = ORIENTED_EDGE ( 'NONE', *, *, #731, .T. ) ;
#4993 = FACE_OUTER_BOUND ( 'NONE', #5488, .T. ) ;
#4994 = AXIS2_PLACEMENT_3D ( 'NONE', #2936, #3285, #3783 ) ;
#4995 = FACE_OUTER_BOUND ( 'NONE', #3690, .T. ) ;
#4996 = EDGE_LOOP ( 'NONE', ( #5366, #3711 ) ) ;
#4997 = AXIS2_PLACEMENT_3D ( 'NONE', #2177, #240, #4046 ) ;
#4998 = EDGE_CURVE ( 'NONE', #296, #4173, #1433, .T. ) ;
#4999 = LINE ( 'NONE', #2628, #59 ) ;
#5001 = VERTEX_POINT ( 'NONE', #3445 ) ;
#5000 = AXIS2_PLACEMENT_3D ( 'NONE', #5360, #2928, #621 ) ;
#5002 = EDGE_CURVE ( 'NONE', #968, #3955, #13, .T. ) ;
#5003 = FACE_BOUND ( 'NONE', #5998, .T. ) ;
#5004 = ADVANCED_FACE ( 'NONE', ( #4993 ), #3592, .F. ) ;
#5005 = CARTESIAN_POINT ( 'NONE',  ( -45.00000000000000000, 0.000000000000000000, -32.50000000000000000 ) ) ;
#5006 = DIRECTION ( 'NONE',  ( 0.000000000000000000, 1.000000000000000000, 0.000000000000000000 ) ) ;
#5007 = MANIFOLD_SOLID_BREP ( 'eb6138e1-fa2c-4b28-8d6e-aaa3a63c49ef', #5158 ) ;
#5008 = FACE_BOUND ( 'NONE', #225, .T. ) ;
#5009 = FACE_OUTER_BOUND ( 'NONE', #4927, .T. ) ;
#5010 = DIRECTION ( 'NONE',  ( 0.000000000000000000, 0.000000000000000000, 1.000000000000000000 ) ) ;
#5011 = DIRECTION ( 'NONE',  ( 0.000000000000000000, 1.000000000000000000, 0.000000000000000000 ) ) ;
#5012 = FACE_OUTER_BOUND ( 'NONE', #1641, .T. ) ;
#5013 = ORIENTED_EDGE ( 'NONE', *, *, #1091, .T. ) ;
#5014 = DIRECTION ( 'NONE',  ( 0.000000000000000000, 1.000000000000000000, 0.000000000000000000 ) ) ;
#5015 = VERTEX_POINT ( 'NONE', #6035 ) ;
#5016 = DIRECTION ( 'NONE',  ( -0.000000000000000000, 1.000000000000000000, -0.000000000000000000 ) ) ;
#5017 = DIRECTION ( 'NONE',  ( 0.000000000000000000, 0.000000000000000000, 1.000000000000000000 ) ) ;
#5018 = VECTOR ( 'NONE', #1598, 1000.000000000000000 ) ;
#5019 = VERTEX_POINT ( 'NONE', #4087 ) ;
#5020 = ORIENTED_EDGE ( 'NONE', *, *, #5509, .F. ) ;
#5021 = DIRECTION ( 'NONE',  ( 0.000000000000000000, 0.000000000000000000, 1.000000000000000000 ) ) ;
#5022 = DIRECTION ( 'NONE',  ( 0.000000000000000000, 0.000000000000000000, 1.000000000000000000 ) ) ;
#5023 = CIRCLE ( 'NONE', #2942, 2.250000000000001776 ) ;
#5024 = VECTOR ( 'NONE', #5573, 1000.000000000000000 ) ;
#5025 = DIRECTION ( 'NONE',  ( 0.000000000000000000, 0.000000000000000000, 1.000000000000000000 ) ) ;
#5026 = VERTEX_POINT ( 'NONE', #4784 ) ;
#5027 = EDGE_CURVE ( 'NONE', #1573, #4080, #2320, .T. ) ;
#5028 = FACE_BOUND ( 'NONE', #2469, .T. ) ;
#5029 = ADVANCED_FACE ( 'NONE', ( #1856 ), #2654, .F. ) ;
#5030 = DIRECTION ( 'NONE',  ( 0.000000000000000000, 0.000000000000000000, 1.000000000000000000 ) ) ;
#5031 = DIRECTION ( 'NONE',  ( 0.000000000000000000, 1.000000000000000000, 0.000000000000000000 ) ) ;
#5032 = ADVANCED_FACE ( 'NONE', ( #4143 ), #5631, .F. ) ;
#5033 = CARTESIAN_POINT ( 'NONE',  ( 8.000000000000131450, 0.000000000000000000, 11.49999999999998579 ) ) ;
#5034 = DIRECTION ( 'NONE',  ( -0.000000000000000000, 1.000000000000000000, -0.000000000000000000 ) ) ;
#5035 = ORIENTED_EDGE ( 'NONE', *, *, #3427, .F. ) ;
#5036 = CARTESIAN_POINT ( 'NONE',  ( -8.000000000000007105, 0.000000000000000000, -30.75000000000001421 ) ) ;
#5037 = AXIS2_PLACEMENT_3D ( 'NONE', #2052, #4908, #3972 ) ;
#5038 = CARTESIAN_POINT ( 'NONE',  ( -31.99999999999997868, 0.000000000000000000, -22.75000000000001421 ) ) ;
#5039 = DIRECTION ( 'NONE',  ( -0.000000000000000000, 1.000000000000000000, -0.000000000000000000 ) ) ;
#5040 = EDGE_CURVE ( 'NONE', #1128, #6110, #4689, .T. ) ;
#5041 = VERTEX_POINT ( 'NONE', #2752 ) ;
#5042 = VERTEX_POINT ( 'NONE', #3185 ) ;
#5043 = CYLINDRICAL_SURFACE ( 'NONE', #4098, 2.250000000000001776 ) ;
#5044 = ORIENTED_EDGE ( 'NONE', *, *, #2603, .F. ) ;
#5045 = DIRECTION ( 'NONE',  ( 0.000000000000000000, 1.000000000000000000, 0.000000000000000000 ) ) ;
#5046 = DIRECTION ( 'NONE',  ( 0.000000000000000000, 1.000000000000000000, 0.000000000000000000 ) ) ;
#5047 = ORIENTED_EDGE ( 'NONE', *, *, #1619, .F. ) ;
#5048 = ORIENTED_EDGE ( 'NONE', *, *, #4768, .F. ) ;
#5049 = CARTESIAN_POINT ( 'NONE',  ( -39.99999999999987210, 0.000000000000000000, 13.74999999999998757 ) ) ;
#5050 = VERTEX_POINT ( 'NONE', #376 ) ;
#5051 = CARTESIAN_POINT ( 'NONE',  ( 8.000000000000159872, 0.000000000000000000, 19.49999999999999289 ) ) ;
#5052 = AXIS2_PLACEMENT_3D ( 'NONE', #5546, #1282, #799 ) ;
#5053 = DIRECTION ( 'NONE',  ( -0.000000000000000000, -1.000000000000000000, -0.000000000000000000 ) ) ;
#5054 = VECTOR ( 'NONE', #2532, 1000.000000000000000 ) ;
#5055 = VERTEX_POINT ( 'NONE', #4547 ) ;
#5056 = CIRCLE ( 'NONE', #6072, 2.250000000000001776 ) ;
#5057 = CARTESIAN_POINT ( 'NONE',  ( -15.99999999999997868, 3.000000000000000000, -20.50000000000001066 ) ) ;
#5058 = ORIENTED_EDGE ( 'NONE', *, *, #5935, .T. ) ;
#5059 = CARTESIAN_POINT ( 'NONE',  ( -15.99999999999989697, 3.000000000000000000, 5.749999999999995559 ) ) ;
#5060 = DIRECTION ( 'NONE',  ( -0.000000000000000000, 1.000000000000000000, -0.000000000000000000 ) ) ;
#5061 = EDGE_CURVE ( 'NONE', #5136, #3462, #3497, .T. ) ;
#5062 = CIRCLE ( 'NONE', #4557, 2.250000000000001776 ) ;
#5063 = DIRECTION ( 'NONE',  ( 0.000000000000000000, 0.000000000000000000, 1.000000000000000000 ) ) ;
#5064 = ORIENTED_EDGE ( 'NONE', *, *, #4921, .F. ) ;
#5065 = EDGE_CURVE ( 'NONE', #3688, #824, #3619, .T. ) ;
#5066 = DIRECTION ( 'NONE',  ( 0.000000000000000000, 1.000000000000000000, 0.000000000000000000 ) ) ;
#5067 = DIRECTION ( 'NONE',  ( 0.000000000000000000, 1.000000000000000000, 0.000000000000000000 ) ) ;
#5068 = ORIENTED_EDGE ( 'NONE', *, *, #5228, .F. ) ;
#5069 = CARTESIAN_POINT ( 'NONE',  ( -15.99999999999992362, 3.000000000000000000, -2.250000000000007994 ) ) ;
#5070 = DIRECTION ( 'NONE',  ( 0.000000000000000000, 1.000000000000000000, 0.000000000000000000 ) ) ;
#5071 = CARTESIAN_POINT ( 'NONE',  ( 19.08551248218999419, 7.000000000000000000, 24.50000000000000355 ) ) ;
#5072 = EDGE_CURVE ( 'NONE', #2853, #5728, #4586, .T. ) ;
#5073 = EDGE_LOOP ( 'NONE', ( #661, #131, #5220, #4018 ) ) ;
#5074 = ORIENTED_EDGE ( 'NONE', *, *, #5165, .T. ) ;
#5075 = DIRECTION ( 'NONE',  ( -0.000000000000000000, 1.000000000000000000, -0.000000000000000000 ) ) ;
#5076 = CARTESIAN_POINT ( 'NONE',  ( -23.99999999999981171, 0.000000000000000000, 27.49999999999998579 ) ) ;
#5077 = CARTESIAN_POINT ( 'NONE',  ( -7.999999999999812594, 3.000000000000000000, 27.49999999999998579 ) ) ;
#5078 = VERTEX_POINT ( 'NONE', #2285 ) ;
#5079 = ORIENTED_EDGE ( 'NONE', *, *, #4562, .T. ) ;
#5080 = EDGE_CURVE ( 'NONE', #2005, #296, #2781, .T. ) ;
#5081 = CARTESIAN_POINT ( 'NONE',  ( -24.00000000000000711, 0.000000000000000000, -30.75000000000001421 ) ) ;
#5082 = EDGE_LOOP ( 'NONE', ( #1256, #5658 ) ) ;
#5083 = AXIS2_PLACEMENT_3D ( 'NONE', #1498, #639, #5353 ) ;
#5084 = DIRECTION ( 'NONE',  ( -0.000000000000000000, 1.000000000000000000, -0.000000000000000000 ) ) ;
#5085 = DIRECTION ( 'NONE',  ( 0.000000000000000000, 1.000000000000000000, 0.000000000000000000 ) ) ;
#5086 = CARTESIAN_POINT ( 'NONE',  ( -7.999999999999896083, 0.000000000000000000, 3.499999999999992895 ) ) ;
#5087 = ORIENTED_EDGE ( 'NONE', *, *, #1670, .T. ) ;
#5088 = DIRECTION ( 'NONE',  ( -0.000000000000000000, 1.000000000000000000, -0.000000000000000000 ) ) ;
#5089 = FACE_BOUND ( 'NONE', #3643, .T. ) ;
#5090 = AXIS2_PLACEMENT_3D ( 'NONE', #5489, #5105, #1230 ) ;
#5091 = DIRECTION ( 'NONE',  ( -0.000000000000000000, 1.000000000000000000, -0.000000000000000000 ) ) ;
#5092 = DIRECTION ( 'NONE',  ( 0.000000000000000000, 0.000000000000000000, 1.000000000000000000 ) ) ;
#5093 = EDGE_LOOP ( 'NONE', ( #4479, #1439, #1137, #3616 ) ) ;
#5094 = CARTESIAN_POINT ( 'NONE',  ( 40.00000000000018474, 0.000000000000000000, 27.49999999999998579 ) ) ;
#5095 = AXIS2_PLACEMENT_3D ( 'NONE', #4105, #4569, #3579 ) ;
#5096 = EDGE_CURVE ( 'NONE', #4698, #4437, #5155, .T. ) ;
#5097 = CARTESIAN_POINT ( 'NONE',  ( -39.00000000000000711, 3.000000000000000000, 27.00000000000000711 ) ) ;
#5098 = ORIENTED_EDGE ( 'NONE', *, *, #4856, .T. ) ;
#5099 = CARTESIAN_POINT ( 'NONE',  ( 7.632783294297951215E-14, 0.000000000000000000, -4.500000000000010658 ) ) ;
#5100 = CARTESIAN_POINT ( 'NONE',  ( 1.665334536937734811E-13, 0.000000000000000000, 21.74999999999999645 ) ) ;
#5101 = CARTESIAN_POINT ( 'NONE',  ( 32.00000000000008527, 0.000000000000000000, -4.500000000000010658 ) ) ;
#5102 = CIRCLE ( 'NONE', #2430, 2.250000000000001776 ) ;
#5103 = ORIENTED_EDGE ( 'NONE', *, *, #2107, .T. ) ;
#5104 = ORIENTED_EDGE ( 'NONE', *, *, #353, .T. ) ;
#5105 = DIRECTION ( 'NONE',  ( 0.000000000000000000, 1.000000000000000000, 0.000000000000000000 ) ) ;
#5106 = EDGE_CURVE ( 'NONE', #955, #6008, #6105, .T. ) ;
#5107 = VERTEX_POINT ( 'NONE', #3123 ) ;
#5108 = CARTESIAN_POINT ( 'NONE',  ( 2.081668171172168513E-14, 0.000000000000000000, -20.50000000000001066 ) ) ;
#5109 = FACE_OUTER_BOUND ( 'NONE', #3646, .T. ) ;
#5110 = CIRCLE ( 'NONE', #4605, 2.250000000000002665 ) ;
#5111 = ORIENTED_EDGE ( 'NONE', *, *, #157, .F. ) ;
#5112 = EDGE_LOOP ( 'NONE', ( #701, #177, #2267, #6005 ) ) ;
#5113 = EDGE_CURVE ( 'NONE', #3990, #5751, #5906, .T. ) ;
#5114 = CARTESIAN_POINT ( 'NONE',  ( 24.00000000000013145, 3.000000000000000000, 11.49999999999998579 ) ) ;
#5115 = EDGE_CURVE ( 'NONE', #4418, #5019, #211, .T. ) ;
#5116 = ORIENTED_EDGE ( 'NONE', *, *, #5966, .T. ) ;
#5117 = CARTESIAN_POINT ( 'NONE',  ( 24.00000000000004974, 0.000000000000000000, -10.25000000000000888 ) ) ;
#5118 = LINE ( 'NONE', #855, #3138 ) ;
#5119 = CARTESIAN_POINT ( 'NONE',  ( 19.08551248218999419, 7.000000000000000000, 22.00000000000000711 ) ) ;
#5120 = ORIENTED_EDGE ( 'NONE', *, *, #2957, .F. ) ;
#5121 = CIRCLE ( 'NONE', #1734, 2.250000000000001776 ) ;
#5122 = EDGE_CURVE ( 'NONE', #2453, #4364, #2316, .T. ) ;
#5123 = ORIENTED_EDGE ( 'NONE', *, *, #1670, .F. ) ;
#5124 = ORIENTED_EDGE ( 'NONE', *, *, #4223, .T. ) ;
#5125 = ORIENTED_EDGE ( 'NONE', *, *, #4154, .F. ) ;
#5126 = VECTOR ( 'NONE', #2305, 1000.000000000000000 ) ;
#5127 = CARTESIAN_POINT ( 'NONE',  ( 40.00000000000002132, 0.000000000000000000, -18.25000000000001421 ) ) ;
#5128 = CARTESIAN_POINT ( 'NONE',  ( 1.387778780781445676E-13, 3.000000000000000000, 11.49999999999998579 ) ) ;
#5129 = CARTESIAN_POINT ( 'NONE',  ( 19.08551248218999419, 3.000000000000000000, 24.50000000000000355 ) ) ;
#5130 = ORIENTED_EDGE ( 'NONE', *, *, #540, .T. ) ;
#5131 = AXIS2_PLACEMENT_3D ( 'NONE', #5129, #416, #354 ) ;
#5132 = FACE_BOUND ( 'NONE', #721, .T. ) ;
#5133 = CIRCLE ( 'NONE', #4336, 2.250000000000002665 ) ;
#5134 = AXIS2_PLACEMENT_3D ( 'NONE', #3815, #5605, #5314 ) ;
#5135 = CYLINDRICAL_SURFACE ( 'NONE', #5561, 2.250000000000001776 ) ;
#5136 = VERTEX_POINT ( 'NONE', #2222 ) ;
#5137 = CARTESIAN_POINT ( 'NONE',  ( 24.00000000000004974, 0.000000000000000000, -12.50000000000001066 ) ) ;
#5138 = CIRCLE ( 'NONE', #5441, 2.250000000000001776 ) ;
#5139 = DIRECTION ( 'NONE',  ( -0.000000000000000000, -1.000000000000000000, -0.000000000000000000 ) ) ;
#5140 = DIRECTION ( 'NONE',  ( -0.000000000000000000, 1.000000000000000000, -0.000000000000000000 ) ) ;
#5141 = VECTOR ( 'NONE', #4203, 1000.000000000000000 ) ;
#5142 = CIRCLE ( 'NONE', #5952, 2.250000000000002665 ) ;
#5143 = VERTEX_POINT ( 'NONE', #1458 ) ;
#5144 = CARTESIAN_POINT ( 'NONE',  ( -23.99999999999995026, 3.000000000000000000, -14.75000000000001243 ) ) ;
#5145 = ORIENTED_EDGE ( 'NONE', *, *, #5096, .F. ) ;
#5146 = DIRECTION ( 'NONE',  ( -0.000000000000000000, 1.000000000000000000, -0.000000000000000000 ) ) ;
#5147 = DIRECTION ( 'NONE',  ( -0.000000000000000000, -1.000000000000000000, -0.000000000000000000 ) ) ;
#5148 = ORIENTED_EDGE ( 'NONE', *, *, #2076, .T. ) ;
#5149 = ORIENTED_EDGE ( 'NONE', *, *, #5901, .T. ) ;
#5150 = CYLINDRICAL_SURFACE ( 'NONE', #2403, 2.250000000000001776 ) ;
#5151 = ADVANCED_FACE ( 'NONE', ( #1399 ), #4332, .F. ) ;
#5152 = ORIENTED_EDGE ( 'NONE', *, *, #730, .F. ) ;
#5153 = EDGE_CURVE ( 'NONE', #1070, #4080, #1228, .T. ) ;
#5154 = EDGE_CURVE ( 'NONE', #253, #980, #5807, .T. ) ;
#5155 = LINE ( 'NONE', #5117, #815 ) ;
#5156 = CARTESIAN_POINT ( 'NONE',  ( -41.99999999999999289, 0.000000000000000000, 32.50000000000000000 ) ) ;
#5157 = EDGE_LOOP ( 'NONE', ( #4737, #1405, #4839, #5327 ) ) ;
#5158 = CLOSED_SHELL ( 'NONE', ( #2529, #2755, #1393, #3533, #6132, #5581, #2426, #5029, #5032, #803, #264, #1180, #4580, #6013, #645, #1358, #4507, #2562, #805, #5539, #2664, #4907, #3705, #3854, #1821, #5967, #1948, #3321, #5151, #705, #4948, #4685, #4532, #3997, #3470, #5004, #3366, #4427, #2880, #3290, #541, #2117, #930, #2745, #4277, #200, #2192, #2180, #3853, #474, #6075, #1243, #2632, #4537, #3675, #1058, #2381, #2143, #3813, #1700, #5501, #3745, #662, #2535, #4874, #4015, #1651, #2984, #5827, #5921, #469, #507, #162, #1792, #1049, #4090, #5282, #5697, #111, #6162, #2246, #458, #4892, #4955, #3902, #2101, #3790, #2501, #973, #2215, #4989, #3546, #454, #5774, #3124, #2135, #4309, #5498, #3397, #3636, #767, #3869, #4083, #2224, #5584, #4599, #4696, #1204, #4612, #4400, #2486, #4448, #2749, #5187, #4734, #2590, #5315, #1546, #4241, #551, #5276, #5887, #3063, #6079, #4390, #4797, #2711, #6154, #4680, #2072, #235, #3694, #4957, #1210, #3092, #54, #3352, #4140, #40, #5227, #6042, #1171, #635, #2208, #3241, #4567, #2825, #3207, #3302, #841, #2893, #5869, #4276, #5918, #2821, #426, #4048, #4647, #2303, #4503, #5765, #1650, #4190, #5543, #4038, #1320, #2487, #3627, #1470, #2569, #1893, #2560 ) ) ;
#5159 = EDGE_CURVE ( 'NONE', #429, #5953, #1979, .T. ) ;
#5160 = ORIENTED_EDGE ( 'NONE', *, *, #155, .T. ) ;
#5161 = CIRCLE ( 'NONE', #579, 2.250000000000001776 ) ;
#5162 = EDGE_LOOP ( 'NONE', ( #4269, #4958 ) ) ;
#5163 = VERTEX_POINT ( 'NONE', #3750 ) ;
#5164 = DIRECTION ( 'NONE',  ( 0.000000000000000000, 1.000000000000000000, 0.000000000000000000 ) ) ;
#5165 = EDGE_CURVE ( 'NONE', #2091, #1573, #3103, .T. ) ;
#5166 = FACE_OUTER_BOUND ( 'NONE', #4543, .T. ) ;
#5167 = CIRCLE ( 'NONE', #2079, 2.250000000000001776 ) ;
#5168 = FACE_BOUND ( 'NONE', #6034, .T. ) ;
#5169 = FACE_OUTER_BOUND ( 'NONE', #486, .T. ) ;
#5170 = ORIENTED_EDGE ( 'NONE', *, *, #3481, .F. ) ;
#5171 = DIRECTION ( 'NONE',  ( -0.000000000000000000, 1.000000000000000000, -0.000000000000000000 ) ) ;
#5172 = AXIS2_PLACEMENT_3D ( 'NONE', #5756, #2780, #889 ) ;
#5173 = LINE ( 'NONE', #6121, #2217 ) ;
#5174 = DIRECTION ( 'NONE',  ( 0.000000000000000000, 0.000000000000000000, 1.000000000000000000 ) ) ;
#5175 = ORIENTED_EDGE ( 'NONE', *, *, #4844, .T. ) ;
#5176 = FACE_OUTER_BOUND ( 'NONE', #3415, .T. ) ;
#5177 = EDGE_LOOP ( 'NONE', ( #5148, #3476 ) ) ;
#5178 = CARTESIAN_POINT ( 'NONE',  ( 40.00000000000002132, 3.000000000000000000, -20.50000000000001421 ) ) ;
#5179 = DIRECTION ( 'NONE',  ( 0.000000000000000000, 0.000000000000000000, 1.000000000000000000 ) ) ;
#5180 = ORIENTED_EDGE ( 'NONE', *, *, #188, .F. ) ;
#5181 = ORIENTED_EDGE ( 'NONE', *, *, #1952, .T. ) ;
#5182 = CARTESIAN_POINT ( 'NONE',  ( 1.387778780781445676E-13, 3.000000000000000000, 13.74999999999998757 ) ) ;
#5183 = ORIENTED_EDGE ( 'NONE', *, *, #3291, .F. ) ;
#5184 = FACE_OUTER_BOUND ( 'NONE', #1955, .T. ) ;
#5185 = DIRECTION ( 'NONE',  ( -0.000000000000000000, 1.000000000000000000, -0.000000000000000000 ) ) ;
#5186 = DIRECTION ( 'NONE',  ( 0.000000000000000000, 0.000000000000000000, 1.000000000000000000 ) ) ;
#5187 = ADVANCED_FACE ( 'NONE', ( #1888 ), #3841, .F. ) ;
#5188 = CIRCLE ( 'NONE', #503, 2.250000000000002665 ) ;
#5189 = ORIENTED_EDGE ( 'NONE', *, *, #1014, .T. ) ;
#5190 = AXIS2_PLACEMENT_3D ( 'NONE', #3560, #4061, #1727 ) ;
#5191 = CIRCLE ( 'NONE', #1123, 2.250000000000001776 ) ;
#5192 = CIRCLE ( 'NONE', #3005, 2.250000000000001776 ) ;
#5193 = ORIENTED_EDGE ( 'NONE', *, *, #4308, .T. ) ;
#5194 = FACE_OUTER_BOUND ( 'NONE', #3262, .T. ) ;
#5195 = EDGE_CURVE ( 'NONE', #4344, #3400, #2443, .T. ) ;
#5196 = DIRECTION ( 'NONE',  ( -0.000000000000000000, 1.000000000000000000, -0.000000000000000000 ) ) ;
#5197 = VERTEX_POINT ( 'NONE', #1514 ) ;
#5198 = FACE_BOUND ( 'NONE', #3334, .T. ) ;
#5199 = EDGE_CURVE ( 'NONE', #5250, #2081, #5248, .T. ) ;
#5201 = ORIENTED_EDGE ( 'NONE', *, *, #1548, .T. ) ;
#5200 = VECTOR ( 'NONE', #5084, 1000.000000000000000 ) ;
#5202 = CARTESIAN_POINT ( 'NONE',  ( 40.00000000000018474, 0.000000000000000000, 27.49999999999998579 ) ) ;
#5203 = CARTESIAN_POINT ( 'NONE',  ( 32.00000000000017053, 0.000000000000000000, 19.49999999999999289 ) ) ;
#5204 = FACE_OUTER_BOUND ( 'NONE', #5975, .T. ) ;
#5205 = CIRCLE ( 'NONE', #415, 2.250000000000002665 ) ;
#5206 = VERTEX_POINT ( 'NONE', #5218 ) ;
#5207 = DIRECTION ( 'NONE',  ( -0.000000000000000000, 1.000000000000000000, -0.000000000000000000 ) ) ;
#5208 = ORIENTED_EDGE ( 'NONE', *, *, #5080, .F. ) ;
#5209 = EDGE_CURVE ( 'NONE', #4139, #3260, #4951, .T. ) ;
#5210 = DIRECTION ( 'NONE',  ( 0.000000000000000000, 0.000000000000000000, 1.000000000000000000 ) ) ;
#5211 = CARTESIAN_POINT ( 'NONE',  ( -24.00000000000000711, 3.000000000000000000, -28.50000000000001066 ) ) ;
#5212 = ORIENTED_EDGE ( 'NONE', *, *, #6004, .F. ) ;
#5213 = ORIENTED_EDGE ( 'NONE', *, *, #5858, .F. ) ;
#5214 = AXIS2_PLACEMENT_3D ( 'NONE', #4911, #2087, #5900 ) ;
#5215 = CARTESIAN_POINT ( 'NONE',  ( 40.00000000000018474, 0.000000000000000000, 29.74999999999998934 ) ) ;
#5216 = ORIENTED_EDGE ( 'NONE', *, *, #5027, .F. ) ;
#5217 = DIRECTION ( 'NONE',  ( 0.000000000000000000, 0.000000000000000000, 1.000000000000000000 ) ) ;
#5218 = CARTESIAN_POINT ( 'NONE',  ( 32.00000000000019185, 3.000000000000000000, 29.74999999999998934 ) ) ;
#5219 = CARTESIAN_POINT ( 'NONE',  ( -15.99999999999986855, 0.000000000000000000, 9.249999999999984013 ) ) ;
#5220 = ORIENTED_EDGE ( 'NONE', *, *, #3498, .T. ) ;
#5221 = CIRCLE ( 'NONE', #335, 2.250000000000001776 ) ;
#5222 = CYLINDRICAL_SURFACE ( 'NONE', #2365, 1.364499712793995734 ) ;
#5223 = EDGE_LOOP ( 'NONE', ( #2512, #2289, #934, #1310 ) ) ;
#5224 = FACE_OUTER_BOUND ( 'NONE', #1744, .T. ) ;
#5225 = ORIENTED_EDGE ( 'NONE', *, *, #5040, .F. ) ;
#5226 = FACE_BOUND ( 'NONE', #3665, .T. ) ;
#5227 = ADVANCED_FACE ( 'NONE', ( #1053 ), #4271, .F. ) ;
#5228 = EDGE_CURVE ( 'NONE', #1055, #2674, #569, .T. ) ;
#5229 = ORIENTED_EDGE ( 'NONE', *, *, #3714, .T. ) ;
#5230 = LINE ( 'NONE', #5772, #168 ) ;
#5231 = LINE ( 'NONE', #1772, #4589 ) ;
#5232 = CARTESIAN_POINT ( 'NONE',  ( 39.99999999999999289, 0.000000000000000000, -26.25000000000001421 ) ) ;
#5233 = CIRCLE ( 'NONE', #2353, 2.250000000000001776 ) ;
#5234 = ORIENTED_EDGE ( 'NONE', *, *, #1999, .T. ) ;
#5235 = AXIS2_PLACEMENT_3D ( 'NONE', #4439, #5508, #3131 ) ;
#5236 = DIRECTION ( 'NONE',  ( -0.000000000000000000, 1.000000000000000000, -0.000000000000000000 ) ) ;
#5237 = ORIENTED_EDGE ( 'NONE', *, *, #5782, .F. ) ;
#5238 = CARTESIAN_POINT ( 'NONE',  ( -7.999999999999812594, 0.000000000000000000, 27.49999999999998579 ) ) ;
#5239 = DIRECTION ( 'NONE',  ( -0.000000000000000000, -1.000000000000000000, -0.000000000000000000 ) ) ;
#5240 = EDGE_LOOP ( 'NONE', ( #3524, #1845 ) ) ;
#5241 = ORIENTED_EDGE ( 'NONE', *, *, #2824, .T. ) ;
#5242 = AXIS2_PLACEMENT_3D ( 'NONE', #2228, #4470, #4584 ) ;
#5243 = VECTOR ( 'NONE', #5945, 1000.000000000000000 ) ;
#5244 = CARTESIAN_POINT ( 'NONE',  ( -15.99999999999997868, 0.000000000000000000, -20.50000000000001066 ) ) ;
#5245 = EDGE_CURVE ( 'NONE', #3405, #1371, #2271, .T. ) ;
#5246 = ORIENTED_EDGE ( 'NONE', *, *, #3659, .T. ) ;
#5247 = CARTESIAN_POINT ( 'NONE',  ( 8.000000000000047962, 0.000000000000000000, -10.25000000000000888 ) ) ;
#5248 = LINE ( 'NONE', #6165, #4752 ) ;
#5249 = DIRECTION ( 'NONE',  ( -0.000000000000000000, 1.000000000000000000, -0.000000000000000000 ) ) ;
#5250 = VERTEX_POINT ( 'NONE', #5307 ) ;
#5251 = DIRECTION ( 'NONE',  ( -0.000000000000000000, 1.000000000000000000, -0.000000000000000000 ) ) ;
#5252 = AXIS2_PLACEMENT_3D ( 'NONE', #2819, #6172, #4248 ) ;
#5253 = DIRECTION ( 'NONE',  ( -0.000000000000000000, 1.000000000000000000, -0.000000000000000000 ) ) ;
#5254 = VERTEX_POINT ( 'NONE', #3373 ) ;
#5255 = EDGE_CURVE ( 'NONE', #6119, #186, #3657, .T. ) ;
#5256 = LINE ( 'NONE', #2886, #3906 ) ;
#5257 = CIRCLE ( 'NONE', #3161, 2.250000000000001776 ) ;
#5258 = EDGE_CURVE ( 'NONE', #5646, #3211, #4758, .T. ) ;
#5259 = EDGE_LOOP ( 'NONE', ( #3785, #2001 ) ) ;
#5260 = VECTOR ( 'NONE', #3644, 1000.000000000000000 ) ;
#5261 = FACE_BOUND ( 'NONE', #1837, .T. ) ;
#5262 = VERTEX_POINT ( 'NONE', #1019 ) ;
#5263 = EDGE_CURVE ( 'NONE', #2290, #4966, #2878, .T. ) ;
#5264 = CARTESIAN_POINT ( 'NONE',  ( -23.99999999999995026, 0.000000000000000000, -10.25000000000000888 ) ) ;
#5265 = FACE_OUTER_BOUND ( 'NONE', #346, .T. ) ;
#5266 = AXIS2_PLACEMENT_3D ( 'NONE', #5491, #1232, #3117 ) ;
#5267 = CARTESIAN_POINT ( 'NONE',  ( 8.000000000000159872, 0.000000000000000000, 19.49999999999999289 ) ) ;
#5268 = EDGE_LOOP ( 'NONE', ( #5359, #2923 ) ) ;
#5269 = CARTESIAN_POINT ( 'NONE',  ( -31.99999999999984013, 0.000000000000000000, 19.49999999999999289 ) ) ;
#5270 = VERTEX_POINT ( 'NONE', #2906 ) ;
#5271 = VECTOR ( 'NONE', #1051, 1000.000000000000000 ) ;
#5272 = DIRECTION ( 'NONE',  ( -0.000000000000000000, 1.000000000000000000, -0.000000000000000000 ) ) ;
#5273 = DIRECTION ( 'NONE',  ( -0.000000000000000000, 1.000000000000000000, -0.000000000000000000 ) ) ;
#5274 = ORIENTED_EDGE ( 'NONE', *, *, #4463, .F. ) ;
#5275 = CARTESIAN_POINT ( 'NONE',  ( 8.000000000000076383, 0.000000000000000000, -4.500000000000010658 ) ) ;
#5276 = ADVANCED_FACE ( 'NONE', ( #2417 ), #4302, .F. ) ;
#5277 = EDGE_LOOP ( 'NONE', ( #1574, #4242, #2708, #4329 ) ) ;
#5278 = DIRECTION ( 'NONE',  ( 0.000000000000000000, 1.000000000000000000, 0.000000000000000000 ) ) ;
#5279 = DIRECTION ( 'NONE',  ( 0.000000000000000000, 1.000000000000000000, 0.000000000000000000 ) ) ;
#5280 = DIRECTION ( 'NONE',  ( -0.000000000000000000, 1.000000000000000000, -0.000000000000000000 ) ) ;
#5281 = ORIENTED_EDGE ( 'NONE', *, *, #3753, .T. ) ;
#5282 = ADVANCED_FACE ( 'NONE', ( #630 ), #3520, .T. ) ;
#5283 = DIRECTION ( 'NONE',  ( 0.000000000000000000, 0.000000000000000000, 1.000000000000000000 ) ) ;
#5284 = DIRECTION ( 'NONE',  ( 0.000000000000000000, 0.000000000000000000, 1.000000000000000000 ) ) ;
#5285 = ORIENTED_EDGE ( 'NONE', *, *, #3927, .T. ) ;
#5286 = CIRCLE ( 'NONE', #796, 2.250000000000001776 ) ;
#5287 = ORIENTED_EDGE ( 'NONE', *, *, #1061, .T. ) ;
#5288 = DIRECTION ( 'NONE',  ( -0.000000000000000000, 1.000000000000000000, -0.000000000000000000 ) ) ;
#5289 = VECTOR ( 'NONE', #5472, 1000.000000000000000 ) ;
#5290 = DIRECTION ( 'NONE',  ( -0.000000000000000000, -1.000000000000000000, -0.000000000000000000 ) ) ;
#5291 = ORIENTED_EDGE ( 'NONE', *, *, #3127, .T. ) ;
#5292 = CIRCLE ( 'NONE', #5700, 2.250000000000001776 ) ;
#5293 = DIRECTION ( 'NONE',  ( 0.000000000000000000, 1.000000000000000000, 0.000000000000000000 ) ) ;
#5294 = DIRECTION ( 'NONE',  ( 0.000000000000000000, 1.000000000000000000, 0.000000000000000000 ) ) ;
#5295 = CARTESIAN_POINT ( 'NONE',  ( -39.99999999999987210, 3.000000000000000000, 13.74999999999998757 ) ) ;
#5296 = ORIENTED_EDGE ( 'NONE', *, *, #5731, .T. ) ;
#5297 = CARTESIAN_POINT ( 'NONE',  ( 16.00000000000007816, 3.000000000000000000, -6.750000000000014211 ) ) ;
#5298 = STYLED_ITEM ( 'NONE', ( #1002 ), #5007 ) ;
#5299 = ORIENTED_EDGE ( 'NONE', *, *, #774, .T. ) ;
#5300 = DIRECTION ( 'NONE',  ( 0.000000000000000000, 0.000000000000000000, 1.000000000000000000 ) ) ;
#5301 = DIRECTION ( 'NONE',  ( -0.000000000000000000, 1.000000000000000000, -0.000000000000000000 ) ) ;
#5302 = VERTEX_POINT ( 'NONE', #213 ) ;
#5303 = CARTESIAN_POINT ( 'NONE',  ( -39.00000000000000711, 0.000000000000000000, -24.49999999999999289 ) ) ;
#5304 = AXIS2_PLACEMENT_3D ( 'NONE', #4480, #5070, #269 ) ;
#5305 = ORIENTED_EDGE ( 'NONE', *, *, #5509, .T. ) ;
#5306 = CYLINDRICAL_SURFACE ( 'NONE', #592, 2.250000000000001776 ) ;
#5307 = CARTESIAN_POINT ( 'NONE',  ( 1.945645748392105297E-13, 0.000000000000000000, 25.24999999999998579 ) ) ;
#5308 = DIRECTION ( 'NONE',  ( 0.000000000000000000, 0.000000000000000000, 1.000000000000000000 ) ) ;
#5309 = VECTOR ( 'NONE', #3452, 1000.000000000000000 ) ;
#5310 = EDGE_CURVE ( 'NONE', #5050, #1667, #479, .T. ) ;
#5311 = ORIENTED_EDGE ( 'NONE', *, *, #2374, .F. ) ;
#5312 = EDGE_CURVE ( 'NONE', #1778, #249, #1172, .T. ) ;
#5313 = ORIENTED_EDGE ( 'NONE', *, *, #3127, .F. ) ;
#5314 = DIRECTION ( 'NONE',  ( 0.000000000000000000, 0.000000000000000000, 1.000000000000000000 ) ) ;
#5315 = ADVANCED_FACE ( 'NONE', ( #5939 ), #1202, .F. ) ;
#5316 = CIRCLE ( 'NONE', #1637, 2.250000000000001776 ) ;
#5317 = DIRECTION ( 'NONE',  ( 0.000000000000000000, 1.000000000000000000, 0.000000000000000000 ) ) ;
#5318 = ORIENTED_EDGE ( 'NONE', *, *, #2713, .T. ) ;
#5319 = EDGE_CURVE ( 'NONE', #2284, #4219, #3766, .T. ) ;
#5320 = ORIENTED_EDGE ( 'NONE', *, *, #4606, .T. ) ;
#5321 = FACE_OUTER_BOUND ( 'NONE', #4513, .T. ) ;
#5322 = DIRECTION ( 'NONE',  ( -0.000000000000000000, 1.000000000000000000, -0.000000000000000000 ) ) ;
#5323 = EDGE_LOOP ( 'NONE', ( #1644, #1298, #5555, #2866 ) ) ;
#5324 = CARTESIAN_POINT ( 'NONE',  ( 32.00000000000005684, 3.000000000000000000, -14.75000000000001243 ) ) ;
#5325 = DIRECTION ( 'NONE',  ( -0.000000000000000000, 1.000000000000000000, -0.000000000000000000 ) ) ;
#5326 = FACE_OUTER_BOUND ( 'NONE', #1046, .T. ) ;
#5327 = ORIENTED_EDGE ( 'NONE', *, *, #3156, .F. ) ;
#5328 = ORIENTED_EDGE ( 'NONE', *, *, #4648, .T. ) ;
#5329 = CARTESIAN_POINT ( 'NONE',  ( 40.00000000000016342, 0.000000000000000000, 19.49999999999998579 ) ) ;
#5330 = EDGE_LOOP ( 'NONE', ( #3011, #3469 ) ) ;
#5331 = CARTESIAN_POINT ( 'NONE',  ( -32.00000000000000000, 0.000000000000000000, -28.50000000000000711 ) ) ;
#5332 = DIRECTION ( 'NONE',  ( 0.000000000000000000, 0.000000000000000000, 1.000000000000000000 ) ) ;
#5333 = VERTEX_POINT ( 'NONE', #1083 ) ;
#5334 = AXIS2_PLACEMENT_3D ( 'NONE', #6091, #3887, #3945 ) ;
#5335 = DIRECTION ( 'NONE',  ( -0.000000000000000000, 1.000000000000000000, -0.000000000000000000 ) ) ;
#5336 = ORIENTED_EDGE ( 'NONE', *, *, #1518, .T. ) ;
#5337 = CARTESIAN_POINT ( 'NONE',  ( 7.999999999999992895, 3.000000000000000000, -28.50000000000001066 ) ) ;
#5338 = AXIS2_PLACEMENT_3D ( 'NONE', #4940, #673, #4558 ) ;
#5339 = CARTESIAN_POINT ( 'NONE',  ( -31.99999999999997868, 0.000000000000000000, -22.75000000000001421 ) ) ;
#5340 = CARTESIAN_POINT ( 'NONE',  ( -39.00000000000000711, 0.000000000000000000, 25.86449971279400373 ) ) ;
#5341 = EDGE_LOOP ( 'NONE', ( #2185, #1062 ) ) ;
#5342 = VECTOR ( 'NONE', #1101, 1000.000000000000000 ) ;
#5343 = EDGE_LOOP ( 'NONE', ( #2439, #919 ) ) ;
#5344 = EDGE_CURVE ( 'NONE', #4266, #4313, #5880, .T. ) ;
#5345 = AXIS2_PLACEMENT_3D ( 'NONE', #1870, #423, #6144 ) ;
#5346 = DIRECTION ( 'NONE',  ( 0.000000000000000000, 0.000000000000000000, 1.000000000000000000 ) ) ;
#5347 = EDGE_CURVE ( 'NONE', #4766, #4458, #3899, .T. ) ;
#5348 = DIRECTION ( 'NONE',  ( 0.000000000000000000, 0.000000000000000000, 1.000000000000000000 ) ) ;
#5349 = VERTEX_POINT ( 'NONE', #2585 ) ;
#5350 = EDGE_CURVE ( 'NONE', #2837, #6031, #3459, .T. ) ;
#5351 = ORIENTED_EDGE ( 'NONE', *, *, #5739, .T. ) ;
#5352 = DIRECTION ( 'NONE',  ( 0.000000000000000000, 0.000000000000000000, 1.000000000000000000 ) ) ;
#5353 = DIRECTION ( 'NONE',  ( 0.000000000000000000, 0.000000000000000000, 1.000000000000000000 ) ) ;
#5354 = ORIENTED_EDGE ( 'NONE', *, *, #4768, .T. ) ;
#5355 = CARTESIAN_POINT ( 'NONE',  ( -24.00000000000000711, 0.000000000000000000, -26.25000000000001066 ) ) ;
#5356 = EDGE_CURVE ( 'NONE', #429, #3740, #2171, .T. ) ;
#5357 = DIRECTION ( 'NONE',  ( 0.000000000000000000, 0.000000000000000000, 1.000000000000000000 ) ) ;
#5358 = CARTESIAN_POINT ( 'NONE',  ( -23.99999999999986855, 0.000000000000000000, 13.74999999999998757 ) ) ;
#5359 = ORIENTED_EDGE ( 'NONE', *, *, #3962, .F. ) ;
#5360 = CARTESIAN_POINT ( 'NONE',  ( -15.99999999999986855, 0.000000000000000000, 11.49999999999998579 ) ) ;
#5361 = CARTESIAN_POINT ( 'NONE',  ( -39.00000000000000711, 7.000000000000000000, 24.50000000000000355 ) ) ;
#5362 = DIRECTION ( 'NONE',  ( 1.000000000000000000, 0.000000000000000000, 0.000000000000000000 ) ) ;
#5363 = ORIENTED_EDGE ( 'NONE', *, *, #4743, .F. ) ;
#5364 = DIRECTION ( 'NONE',  ( 0.000000000000000000, 0.000000000000000000, 1.000000000000000000 ) ) ;
#5365 = AXIS2_PLACEMENT_3D ( 'NONE', #4078, #5016, #1718 ) ;
#5366 = ORIENTED_EDGE ( 'NONE', *, *, #3585, .T. ) ;
#5367 = CARTESIAN_POINT ( 'NONE',  ( -15.99999999999997868, 0.000000000000000000, -18.25000000000001066 ) ) ;
#5368 = DIRECTION ( 'NONE',  ( -0.000000000000000000, -1.000000000000000000, -0.000000000000000000 ) ) ;
#5369 = CARTESIAN_POINT ( 'NONE',  ( -7.999999999999840128, 0.000000000000000000, 19.49999999999999289 ) ) ;
#5370 = EDGE_LOOP ( 'NONE', ( #4859, #1783, #5058, #4182 ) ) ;
#5371 = ORIENTED_EDGE ( 'NONE', *, *, #5386, .T. ) ;
#5372 = AXIS2_PLACEMENT_3D ( 'NONE', #676, #3020, #118 ) ;
#5373 = FACE_OUTER_BOUND ( 'NONE', #4889, .T. ) ;
#5374 = ORIENTED_EDGE ( 'NONE', *, *, #1308, .T. ) ;
#5375 = EDGE_CURVE ( 'NONE', #2059, #1581, #3465, .T. ) ;
#5376 = LINE ( 'NONE', #2481, #4284 ) ;
#5377 = ORIENTED_EDGE ( 'NONE', *, *, #2912, .T. ) ;
#5378 = ORIENTED_EDGE ( 'NONE', *, *, #4808, .F. ) ;
#5379 = CARTESIAN_POINT ( 'NONE',  ( -39.00000000000000711, 7.000000000000000000, -24.49999999999999289 ) ) ;
#5380 = ORIENTED_EDGE ( 'NONE', *, *, #2783, .F. ) ;
#5381 = DIRECTION ( 'NONE',  ( 0.000000000000000000, 0.000000000000000000, 1.000000000000000000 ) ) ;
#5382 = VECTOR ( 'NONE', #2839, 1000.000000000000000 ) ;
#5383 = EDGE_CURVE ( 'NONE', #8, #5107, #2039, .T. ) ;
#5384 = CYLINDRICAL_SURFACE ( 'NONE', #2247, 2.250000000000001776 ) ;
#5385 = CYLINDRICAL_SURFACE ( 'NONE', #3342, 2.999999999999999112 ) ;
#5386 = EDGE_CURVE ( 'NONE', #2360, #4437, #1681, .T. ) ;
#5387 = VECTOR ( 'NONE', #728, 1000.000000000000000 ) ;
#5388 = VECTOR ( 'NONE', #373, 1000.000000000000000 ) ;
#5389 = EDGE_CURVE ( 'NONE', #1322, #5163, #2479, .T. ) ;
#5390 = CARTESIAN_POINT ( 'NONE',  ( 40.00000000000010658, 3.000000000000000000, 1.249999999999982903 ) ) ;
#5391 = CARTESIAN_POINT ( 'NONE',  ( 16.00000000000013145, 0.000000000000000000, 11.49999999999998579 ) ) ;
#5392 = DIRECTION ( 'NONE',  ( 0.000000000000000000, 0.000000000000000000, 1.000000000000000000 ) ) ;
#5393 = ORIENTED_EDGE ( 'NONE', *, *, #4616, .T. ) ;
#5394 = DIRECTION ( 'NONE',  ( 0.000000000000000000, 0.000000000000000000, 1.000000000000000000 ) ) ;
#5395 = EDGE_CURVE ( 'NONE', #1989, #3120, #5462, .T. ) ;
#5396 = ORIENTED_EDGE ( 'NONE', *, *, #4055, .F. ) ;
#5397 = DIRECTION ( 'NONE',  ( 0.000000000000000000, 1.000000000000000000, 0.000000000000000000 ) ) ;
#5398 = CARTESIAN_POINT ( 'NONE',  ( -16.00000000000000711, 0.000000000000000000, -28.50000000000001066 ) ) ;
#5399 = CARTESIAN_POINT ( 'NONE',  ( -23.99999999999986855, 0.000000000000000000, 9.249999999999984013 ) ) ;
#5400 = EDGE_LOOP ( 'NONE', ( #1419, #2194, #5124, #1235 ) ) ;
#5401 = EDGE_LOOP ( 'NONE', ( #101, #2482, #3263, #4772 ) ) ;
#5402 = VERTEX_POINT ( 'NONE', #3925 ) ;
#5403 = AXIS2_PLACEMENT_3D ( 'NONE', #108, #726, #2888 ) ;
#5404 = CARTESIAN_POINT ( 'NONE',  ( -23.99999999999995026, 0.000000000000000000, -14.75000000000001243 ) ) ;
#5405 = AXIS2_PLACEMENT_3D ( 'NONE', #302, #716, #2616 ) ;
#5406 = CYLINDRICAL_SURFACE ( 'NONE', #6003, 2.250000000000002665 ) ;
#5407 = EDGE_LOOP ( 'NONE', ( #5103, #2097 ) ) ;
#5408 = VECTOR ( 'NONE', #5420, 1000.000000000000000 ) ;
#5409 = ORIENTED_EDGE ( 'NONE', *, *, #727, .F. ) ;
#5410 = CIRCLE ( 'NONE', #4904, 2.250000000000001776 ) ;
#5411 = DIRECTION ( 'NONE',  ( 0.000000000000000000, -0.000000000000000000, 1.000000000000000000 ) ) ;
#5412 = ORIENTED_EDGE ( 'NONE', *, *, #4055, .T. ) ;
#5413 = DIRECTION ( 'NONE',  ( 0.000000000000000000, 0.000000000000000000, 1.000000000000000000 ) ) ;
#5414 = DIRECTION ( 'NONE',  ( 0.000000000000000000, 0.000000000000000000, 1.000000000000000000 ) ) ;
#5415 = EDGE_CURVE ( 'NONE', #3640, #4471, #1096, .T. ) ;
#5416 = CARTESIAN_POINT ( 'NONE',  ( 19.08551248218999419, 3.000000000000000000, -24.49999999999999289 ) ) ;
#5417 = EDGE_CURVE ( 'NONE', #6096, #3990, #5851, .T. ) ;
#5418 = EDGE_CURVE ( 'NONE', #1638, #4027, #5875, .T. ) ;
#5419 = ORIENTED_EDGE ( 'NONE', *, *, #6032, .F. ) ;
#5420 = DIRECTION ( 'NONE',  ( -0.000000000000000000, 1.000000000000000000, -0.000000000000000000 ) ) ;
#5421 = CARTESIAN_POINT ( 'NONE',  ( 40.00000000000007816, 0.000000000000000000, -4.500000000000014211 ) ) ;
#5422 = CARTESIAN_POINT ( 'NONE',  ( -8.000000000000007105, 3.000000000000000000, -26.25000000000001066 ) ) ;
#5423 = ORIENTED_EDGE ( 'NONE', *, *, #3171, .F. ) ;
#5424 = CARTESIAN_POINT ( 'NONE',  ( 45.00000000000000000, 3.000000000000000000, 29.49999999999998934 ) ) ;
#5425 = VECTOR ( 'NONE', #473, 1000.000000000000000 ) ;
#5426 = CARTESIAN_POINT ( 'NONE',  ( -31.99999999999995381, 0.000000000000000000, -14.75000000000001243 ) ) ;
#5427 = ORIENTED_EDGE ( 'NONE', *, *, #2858, .T. ) ;
#5428 = DIRECTION ( 'NONE',  ( 0.000000000000000000, 0.000000000000000000, 1.000000000000000000 ) ) ;
#5429 = DIRECTION ( 'NONE',  ( 0.000000000000000000, 1.000000000000000000, 0.000000000000000000 ) ) ;
#5430 = DIRECTION ( 'NONE',  ( 0.000000000000000000, 1.000000000000000000, 0.000000000000000000 ) ) ;
#5431 = AXIS2_PLACEMENT_3D ( 'NONE', #1996, #2434, #4352 ) ;
#5432 = ORIENTED_EDGE ( 'NONE', *, *, #2227, .F. ) ;
#5433 = ORIENTED_EDGE ( 'NONE', *, *, #3437, .F. ) ;
#5434 = ORIENTED_EDGE ( 'NONE', *, *, #574, .F. ) ;
#5435 = EDGE_CURVE ( 'NONE', #2965, #453, #1291, .T. ) ;
#5436 = CIRCLE ( 'NONE', #2841, 2.999999999999999112 ) ;
#5437 = DIRECTION ( 'NONE',  ( 0.000000000000000000, 0.000000000000000000, 1.000000000000000000 ) ) ;
#5438 = AXIS2_PLACEMENT_3D ( 'NONE', #1798, #1927, #3791 ) ;
#5439 = CIRCLE ( 'NONE', #3639, 2.250000000000001776 ) ;
#5440 = AXIS2_PLACEMENT_3D ( 'NONE', #6106, #5788, #5308 ) ;
#5441 = AXIS2_PLACEMENT_3D ( 'NONE', #3703, #4721, #2829 ) ;
#5442 = CARTESIAN_POINT ( 'NONE',  ( -23.99999999999984013, 0.000000000000000000, 19.49999999999999289 ) ) ;
#5443 = AXIS2_PLACEMENT_3D ( 'NONE', #3100, #288, #2196 ) ;
#5444 = AXIS2_PLACEMENT_3D ( 'NONE', #636, #4871, #4428 ) ;
#5445 = EDGE_LOOP ( 'NONE', ( #1200, #159, #2048, #470 ) ) ;
#5446 = DIRECTION ( 'NONE',  ( -0.000000000000000000, 1.000000000000000000, -0.000000000000000000 ) ) ;
#5447 = EDGE_LOOP ( 'NONE', ( #3393, #3721, #5285, #3114 ) ) ;
#5448 = FACE_BOUND ( 'NONE', #4407, .T. ) ;
#5449 = CYLINDRICAL_SURFACE ( 'NONE', #150, 2.250000000000001776 ) ;
#5450 = LINE ( 'NONE', #1190, #5641 ) ;
#5451 = AXIS2_PLACEMENT_3D ( 'NONE', #670, #2574, #4472 ) ;
#5452 = FACE_BOUND ( 'NONE', #3145, .T. ) ;
#5453 = EDGE_CURVE ( 'NONE', #1517, #2078, #4453, .T. ) ;
#5454 = CARTESIAN_POINT ( 'NONE',  ( 1.390534236079527027E-13, 0.000000000000000000, 9.249999999999984013 ) ) ;
#5455 = DIRECTION ( 'NONE',  ( -0.000000000000000000, 1.000000000000000000, -0.000000000000000000 ) ) ;
#5456 = ORIENTED_EDGE ( 'NONE', *, *, #340, .T. ) ;
#5457 = DIRECTION ( 'NONE',  ( 0.000000000000000000, -1.000000000000000000, 0.000000000000000000 ) ) ;
#5458 = CARTESIAN_POINT ( 'NONE',  ( 8.000000000000047962, 3.000000000000000000, -14.75000000000001243 ) ) ;
#5459 = VECTOR ( 'NONE', #4073, 1000.000000000000000 ) ;
#5460 = ORIENTED_EDGE ( 'NONE', *, *, #2627, .F. ) ;
#5461 = FACE_OUTER_BOUND ( 'NONE', #4935, .T. ) ;
#5462 = LINE ( 'NONE', #4985, #1582 ) ;
#5463 = DIRECTION ( 'NONE',  ( 0.000000000000000000, 1.000000000000000000, 0.000000000000000000 ) ) ;
#5464 = EDGE_LOOP ( 'NONE', ( #1811, #6111 ) ) ;
#5465 = EDGE_LOOP ( 'NONE', ( #4065, #3768, #3444, #4645 ) ) ;
#5466 = EDGE_CURVE ( 'NONE', #4864, #6096, #3066, .T. ) ;
#5467 = LINE ( 'NONE', #784, #5388 ) ;
#5468 = AXIS2_PLACEMENT_3D ( 'NONE', #2467, #3540, #2496 ) ;
#5469 = VERTEX_POINT ( 'NONE', #4106 ) ;
#5470 = EDGE_CURVE ( 'NONE', #549, #5050, #880, .T. ) ;
#5471 = DIRECTION ( 'NONE',  ( 0.000000000000000000, 1.000000000000000000, 0.000000000000000000 ) ) ;
#5472 = DIRECTION ( 'NONE',  ( -0.000000000000000000, 1.000000000000000000, -0.000000000000000000 ) ) ;
#5473 = ORIENTED_EDGE ( 'NONE', *, *, #2909, .F. ) ;
#5474 = ORIENTED_EDGE ( 'NONE', *, *, #2269, .F. ) ;
#5475 = CARTESIAN_POINT ( 'NONE',  ( 40.00000000000007816, 0.000000000000000000, -6.750000000000016875 ) ) ;
#5476 = ORIENTED_EDGE ( 'NONE', *, *, #3481, .T. ) ;
#5477 = FACE_BOUND ( 'NONE', #5464, .T. ) ;
#5478 = CARTESIAN_POINT ( 'NONE',  ( -39.00000000000000711, 7.000000000000000000, -24.49999999999999289 ) ) ;
#5479 = CARTESIAN_POINT ( 'NONE',  ( 40.00000000000010658, 0.000000000000000000, 5.749999999999988454 ) ) ;
#5480 = FACE_BOUND ( 'NONE', #6175, .T. ) ;
#5481 = AXIS2_PLACEMENT_3D ( 'NONE', #241, #3142, #1254 ) ;
#5482 = DIRECTION ( 'NONE',  ( 0.000000000000000000, 0.000000000000000000, 1.000000000000000000 ) ) ;
#5483 = CARTESIAN_POINT ( 'NONE',  ( -24.99999999999999645, 2.000000000000000000, 7.500000000000007105 ) ) ;
#5484 = CARTESIAN_POINT ( 'NONE',  ( 7.999999999999992895, 3.000000000000000000, -30.75000000000001421 ) ) ;
#5485 = CARTESIAN_POINT ( 'NONE',  ( -6.938893903907228378E-15, 0.000000000000000000, -26.25000000000001066 ) ) ;
#5486 = AXIS2_PLACEMENT_3D ( 'NONE', #4432, #70, #4372 ) ;
#5487 = AXIS2_PLACEMENT_3D ( 'NONE', #2122, #6058, #5583 ) ;
#5488 = EDGE_LOOP ( 'NONE', ( #402, #5181, #2415, #497 ) ) ;
#5489 = CARTESIAN_POINT ( 'NONE',  ( -23.99999999999986855, 0.000000000000000000, 11.49999999999998579 ) ) ;
#5490 = ORIENTED_EDGE ( 'NONE', *, *, #1126, .T. ) ;
#5491 = CARTESIAN_POINT ( 'NONE',  ( 16.00000000000004974, 0.000000000000000000, -12.50000000000001066 ) ) ;
#5492 = CARTESIAN_POINT ( 'NONE',  ( 1.665334536937734811E-13, 0.000000000000000000, 21.74999999999999645 ) ) ;
#5493 = VERTEX_POINT ( 'NONE', #333 ) ;
#5494 = ORIENTED_EDGE ( 'NONE', *, *, #515, .T. ) ;
#5495 = DIRECTION ( 'NONE',  ( -0.000000000000000000, 1.000000000000000000, -0.000000000000000000 ) ) ;
#5496 = ORIENTED_EDGE ( 'NONE', *, *, #3782, .T. ) ;
#5497 = EDGE_CURVE ( 'NONE', #6142, #195, #4150, .T. ) ;
#5498 = ADVANCED_FACE ( 'NONE', ( #2677 ), #846, .F. ) ;
#5499 = DIRECTION ( 'NONE',  ( 0.000000000000000000, 1.000000000000000000, 0.000000000000000000 ) ) ;
#5500 = AXIS2_PLACEMENT_3D ( 'NONE', #580, #4375, #2920 ) ;
#5501 = ADVANCED_FACE ( 'NONE', ( #1325 ), #810, .F. ) ;
#5502 = CYLINDRICAL_SURFACE ( 'NONE', #2197, 2.250000000000001776 ) ;
#5503 = ORIENTED_EDGE ( 'NONE', *, *, #1360, .F. ) ;
#5504 = CIRCLE ( 'NONE', #2607, 2.250000000000002665 ) ;
#5505 = DIRECTION ( 'NONE',  ( -0.000000000000000000, 1.000000000000000000, -0.000000000000000000 ) ) ;
#5506 = EDGE_LOOP ( 'NONE', ( #1720, #4193, #4109, #877 ) ) ;
#5507 = FACE_BOUND ( 'NONE', #6103, .T. ) ;
#5508 = DIRECTION ( 'NONE',  ( 0.000000000000000000, 1.000000000000000000, 0.000000000000000000 ) ) ;
#5509 = EDGE_CURVE ( 'NONE', #3323, #3213, #2767, .T. ) ;
#5510 = DIRECTION ( 'NONE',  ( 0.000000000000000000, 0.000000000000000000, 1.000000000000000000 ) ) ;
#5511 = CYLINDRICAL_SURFACE ( 'NONE', #1632, 2.250000000000001776 ) ;
#5512 = DIRECTION ( 'NONE',  ( 0.000000000000000000, 1.000000000000000000, 0.000000000000000000 ) ) ;
#5513 = DIRECTION ( 'NONE',  ( 0.000000000000000000, 0.000000000000000000, 1.000000000000000000 ) ) ;
#5514 = AXIS2_PLACEMENT_3D ( 'NONE', #2408, #5273, #3835 ) ;
#5515 = CARTESIAN_POINT ( 'NONE',  ( 32.00000000000000000, 0.000000000000000000, -28.50000000000001066 ) ) ;
#5516 = DIRECTION ( 'NONE',  ( -0.000000000000000000, 1.000000000000000000, -0.000000000000000000 ) ) ;
#5517 = EDGE_LOOP ( 'NONE', ( #2816, #3101 ) ) ;
#5518 = FACE_OUTER_BOUND ( 'NONE', #5831, .T. ) ;
#5519 = EDGE_LOOP ( 'NONE', ( #274, #669 ) ) ;
#5520 = DIRECTION ( 'NONE',  ( 0.000000000000000000, 0.000000000000000000, 1.000000000000000000 ) ) ;
#5521 = CARTESIAN_POINT ( 'NONE',  ( 16.00000000000004974, 3.000000000000000000, -14.75000000000001243 ) ) ;
#5522 = CIRCLE ( 'NONE', #3829, 2.250000000000001776 ) ;
#5523 = EDGE_LOOP ( 'NONE', ( #2508, #6012, #2536, #3808 ) ) ;
#5524 = ORIENTED_EDGE ( 'NONE', *, *, #2076, .F. ) ;
#5525 = CYLINDRICAL_SURFACE ( 'NONE', #4578, 2.250000000000001776 ) ;
#5526 = EDGE_LOOP ( 'NONE', ( #4405, #5246 ) ) ;
#5527 = DIRECTION ( 'NONE',  ( 0.000000000000000000, 0.000000000000000000, 1.000000000000000000 ) ) ;
#5528 = EDGE_CURVE ( 'NONE', #2962, #782, #4361, .T. ) ;
#5529 = CIRCLE ( 'NONE', #4328, 2.250000000000001776 ) ;
#5530 = FACE_OUTER_BOUND ( 'NONE', #2808, .T. ) ;
#5531 = ORIENTED_EDGE ( 'NONE', *, *, #319, .F. ) ;
#5532 = AXIS2_PLACEMENT_3D ( 'NONE', #5680, #1414, #3304 ) ;
#5533 = EDGE_CURVE ( 'NONE', #6073, #628, #5161, .T. ) ;
#5534 = DIRECTION ( 'NONE',  ( 0.000000000000000000, 1.000000000000000000, 0.000000000000000000 ) ) ;
#5535 = DIRECTION ( 'NONE',  ( 0.000000000000000000, 1.000000000000000000, 0.000000000000000000 ) ) ;
#5536 = CIRCLE ( 'NONE', #1561, 2.250000000000001776 ) ;
#5537 = CIRCLE ( 'NONE', #1266, 2.250000000000001776 ) ;
#5538 = LINE ( 'NONE', #1276, #5745 ) ;
#5539 = ADVANCED_FACE ( 'NONE', ( #4603 ), #1693, .F. ) ;
#5540 = DIRECTION ( 'NONE',  ( 0.000000000000000000, 1.000000000000000000, 0.000000000000000000 ) ) ;
#5541 = VECTOR ( 'NONE', #881, 1000.000000000000000 ) ;
#5542 = DIRECTION ( 'NONE',  ( 0.000000000000000000, 1.000000000000000000, 0.000000000000000000 ) ) ;
#5543 = ADVANCED_FACE ( 'NONE', ( #3679 ), #6001, .F. ) ;
#5544 = CARTESIAN_POINT ( 'NONE',  ( 1.387778780781445676E-13, 0.000000000000000000, 13.74999999999998757 ) ) ;
#5545 = EDGE_LOOP ( 'NONE', ( #1828, #5771 ) ) ;
#5546 = CARTESIAN_POINT ( 'NONE',  ( -7.999999999999896083, 3.000000000000000000, 3.499999999999992895 ) ) ;
#5547 = LINE ( 'NONE', #6057, #3995 ) ;
#5548 = DIRECTION ( 'NONE',  ( 0.000000000000000000, 0.000000000000000000, 1.000000000000000000 ) ) ;
#5549 = ORIENTED_EDGE ( 'NONE', *, *, #2179, .T. ) ;
#5550 = ORIENTED_EDGE ( 'NONE', *, *, #1398, .F. ) ;
#5551 = AXIS2_PLACEMENT_3D ( 'NONE', #1372, #5164, #3293 ) ;
#5552 = CARTESIAN_POINT ( 'NONE',  ( -15.99999999999992362, 0.000000000000000000, -4.500000000000010658 ) ) ;
#5553 = CARTESIAN_POINT ( 'NONE',  ( -15.99999999999997868, 0.000000000000000000, -20.50000000000001066 ) ) ;
#5554 = CARTESIAN_POINT ( 'NONE',  ( 32.00000000000011369, 3.000000000000000000, 5.749999999999995559 ) ) ;
#5555 = ORIENTED_EDGE ( 'NONE', *, *, #438, .T. ) ;
#5556 = ORIENTED_EDGE ( 'NONE', *, *, #3833, .T. ) ;
#5557 = DIRECTION ( 'NONE',  ( 0.000000000000000000, 1.000000000000000000, 0.000000000000000000 ) ) ;
#5558 = AXIS2_PLACEMENT_3D ( 'NONE', #5202, #1839, #938 ) ;
#5559 = VECTOR ( 'NONE', #4866, 1000.000000000000000 ) ;
#5560 = VERTEX_POINT ( 'NONE', #3146 ) ;
#5561 = AXIS2_PLACEMENT_3D ( 'NONE', #3235, #5034, #3200 ) ;
#5562 = AXIS2_PLACEMENT_3D ( 'NONE', #1560, #139, #3012 ) ;
#5563 = CARTESIAN_POINT ( 'NONE',  ( -23.99999999999981171, 3.000000000000000000, 29.74999999999998934 ) ) ;
#5564 = CARTESIAN_POINT ( 'NONE',  ( -23.99999999999986855, 0.000000000000000000, 11.49999999999998579 ) ) ;
#5565 = CIRCLE ( 'NONE', #379, 2.250000000000001776 ) ;
#5566 = ORIENTED_EDGE ( 'NONE', *, *, #4154, .T. ) ;
#5567 = EDGE_CURVE ( 'NONE', #1777, #4682, #3666, .T. ) ;
#5568 = CIRCLE ( 'NONE', #2875, 2.499999999999998668 ) ;
#5569 = DIRECTION ( 'NONE',  ( 0.000000000000000000, 0.000000000000000000, 1.000000000000000000 ) ) ;
#5570 = FACE_BOUND ( 'NONE', #407, .T. ) ;
#5571 = CARTESIAN_POINT ( 'NONE',  ( -7.999999999999952038, 3.000000000000000000, -10.25000000000000888 ) ) ;
#5572 = AXIS2_PLACEMENT_3D ( 'NONE', #3809, #5278, #4674 ) ;
#5573 = DIRECTION ( 'NONE',  ( -0.000000000000000000, -1.000000000000000000, -0.000000000000000000 ) ) ;
#5574 = ORIENTED_EDGE ( 'NONE', *, *, #1997, .T. ) ;
#5575 = EDGE_CURVE ( 'NONE', #945, #2738, #2186, .T. ) ;
#5576 = DIRECTION ( 'NONE',  ( 0.000000000000000000, 0.000000000000000000, 1.000000000000000000 ) ) ;
#5577 = EDGE_CURVE ( 'NONE', #1876, #5674, #2153, .T. ) ;
#5578 = DIRECTION ( 'NONE',  ( 0.000000000000000000, 0.000000000000000000, 1.000000000000000000 ) ) ;
#5579 = ORIENTED_EDGE ( 'NONE', *, *, #5319, .T. ) ;
#5580 = CYLINDRICAL_SURFACE ( 'NONE', #1678, 1.364499712793999064 ) ;
#5581 = ADVANCED_FACE ( 'NONE', ( #368 ), #2278, .F. ) ;
#5582 = DIRECTION ( 'NONE',  ( 0.000000000000000000, 0.000000000000000000, 1.000000000000000000 ) ) ;
#5583 = DIRECTION ( 'NONE',  ( 0.000000000000000000, 0.000000000000000000, 1.000000000000000000 ) ) ;
#5584 = ADVANCED_FACE ( 'NONE', ( #6097 ), #1815, .F. ) ;
#5585 = ORIENTED_EDGE ( 'NONE', *, *, #3090, .T. ) ;
#5586 = ORIENTED_EDGE ( 'NONE', *, *, #3577, .F. ) ;
#5587 = FACE_OUTER_BOUND ( 'NONE', #2719, .T. ) ;
#5588 = DIRECTION ( 'NONE',  ( -0.000000000000000000, 1.000000000000000000, -0.000000000000000000 ) ) ;
#5589 = CARTESIAN_POINT ( 'NONE',  ( -15.99999999999992362, 0.000000000000000000, -2.250000000000007994 ) ) ;
#5590 = ORIENTED_EDGE ( 'NONE', *, *, #3261, .F. ) ;
#5591 = ORIENTED_EDGE ( 'NONE', *, *, #3320, .F. ) ;
#5592 = AXIS2_PLACEMENT_3D ( 'NONE', #1138, #121, #4447 ) ;
#5593 = CARTESIAN_POINT ( 'NONE',  ( -23.99999999999981171, 3.000000000000000000, 27.49999999999998579 ) ) ;
#5594 = EDGE_CURVE ( 'NONE', #2245, #2375, #996, .T. ) ;
#5595 = CIRCLE ( 'NONE', #2011, 2.250000000000002665 ) ;
#5596 = CARTESIAN_POINT ( 'NONE',  ( -7.999999999999868550, 0.000000000000000000, 11.49999999999998579 ) ) ;
#5597 = DIRECTION ( 'NONE',  ( 0.000000000000000000, 0.000000000000000000, 1.000000000000000000 ) ) ;
#5598 = AXIS2_PLACEMENT_3D ( 'NONE', #3573, #1685, #5482 ) ;
#5599 = CARTESIAN_POINT ( 'NONE',  ( 40.00000000000007816, 0.000000000000000000, -4.500000000000014211 ) ) ;
#5600 = ORIENTED_EDGE ( 'NONE', *, *, #1853, .T. ) ;
#5601 = VECTOR ( 'NONE', #5288, 1000.000000000000000 ) ;
#5602 = ORIENTED_EDGE ( 'NONE', *, *, #5731, .F. ) ;
#5603 = ORIENTED_EDGE ( 'NONE', *, *, #4914, .T. ) ;
#5604 = CARTESIAN_POINT ( 'NONE',  ( -7.999999999999868550, 0.000000000000000000, 11.49999999999998579 ) ) ;
#5605 = DIRECTION ( 'NONE',  ( 0.000000000000000000, 1.000000000000000000, 0.000000000000000000 ) ) ;
#5606 = DIRECTION ( 'NONE',  ( -0.000000000000000000, 1.000000000000000000, -0.000000000000000000 ) ) ;
#5607 = ORIENTED_EDGE ( 'NONE', *, *, #6048, .F. ) ;
#5608 = DIRECTION ( 'NONE',  ( 0.000000000000000000, 0.000000000000000000, 1.000000000000000000 ) ) ;
#5609 = VECTOR ( 'NONE', #5236, 1000.000000000000000 ) ;
#5610 = CARTESIAN_POINT ( 'NONE',  ( 16.00000000000004974, 0.000000000000000000, -10.25000000000000888 ) ) ;
#5611 = ORIENTED_EDGE ( 'NONE', *, *, #1966, .F. ) ;
#5612 = EDGE_CURVE ( 'NONE', #3712, #2110, #4668, .T. ) ;
#5613 = CARTESIAN_POINT ( 'NONE',  ( 1.110223024625156540E-13, 0.000000000000000000, 5.749999999999995559 ) ) ;
#5614 = DIRECTION ( 'NONE',  ( 0.000000000000000000, 0.000000000000000000, 1.000000000000000000 ) ) ;
#5615 = DIRECTION ( 'NONE',  ( 0.000000000000000000, 0.000000000000000000, 1.000000000000000000 ) ) ;
#5616 = AXIS2_PLACEMENT_3D ( 'NONE', #2172, #4506, #4070 ) ;
#5617 = EDGE_CURVE ( 'NONE', #4016, #3067, #4363, .T. ) ;
#5618 = EDGE_CURVE ( 'NONE', #3038, #1496, #1687, .T. ) ;
#5619 = ORIENTED_EDGE ( 'NONE', *, *, #3577, .T. ) ;
#5620 = VERTEX_POINT ( 'NONE', #4764 ) ;
#5621 = FACE_OUTER_BOUND ( 'NONE', #2018, .T. ) ;
#5622 = ORIENTED_EDGE ( 'NONE', *, *, #3398, .T. ) ;
#5623 = DIRECTION ( 'NONE',  ( 0.000000000000000000, 1.000000000000000000, 0.000000000000000000 ) ) ;
#5624 = CARTESIAN_POINT ( 'NONE',  ( 40.00000000000010658, 0.000000000000000000, 3.499999999999985789 ) ) ;
#5625 = CIRCLE ( 'NONE', #2332, 2.499999999999998668 ) ;
#5626 = ORIENTED_EDGE ( 'NONE', *, *, #1329, .T. ) ;
#5627 = VERTEX_POINT ( 'NONE', #3834 ) ;
#5628 = CARTESIAN_POINT ( 'NONE',  ( 1.110223024625156540E-13, 3.000000000000000000, 3.499999999999992895 ) ) ;
#5629 = EDGE_CURVE ( 'NONE', #4471, #3640, #3370, .T. ) ;
#5630 = ORIENTED_EDGE ( 'NONE', *, *, #319, .T. ) ;
#5631 = CYLINDRICAL_SURFACE ( 'NONE', #4791, 2.250000000000001776 ) ;
#5632 = DIRECTION ( 'NONE',  ( -0.000000000000000000, 1.000000000000000000, -0.000000000000000000 ) ) ;
#5633 = EDGE_CURVE ( 'NONE', #1896, #1787, #1102, .T. ) ;
#5634 = ORIENTED_EDGE ( 'NONE', *, *, #3017, .T. ) ;
#5635 = UNCERTAINTY_MEASURE_WITH_UNIT (LENGTH_MEASURE( 1.000000000000000082E-05 ), #1662, 'distance_accuracy_value', 'NONE');
#5636 = EDGE_LOOP ( 'NONE', ( #2863, #1919 ) ) ;
#5637 = ORIENTED_EDGE ( 'NONE', *, *, #5633, .T. ) ;
#5638 = CIRCLE ( 'NONE', #5532, 2.250000000000002665 ) ;
#5639 = FACE_OUTER_BOUND ( 'NONE', #2857, .T. ) ;
#5640 = DIRECTION ( 'NONE',  ( 0.000000000000000000, 0.000000000000000000, 1.000000000000000000 ) ) ;
#5641 = VECTOR ( 'NONE', #2576, 1000.000000000000000 ) ;
#5642 = DIRECTION ( 'NONE',  ( 0.000000000000000000, 1.000000000000000000, 0.000000000000000000 ) ) ;
#5643 = AXIS2_PLACEMENT_3D ( 'NONE', #5057, #734, #5025 ) ;
#5644 = AXIS2_PLACEMENT_3D ( 'NONE', #1490, #827, #2230 ) ;
#5645 = CARTESIAN_POINT ( 'NONE',  ( -45.00000000000000000, 3.000000000000000000, 32.50000000000000000 ) ) ;
#5646 = VERTEX_POINT ( 'NONE', #4295 ) ;
#5647 = LINE ( 'NONE', #425, #2566 ) ;
#5648 = CARTESIAN_POINT ( 'NONE',  ( 24.00000000000013145, 0.000000000000000000, 9.249999999999984013 ) ) ;
#5649 = DIRECTION ( 'NONE',  ( 0.000000000000000000, -1.000000000000000000, 0.000000000000000000 ) ) ;
#5650 = VECTOR ( 'NONE', #3941, 1000.000000000000000 ) ;
#5651 = CIRCLE ( 'NONE', #4132, 2.250000000000001776 ) ;
#5652 = EDGE_CURVE ( 'NONE', #1169, #424, #5656, .T. ) ;
#5653 = EDGE_LOOP ( 'NONE', ( #3947, #4956 ) ) ;
#5654 = CYLINDRICAL_SURFACE ( 'NONE', #221, 2.250000000000001776 ) ;
#5655 = ORIENTED_EDGE ( 'NONE', *, *, #2720, .T. ) ;
#5656 = LINE ( 'NONE', #4701, #2480 ) ;
#5657 = DIRECTION ( 'NONE',  ( 0.000000000000000000, 0.000000000000000000, 1.000000000000000000 ) ) ;
#5658 = ORIENTED_EDGE ( 'NONE', *, *, #5629, .T. ) ;
#5659 = VERTEX_POINT ( 'NONE', #23 ) ;
#5660 = DIRECTION ( 'NONE',  ( 0.000000000000000000, 0.000000000000000000, 1.000000000000000000 ) ) ;
#5661 = ORIENTED_EDGE ( 'NONE', *, *, #4386, .T. ) ;
#5662 = DIRECTION ( 'NONE',  ( 0.000000000000000000, 0.000000000000000000, 1.000000000000000000 ) ) ;
#5663 = CARTESIAN_POINT ( 'NONE',  ( -31.99999999999986855, 0.000000000000000000, 13.74999999999998757 ) ) ;
#5664 = CARTESIAN_POINT ( 'NONE',  ( -6.938893903907228378E-15, 0.000000000000000000, -28.50000000000001066 ) ) ;
#5665 = EDGE_CURVE ( 'NONE', #2786, #5050, #3335, .T. ) ;
#5666 = CIRCLE ( 'NONE', #4443, 2.250000000000001776 ) ;
#5667 = PRODUCT_DEFINITION_FORMATION_WITH_SPECIFIED_SOURCE ( 'ANY', '', #251, .NOT_KNOWN. ) ;
#5668 = VERTEX_POINT ( 'NONE', #1011 ) ;
#5669 = EDGE_CURVE ( 'NONE', #868, #466, #3864, .T. ) ;
#5670 = AXIS2_PLACEMENT_3D ( 'NONE', #1544, #3430, #2095 ) ;
#5671 = VERTEX_POINT ( 'NONE', #2867 ) ;
#5672 = CARTESIAN_POINT ( 'NONE',  ( -8.000000000000007105, 0.000000000000000000, -28.50000000000001066 ) ) ;
#5673 = DIRECTION ( 'NONE',  ( 0.000000000000000000, 0.000000000000000000, -1.000000000000000000 ) ) ;
#5674 = VERTEX_POINT ( 'NONE', #1450 ) ;
#5675 = FACE_BOUND ( 'NONE', #1442, .T. ) ;
#5676 = ORIENTED_EDGE ( 'NONE', *, *, #4006, .T. ) ;
#5677 = CYLINDRICAL_SURFACE ( 'NONE', #3361, 2.250000000000002665 ) ;
#5678 = AXIS2_PLACEMENT_3D ( 'NONE', #3983, #1170, #685 ) ;
#5679 = FACE_OUTER_BOUND ( 'NONE', #4842, .T. ) ;
#5680 = CARTESIAN_POINT ( 'NONE',  ( 24.00000000000007816, 0.000000000000000000, -4.500000000000010658 ) ) ;
#5681 = ORIENTED_EDGE ( 'NONE', *, *, #693, .T. ) ;
#5682 = ORIENTED_EDGE ( 'NONE', *, *, #5106, .T. ) ;
#5683 = CARTESIAN_POINT ( 'NONE',  ( 16.00000000000007816, 0.000000000000000000, -4.500000000000010658 ) ) ;
#5684 = ORIENTED_EDGE ( 'NONE', *, *, #4145, .T. ) ;
#5685 = DIRECTION ( 'NONE',  ( -1.000000000000000000, 0.000000000000000000, 1.541976423090495387E-16 ) ) ;
#5686 = DIRECTION ( 'NONE',  ( 0.000000000000000000, 1.000000000000000000, 0.000000000000000000 ) ) ;
#5687 = ORIENTED_EDGE ( 'NONE', *, *, #1894, .F. ) ;
#5688 = EDGE_LOOP ( 'NONE', ( #3086, #147 ) ) ;
#5689 = LINE ( 'NONE', #2315, #5382 ) ;
#5690 = EDGE_LOOP ( 'NONE', ( #2120, #2409, #2216, #1669 ) ) ;
#5691 = CARTESIAN_POINT ( 'NONE',  ( 16.00000000000004974, 3.000000000000000000, -10.25000000000000888 ) ) ;
#5692 = DIRECTION ( 'NONE',  ( 0.000000000000000000, 0.000000000000000000, 1.000000000000000000 ) ) ;
#5693 = DIRECTION ( 'NONE',  ( 0.000000000000000000, 0.000000000000000000, 1.000000000000000000 ) ) ;
#5694 = VECTOR ( 'NONE', #2612, 1000.000000000000000 ) ;
#5695 = EDGE_CURVE ( 'NONE', #3880, #1110, #3773, .T. ) ;
#5696 = EDGE_LOOP ( 'NONE', ( #4062, #5733, #4760, #2927 ) ) ;
#5697 = ADVANCED_FACE ( 'NONE', ( #3364 ), #3394, .F. ) ;
#5698 = VECTOR ( 'NONE', #61, 1000.000000000000000 ) ;
#5699 = EDGE_CURVE ( 'NONE', #2317, #1423, #2805, .T. ) ;
#5700 = AXIS2_PLACEMENT_3D ( 'NONE', #3424, #562, #4325 ) ;
#5701 = EDGE_CURVE ( 'NONE', #3120, #2915, #4063, .T. ) ;
#5702 = VERTEX_POINT ( 'NONE', #464 ) ;
#5703 = DIRECTION ( 'NONE',  ( 0.000000000000000000, 0.000000000000000000, 1.000000000000000000 ) ) ;
#5704 = ORIENTED_EDGE ( 'NONE', *, *, #5888, .F. ) ;
#5705 = DIRECTION ( 'NONE',  ( 0.000000000000000000, 0.000000000000000000, 1.000000000000000000 ) ) ;
#5706 = ORIENTED_EDGE ( 'NONE', *, *, #4246, .F. ) ;
#5707 = FACE_BOUND ( 'NONE', #1351, .T. ) ;
#5709 = EDGE_LOOP ( 'NONE', ( #2802, #3554 ) ) ;
#5708 = CIRCLE ( 'NONE', #2702, 2.250000000000002665 ) ;
#5710 = DIRECTION ( 'NONE',  ( -0.000000000000000000, 1.000000000000000000, -0.000000000000000000 ) ) ;
#5711 = EDGE_CURVE ( 'NONE', #2226, #4554, #5167, .T. ) ;
#5712 = CARTESIAN_POINT ( 'NONE',  ( 40.00000000000016342, 0.000000000000000000, 17.24999999999998579 ) ) ;
#5713 = CARTESIAN_POINT ( 'NONE',  ( 32.00000000000002842, 0.000000000000000000, -18.25000000000001066 ) ) ;
#5714 = CIRCLE ( 'NONE', #4592, 2.250000000000002665 ) ;
#5715 = VERTEX_POINT ( 'NONE', #1420 ) ;
#5716 = DIRECTION ( 'NONE',  ( -0.000000000000000000, 1.000000000000000000, -0.000000000000000000 ) ) ;
#5717 = ORIENTED_EDGE ( 'NONE', *, *, #1308, .F. ) ;
#5718 = CARTESIAN_POINT ( 'NONE',  ( -24.99999999999999645, 2.000000000000000000, -7.499999999999992895 ) ) ;
#5719 = DIRECTION ( 'NONE',  ( 0.000000000000000000, 0.000000000000000000, 1.000000000000000000 ) ) ;
#5720 = ORIENTED_EDGE ( 'NONE', *, *, #5743, .T. ) ;
#5721 = ORIENTED_EDGE ( 'NONE', *, *, #5695, .F. ) ;
#5722 = AXIS2_PLACEMENT_3D ( 'NONE', #3862, #4387, #3976 ) ;
#5723 = FACE_OUTER_BOUND ( 'NONE', #6100, .T. ) ;
#5724 = ORIENTED_EDGE ( 'NONE', *, *, #188, .T. ) ;
#5725 = CARTESIAN_POINT ( 'NONE',  ( -24.99999999999999645, 3.000000000000000000, 7.500000000000007105 ) ) ;
#5726 = DIRECTION ( 'NONE',  ( 0.000000000000000000, 0.000000000000000000, 1.000000000000000000 ) ) ;
#5727 = LINE ( 'NONE', #3811, #2727 ) ;
#5728 = VERTEX_POINT ( 'NONE', #3278 ) ;
#5729 = DIRECTION ( 'NONE',  ( 0.000000000000000000, 0.000000000000000000, 1.000000000000000000 ) ) ;
#5730 = EDGE_CURVE ( 'NONE', #2385, #3181, #3772, .T. ) ;
#5731 = EDGE_CURVE ( 'NONE', #4610, #5953, #4863, .T. ) ;
#5732 = CARTESIAN_POINT ( 'NONE',  ( 32.00000000000017053, 3.000000000000000000, 19.49999999999999289 ) ) ;
#5733 = ORIENTED_EDGE ( 'NONE', *, *, #6056, .F. ) ;
#5734 = CARTESIAN_POINT ( 'NONE',  ( -39.00000000000000711, 3.000000000000000000, 22.00000000000000355 ) ) ;
#5735 = ORIENTED_EDGE ( 'NONE', *, *, #5669, .T. ) ;
#5736 = FACE_BOUND ( 'NONE', #2626, .T. ) ;
#5737 = ORIENTED_EDGE ( 'NONE', *, *, #5612, .T. ) ;
#5738 = DIRECTION ( 'NONE',  ( 0.000000000000000000, 0.000000000000000000, 1.000000000000000000 ) ) ;
#5739 = EDGE_CURVE ( 'NONE', #3325, #2623, #5565, .T. ) ;
#5740 = FACE_OUTER_BOUND ( 'NONE', #2396, .T. ) ;
#5741 = CARTESIAN_POINT ( 'NONE',  ( -15.99999999999995204, 0.000000000000000000, -14.75000000000001243 ) ) ;
#5742 = AXIS2_PLACEMENT_3D ( 'NONE', #2026, #4440, #4789 ) ;
#5743 = EDGE_CURVE ( 'NONE', #3740, #4610, #2407, .T. ) ;
#5744 = EDGE_LOOP ( 'NONE', ( #5130, #1509 ) ) ;
#5745 = VECTOR ( 'NONE', #169, 1000.000000000000000 ) ;
#5746 = CIRCLE ( 'NONE', #2847, 2.250000000000001776 ) ;
#5747 = DIRECTION ( 'NONE',  ( -0.000000000000000000, 1.000000000000000000, -0.000000000000000000 ) ) ;
#5748 = VERTEX_POINT ( 'NONE', #4263 ) ;
#5749 = DIRECTION ( 'NONE',  ( 0.000000000000000000, 1.000000000000000000, 0.000000000000000000 ) ) ;
#5750 = CARTESIAN_POINT ( 'NONE',  ( -7.999999999999923617, 0.000000000000000000, -2.250000000000007994 ) ) ;
#5751 = VERTEX_POINT ( 'NONE', #2118 ) ;
#5752 = CIRCLE ( 'NONE', #4831, 2.250000000000001776 ) ;
#5753 = AXIS2_PLACEMENT_3D ( 'NONE', #4371, #100, #4024 ) ;
#5754 = LINE ( 'NONE', #3715, #4781 ) ;
#5755 = EDGE_LOOP ( 'NONE', ( #1547, #5412, #5556, #2406 ) ) ;
#5756 = CARTESIAN_POINT ( 'NONE',  ( 1.942890293094023946E-13, 0.000000000000000000, 27.49999999999998579 ) ) ;
#5757 = CARTESIAN_POINT ( 'NONE',  ( 24.00000000000010303, 0.000000000000000000, 3.499999999999992895 ) ) ;
#5758 = CARTESIAN_POINT ( 'NONE',  ( -15.99999999999981348, 3.000000000000000000, 25.24999999999998579 ) ) ;
#5759 = ORIENTED_EDGE ( 'NONE', *, *, #2179, .F. ) ;
#5760 = ORIENTED_EDGE ( 'NONE', *, *, #2713, .F. ) ;
#5761 = CYLINDRICAL_SURFACE ( 'NONE', #1659, 2.250000000000001776 ) ;
#5762 = AXIS2_PLACEMENT_3D ( 'NONE', #3692, #1341, #6112 ) ;
#5763 = FACE_OUTER_BOUND ( 'NONE', #998, .T. ) ;
#5764 = ORIENTED_EDGE ( 'NONE', *, *, #1969, .F. ) ;
#5765 = ADVANCED_FACE ( 'NONE', ( #4442 ), #3512, .F. ) ;
#5766 = AXIS2_PLACEMENT_3D ( 'NONE', #1965, #4660, #1872 ) ;
#5767 = ORIENTED_EDGE ( 'NONE', *, *, #5808, .T. ) ;
#5768 = AXIS2_PLACEMENT_3D ( 'NONE', #2064, #4019, #1664 ) ;
#5769 = LINE ( 'NONE', #2485, #5601 ) ;
#5770 = DIRECTION ( 'NONE',  ( 0.000000000000000000, 1.000000000000000000, 0.000000000000000000 ) ) ;
#5771 = ORIENTED_EDGE ( 'NONE', *, *, #4461, .F. ) ;
#5772 = CARTESIAN_POINT ( 'NONE',  ( 24.00000000000004974, 0.000000000000000000, -14.75000000000001243 ) ) ;
#5773 = FACE_OUTER_BOUND ( 'NONE', #2709, .T. ) ;
#5774 = ADVANCED_FACE ( 'NONE', ( #1108 ), #5929, .T. ) ;
#5775 = CARTESIAN_POINT ( 'NONE',  ( -31.99999999999995381, 0.000000000000000000, -12.50000000000001066 ) ) ;
#5776 = EDGE_CURVE ( 'NONE', #317, #5620, #1538, .T. ) ;
#5777 = DIRECTION ( 'NONE',  ( 0.000000000000000000, 0.000000000000000000, 1.000000000000000000 ) ) ;
#5778 = ORIENTED_EDGE ( 'NONE', *, *, #4644, .T. ) ;
#5779 = AXIS2_PLACEMENT_3D ( 'NONE', #3898, #3924, #1629 ) ;
#5780 = CARTESIAN_POINT ( 'NONE',  ( -7.999999999999868550, 0.000000000000000000, 11.49999999999998579 ) ) ;
#5781 = DIRECTION ( 'NONE',  ( 0.000000000000000000, 0.000000000000000000, 1.000000000000000000 ) ) ;
#5782 = EDGE_CURVE ( 'NONE', #4397, #2938, #5056, .T. ) ;
#5783 = EDGE_LOOP ( 'NONE', ( #5212, #4323 ) ) ;
#5784 = FACE_OUTER_BOUND ( 'NONE', #2459, .T. ) ;
#5785 = ORIENTED_EDGE ( 'NONE', *, *, #4731, .F. ) ;
#5786 = CARTESIAN_POINT ( 'NONE',  ( -39.00000000000000711, 3.000000000000000000, -24.49999999999999289 ) ) ;
#5787 = DIRECTION ( 'NONE',  ( 0.000000000000000000, 1.000000000000000000, 0.000000000000000000 ) ) ;
#5788 = DIRECTION ( 'NONE',  ( 0.000000000000000000, 1.000000000000000000, 0.000000000000000000 ) ) ;
#5789 = ORIENTED_EDGE ( 'NONE', *, *, #4228, .T. ) ;
#5790 = EDGE_CURVE ( 'NONE', #2317, #1169, #282, .T. ) ;
#5791 = FACE_OUTER_BOUND ( 'NONE', #4384, .T. ) ;
#5792 = CYLINDRICAL_SURFACE ( 'NONE', #2263, 2.250000000000001776 ) ;
#5793 = ORIENTED_EDGE ( 'NONE', *, *, #1683, .F. ) ;
#5794 = AXIS2_PLACEMENT_3D ( 'NONE', #697, #4493, #256 ) ;
#5795 = CIRCLE ( 'NONE', #3390, 1.364499712793999064 ) ;
#5796 = ORIENTED_EDGE ( 'NONE', *, *, #3992, .T. ) ;
#5797 = CYLINDRICAL_SURFACE ( 'NONE', #5500, 2.250000000000001776 ) ;
#5798 = FACE_OUTER_BOUND ( 'NONE', #1941, .T. ) ;
#5799 = ORIENTED_EDGE ( 'NONE', *, *, #3559, .F. ) ;
#5800 = VECTOR ( 'NONE', #4044, 1000.000000000000000 ) ;
#5801 = DIRECTION ( 'NONE',  ( 0.000000000000000000, 1.000000000000000000, 0.000000000000000000 ) ) ;
#5802 = CIRCLE ( 'NONE', #1223, 2.250000000000002665 ) ;
#5803 = DIRECTION ( 'NONE',  ( 0.000000000000000000, 0.000000000000000000, 1.000000000000000000 ) ) ;
#5804 = DIRECTION ( 'NONE',  ( -0.000000000000000000, 1.000000000000000000, -0.000000000000000000 ) ) ;
#5805 = VERTEX_POINT ( 'NONE', #5810 ) ;
#5806 = FACE_OUTER_BOUND ( 'NONE', #3487, .T. ) ;
#5807 = CIRCLE ( 'NONE', #715, 2.250000000000001776 ) ;
#5808 = EDGE_CURVE ( 'NONE', #151, #3224, #679, .T. ) ;
#5809 = EDGE_LOOP ( 'NONE', ( #39, #6077, #4776, #1288 ) ) ;
#5810 = CARTESIAN_POINT ( 'NONE',  ( 32.00000000000017053, 0.000000000000000000, 21.74999999999999645 ) ) ;
#5811 = LINE ( 'NONE', #2377, #2622 ) ;
#5812 = ORIENTED_EDGE ( 'NONE', *, *, #693, .F. ) ;
#5813 = EDGE_CURVE ( 'NONE', #544, #3325, #3919, .T. ) ;
#5814 = EDGE_CURVE ( 'NONE', #2367, #4409, #2669, .T. ) ;
#5815 = VECTOR ( 'NONE', #909, 1000.000000000000000 ) ;
#5816 = CARTESIAN_POINT ( 'NONE',  ( 24.00000000000004974, 0.000000000000000000, -12.50000000000001066 ) ) ;
#5817 = CIRCLE ( 'NONE', #3812, 2.500000000000002220 ) ;
#5818 = ORIENTED_EDGE ( 'NONE', *, *, #1614, .T. ) ;
#5819 = DIRECTION ( 'NONE',  ( 0.000000000000000000, 1.000000000000000000, 0.000000000000000000 ) ) ;
#5820 = CARTESIAN_POINT ( 'NONE',  ( 8.000000000000131450, 0.000000000000000000, 9.249999999999984013 ) ) ;
#5821 = DIRECTION ( 'NONE',  ( 0.000000000000000000, 0.000000000000000000, 1.000000000000000000 ) ) ;
#5822 = AXIS2_PLACEMENT_3D ( 'NONE', #1536, #2524, #644 ) ;
#5823 = ORIENTED_EDGE ( 'NONE', *, *, #2454, .T. ) ;
#5824 = EDGE_LOOP ( 'NONE', ( #138, #1871 ) ) ;
#5825 = EDGE_CURVE ( 'NONE', #945, #1356, #3966, .T. ) ;
#5826 = DIRECTION ( 'NONE',  ( 0.000000000000000000, 1.000000000000000000, 0.000000000000000000 ) ) ;
#5827 = ADVANCED_FACE ( 'NONE', ( #623 ), #5872, .F. ) ;
#5828 = AXIS2_PLACEMENT_3D ( 'NONE', #1508, #5239, #5719 ) ;
#5829 = DIRECTION ( 'NONE',  ( 0.000000000000000000, -1.000000000000000000, 0.000000000000000000 ) ) ;
#5830 = EDGE_LOOP ( 'NONE', ( #6151, #4795 ) ) ;
#5831 = EDGE_LOOP ( 'NONE', ( #537, #3058, #272, #1737 ) ) ;
#5832 = DIRECTION ( 'NONE',  ( -0.000000000000000000, 1.000000000000000000, -0.000000000000000000 ) ) ;
#5833 = AXIS2_PLACEMENT_3D ( 'NONE', #1631, #5430, #1173 ) ;
#5834 = FACE_OUTER_BOUND ( 'NONE', #1971, .T. ) ;
#5835 = ORIENTED_EDGE ( 'NONE', *, *, #1009, .F. ) ;
#5836 = DIRECTION ( 'NONE',  ( 0.000000000000000000, 0.000000000000000000, 1.000000000000000000 ) ) ;
#5837 = FACE_OUTER_BOUND ( 'NONE', #1090, .T. ) ;
#5838 = CARTESIAN_POINT ( 'NONE',  ( 19.08551248218999419, 7.000000000000000000, 23.13550028720601048 ) ) ;
#5839 = ORIENTED_EDGE ( 'NONE', *, *, #898, .F. ) ;
#5840 = LINE ( 'NONE', #4356, #724 ) ;
#5841 = DIRECTION ( 'NONE',  ( 0.000000000000000000, 1.000000000000000000, 0.000000000000000000 ) ) ;
#5842 = DIRECTION ( 'NONE',  ( 0.000000000000000000, 1.000000000000000000, 0.000000000000000000 ) ) ;
#5843 = EDGE_LOOP ( 'NONE', ( #578, #4792, #1104, #4161 ) ) ;
#5844 = CIRCLE ( 'NONE', #2243, 2.250000000000001776 ) ;
#5845 = DIRECTION ( 'NONE',  ( 0.000000000000000000, 0.000000000000000000, 1.000000000000000000 ) ) ;
#5846 = EDGE_CURVE ( 'NONE', #4156, #532, #2772, .T. ) ;
#5847 = CIRCLE ( 'NONE', #653, 2.250000000000001776 ) ;
#5848 = ORIENTED_EDGE ( 'NONE', *, *, #9, .F. ) ;
#5849 = CARTESIAN_POINT ( 'NONE',  ( 40.00000000000010658, 3.000000000000000000, 3.499999999999985789 ) ) ;
#5850 = VECTOR ( 'NONE', #6173, 1000.000000000000000 ) ;
#5851 = LINE ( 'NONE', #1114, #5054 ) ;
#5852 = DIRECTION ( 'NONE',  ( 0.000000000000000000, 1.000000000000000000, 0.000000000000000000 ) ) ;
#5853 = VERTEX_POINT ( 'NONE', #5454 ) ;
#5854 = VECTOR ( 'NONE', #1676, 1000.000000000000000 ) ;
#5855 = AXIS2_PLACEMENT_3D ( 'NONE', #3041, #3628, #1646 ) ;
#5856 = ORIENTED_EDGE ( 'NONE', *, *, #2015, .T. ) ;
#5857 = CARTESIAN_POINT ( 'NONE',  ( 4.857225732735059864E-14, 3.000000000000000000, -10.25000000000000888 ) ) ;
#5858 = EDGE_CURVE ( 'NONE', #1214, #3706, #4763, .T. ) ;
#5859 = AXIS2_PLACEMENT_3D ( 'NONE', #3885, #1530, #5836 ) ;
#5860 = DIRECTION ( 'NONE',  ( 0.000000000000000000, 0.000000000000000000, 1.000000000000000000 ) ) ;
#5861 = ORIENTED_EDGE ( 'NONE', *, *, #1933, .F. ) ;
#5862 = EDGE_CURVE ( 'NONE', #4697, #6137, #5568, .T. ) ;
#5863 = VERTEX_POINT ( 'NONE', #1623 ) ;
#5864 = CIRCLE ( 'NONE', #4350, 2.250000000000001776 ) ;
#5865 = DIRECTION ( 'NONE',  ( 0.000000000000000000, 1.000000000000000000, 0.000000000000000000 ) ) ;
#5866 = ORIENTED_EDGE ( 'NONE', *, *, #3501, .F. ) ;
#5867 = CARTESIAN_POINT ( 'NONE',  ( 1.665334536937734811E-13, 3.000000000000000000, 19.49999999999999289 ) ) ;
#5868 = CYLINDRICAL_SURFACE ( 'NONE', #4003, 2.500000000000002220 ) ;
#5869 = ADVANCED_FACE ( 'NONE', ( #2930 ), #593, .F. ) ;
#5870 = DIRECTION ( 'NONE',  ( -0.000000000000000000, 1.000000000000000000, -0.000000000000000000 ) ) ;
#5871 = DIRECTION ( 'NONE',  ( 0.000000000000000000, 1.000000000000000000, 0.000000000000000000 ) ) ;
#5872 = CYLINDRICAL_SURFACE ( 'NONE', #1297, 2.250000000000001776 ) ;
#5873 = FACE_OUTER_BOUND ( 'NONE', #1504, .T. ) ;
#5874 = ORIENTED_EDGE ( 'NONE', *, *, #308, .T. ) ;
#5875 = CIRCLE ( 'NONE', #674, 2.250000000000001776 ) ;
#5876 = FACE_OUTER_BOUND ( 'NONE', #1910, .T. ) ;
#5877 = AXIS2_PLACEMENT_3D ( 'NONE', #2578, #2525, #3482 ) ;
#5878 = ORIENTED_EDGE ( 'NONE', *, *, #1431, .T. ) ;
#5879 = CARTESIAN_POINT ( 'NONE',  ( 32.00000000000011369, 0.000000000000000000, 1.249999999999989786 ) ) ;
#5880 = LINE ( 'NONE', #5339, #4860 ) ;
#5881 = LINE ( 'NONE', #2096, #5018 ) ;
#5882 = ORIENTED_EDGE ( 'NONE', *, *, #1890, .T. ) ;
#5883 = EDGE_LOOP ( 'NONE', ( #2347, #607 ) ) ;
#5884 = CIRCLE ( 'NONE', #5572, 2.250000000000001776 ) ;
#5885 = DIRECTION ( 'NONE',  ( 0.000000000000000000, 0.000000000000000000, 1.000000000000000000 ) ) ;
#5886 = DIRECTION ( 'NONE',  ( -0.000000000000000000, 1.000000000000000000, -0.000000000000000000 ) ) ;
#5887 = ADVANCED_FACE ( 'NONE', ( #2551 ), #4477, .F. ) ;
#5888 = EDGE_CURVE ( 'NONE', #4313, #824, #2181, .T. ) ;
#5889 = EDGE_LOOP ( 'NONE', ( #4023, #862, #4544, #698 ) ) ;
#5890 = FILL_AREA_STYLE_COLOUR ( '', #3379 ) ;
#5891 = DIRECTION ( 'NONE',  ( 1.000000000000000000, 0.000000000000000000, 0.000000000000000000 ) ) ;
#5892 = ORIENTED_EDGE ( 'NONE', *, *, #4195, .F. ) ;
#5893 = CARTESIAN_POINT ( 'NONE',  ( -23.99999999999997868, 0.000000000000000000, -20.50000000000001066 ) ) ;
#5894 = VECTOR ( 'NONE', #1594, 1000.000000000000000 ) ;
#5895 = FACE_OUTER_BOUND ( 'NONE', #2151, .T. ) ;
#5896 = DIRECTION ( 'NONE',  ( 0.000000000000000000, 0.000000000000000000, 1.000000000000000000 ) ) ;
#5897 = AXIS2_PLACEMENT_3D ( 'NONE', #5983, #285, #6011 ) ;
#5898 = AXIS2_PLACEMENT_3D ( 'NONE', #4084, #1785, #6007 ) ;
#5899 = ORIENTED_EDGE ( 'NONE', *, *, #3208, .T. ) ;
#5900 = DIRECTION ( 'NONE',  ( 0.000000000000000000, 0.000000000000000000, 1.000000000000000000 ) ) ;
#5901 = EDGE_CURVE ( 'NONE', #1001, #2093, #381, .T. ) ;
#5902 = CARTESIAN_POINT ( 'NONE',  ( 32.00000000000002842, 0.000000000000000000, -20.50000000000001066 ) ) ;
#5903 = DIRECTION ( 'NONE',  ( -0.000000000000000000, 1.000000000000000000, -0.000000000000000000 ) ) ;
#5904 = ORIENTED_EDGE ( 'NONE', *, *, #510, .F. ) ;
#5905 = CARTESIAN_POINT ( 'NONE',  ( 8.000000000000159872, 3.000000000000000000, 21.74999999999999645 ) ) ;
#5906 = CIRCLE ( 'NONE', #3201, 1.364499712793999064 ) ;
#5907 = ORIENTED_EDGE ( 'NONE', *, *, #4333, .T. ) ;
#5908 = CARTESIAN_POINT ( 'NONE',  ( 32.00000000000008527, 0.000000000000000000, -4.500000000000010658 ) ) ;
#5909 = CARTESIAN_POINT ( 'NONE',  ( 8.000000000000021316, 0.000000000000000000, -22.75000000000001421 ) ) ;
#5910 = DIRECTION ( 'NONE',  ( -0.000000000000000000, 1.000000000000000000, -0.000000000000000000 ) ) ;
#5911 = ORIENTED_EDGE ( 'NONE', *, *, #3392, .F. ) ;
#5912 = ORIENTED_EDGE ( 'NONE', *, *, #5594, .T. ) ;
#5913 = ORIENTED_EDGE ( 'NONE', *, *, #5356, .T. ) ;
#5914 = AXIS2_PLACEMENT_3D ( 'NONE', #2641, #5932, #3515 ) ;
#5915 = CARTESIAN_POINT ( 'NONE',  ( -15.99999999999992362, 3.000000000000000000, -4.500000000000010658 ) ) ;
#5916 = EDGE_CURVE ( 'NONE', #5078, #6064, #4163, .T. ) ;
#5917 = AXIS2_PLACEMENT_3D ( 'NONE', #398, #4231, #4200 ) ;
#5918 = ADVANCED_FACE ( 'NONE', ( #4043 ), #5960, .F. ) ;
#5919 = DIRECTION ( 'NONE',  ( -0.000000000000000000, 1.000000000000000000, -0.000000000000000000 ) ) ;
#5920 = AXIS2_PLACEMENT_3D ( 'NONE', #2803, #914, #975 ) ;
#5921 = ADVANCED_FACE ( 'NONE', ( #1684 ), #1193, .F. ) ;
#5922 = EDGE_LOOP ( 'NONE', ( #436, #5704 ) ) ;
#5923 = FACE_OUTER_BOUND ( 'NONE', #2108, .T. ) ;
#5924 = ORIENTED_EDGE ( 'NONE', *, *, #5862, .T. ) ;
#5925 = DIRECTION ( 'NONE',  ( 0.000000000000000000, 0.000000000000000000, 1.000000000000000000 ) ) ;
#5926 = FACE_OUTER_BOUND ( 'NONE', #5073, .T. ) ;
#5927 = FACE_OUTER_BOUND ( 'NONE', #2379, .T. ) ;
#5928 = CARTESIAN_POINT ( 'NONE',  ( -7.999999999999952038, 0.000000000000000000, -12.50000000000001066 ) ) ;
#5929 = CYLINDRICAL_SURFACE ( 'NONE', #3170, 2.500000000000002220 ) ;
#5930 = CARTESIAN_POINT ( 'NONE',  ( -24.99999999999999645, 3.000000000000000000, -7.499999999999992895 ) ) ;
#5931 = ORIENTED_EDGE ( 'NONE', *, *, #664, .F. ) ;
#5932 = DIRECTION ( 'NONE',  ( -0.000000000000000000, 1.000000000000000000, -0.000000000000000000 ) ) ;
#5933 = VECTOR ( 'NONE', #5910, 1000.000000000000000 ) ;
#5934 = CARTESIAN_POINT ( 'NONE',  ( 24.00000000000004974, 0.000000000000000000, -12.50000000000001066 ) ) ;
#5935 = EDGE_CURVE ( 'NONE', #5493, #6183, #29, .T. ) ;
#5936 = ORIENTED_EDGE ( 'NONE', *, *, #1725, .F. ) ;
#5937 = LINE ( 'NONE', #152, #4870 ) ;
#5938 = EDGE_LOOP ( 'NONE', ( #2327, #98, #1549, #2822 ) ) ;
#5939 = FACE_OUTER_BOUND ( 'NONE', #80, .T. ) ;
#5940 = DIRECTION ( 'NONE',  ( 0.000000000000000000, 0.000000000000000000, 1.000000000000000000 ) ) ;
#5941 = AXIS2_PLACEMENT_3D ( 'NONE', #3828, #5649, #4759 ) ;
#5942 = ORIENTED_EDGE ( 'NONE', *, *, #4778, .T. ) ;
#5943 = ORIENTED_EDGE ( 'NONE', *, *, #3442, .F. ) ;
#5944 = ORIENTED_EDGE ( 'NONE', *, *, #5982, .T. ) ;
#5945 = DIRECTION ( 'NONE',  ( 0.000000000000000000, -1.000000000000000000, 0.000000000000000000 ) ) ;
#5946 = AXIS2_PLACEMENT_3D ( 'NONE', #10, #5196, #1408 ) ;
#5947 = ORIENTED_EDGE ( 'NONE', *, *, #982, .F. ) ;
#5948 = AXIS2_PLACEMENT_3D ( 'NONE', #3286, #6070, #2717 ) ;
#5949 = SURFACE_STYLE_USAGE ( .BOTH. , #4025 ) ;
#5950 = CARTESIAN_POINT ( 'NONE',  ( -31.99999999999997868, 3.000000000000000000, -18.25000000000001066 ) ) ;
#5951 = AXIS2_PLACEMENT_3D ( 'NONE', #165, #137, #79 ) ;
#5952 = AXIS2_PLACEMENT_3D ( 'NONE', #3991, #1636, #5346 ) ;
#5953 = VERTEX_POINT ( 'NONE', #1944 ) ;
#5954 = CARTESIAN_POINT ( 'NONE',  ( -7.999999999999840128, 0.000000000000000000, 17.24999999999998934 ) ) ;
#5955 = ORIENTED_EDGE ( 'NONE', *, *, #6, .T. ) ;
#5956 = FACE_BOUND ( 'NONE', #2673, .T. ) ;
#5957 = CARTESIAN_POINT ( 'NONE',  ( -6.938893903907228378E-15, 0.000000000000000000, -28.50000000000001066 ) ) ;
#5958 = CARTESIAN_POINT ( 'NONE',  ( 40.00000000000013500, 3.000000000000000000, 11.49999999999998579 ) ) ;
#5959 = DIRECTION ( 'NONE',  ( 0.000000000000000000, 0.000000000000000000, 1.000000000000000000 ) ) ;
#5960 = CYLINDRICAL_SURFACE ( 'NONE', #1590, 2.250000000000001776 ) ;
#5961 = FACE_OUTER_BOUND ( 'NONE', #2929, .T. ) ;
#5962 = CARTESIAN_POINT ( 'NONE',  ( -39.00000000000000711, 3.000000000000000000, 24.50000000000000355 ) ) ;
#5963 = CIRCLE ( 'NONE', #2164, 2.250000000000001776 ) ;
#5964 = DIRECTION ( 'NONE',  ( 0.000000000000000000, 0.000000000000000000, 1.000000000000000000 ) ) ;
#5965 = DIRECTION ( 'NONE',  ( 0.000000000000000000, 0.000000000000000000, 1.000000000000000000 ) ) ;
#5966 = EDGE_CURVE ( 'NONE', #4456, #1055, #2391, .T. ) ;
#5967 = ADVANCED_FACE ( 'NONE', ( #3401 ), #4799, .F. ) ;
#5968 = AXIS2_PLACEMENT_3D ( 'NONE', #2432, #6178, #4787 ) ;
#5969 = CARTESIAN_POINT ( 'NONE',  ( 40.00000000000013500, 0.000000000000000000, 11.49999999999998579 ) ) ;
#5970 = EDGE_CURVE ( 'NONE', #3198, #2078, #3472, .T. ) ;
#5971 = ORIENTED_EDGE ( 'NONE', *, *, #4354, .T. ) ;
#5972 = AXIS2_PLACEMENT_3D ( 'NONE', #3343, #987, #5692 ) ;
#5973 = DIRECTION ( 'NONE',  ( 0.000000000000000000, 0.000000000000000000, 1.000000000000000000 ) ) ;
#5974 = LINE ( 'NONE', #5399, #4713 ) ;
#5975 = EDGE_LOOP ( 'NONE', ( #684, #4326, #2818, #2340 ) ) ;
#5976 = ORIENTED_EDGE ( 'NONE', *, *, #36, .T. ) ;
#5977 = FACE_OUTER_BOUND ( 'NONE', #5696, .T. ) ;
#5978 = AXIS2_PLACEMENT_3D ( 'NONE', #5238, #5749, #6156 ) ;
#5979 = ORIENTED_EDGE ( 'NONE', *, *, #2495, .F. ) ;
#5980 = CARTESIAN_POINT ( 'NONE',  ( 19.08551248218999419, 7.000000000000000000, -24.49999999999999289 ) ) ;
#5981 = CIRCLE ( 'NONE', #4370, 2.250000000000002665 ) ;
#5982 = EDGE_CURVE ( 'NONE', #3009, #1128, #4738, .T. ) ;
#5983 = CARTESIAN_POINT ( 'NONE',  ( 32.00000000000011369, 3.000000000000000000, 3.499999999999992895 ) ) ;
#5984 = VERTEX_POINT ( 'NONE', #5691 ) ;
#5985 = CARTESIAN_POINT ( 'NONE',  ( 8.000000000000047962, 3.000000000000000000, -12.50000000000001066 ) ) ;
#5986 = FACE_BOUND ( 'NONE', #2785, .T. ) ;
#5987 = CARTESIAN_POINT ( 'NONE',  ( -7.999999999999923617, 3.000000000000000000, -2.250000000000007994 ) ) ;
#5988 = CARTESIAN_POINT ( 'NONE',  ( -7.999999999999868550, 0.000000000000000000, 11.49999999999998579 ) ) ;
#5989 = CARTESIAN_POINT ( 'NONE',  ( -7.999999999999923617, 3.000000000000000000, -4.500000000000010658 ) ) ;
#5990 = AXIS2_PLACEMENT_3D ( 'NONE', #5816, #1541, #3052 ) ;
#5991 = PLANE ( 'NONE',  #69 ) ;
#5992 = CARTESIAN_POINT ( 'NONE',  ( 8.000000000000021316, 0.000000000000000000, -22.75000000000001421 ) ) ;
#5993 = DIRECTION ( 'NONE',  ( 0.000000000000000000, 0.000000000000000000, 1.000000000000000000 ) ) ;
#5994 = CARTESIAN_POINT ( 'NONE',  ( 7.999999999999992895, 0.000000000000000000, -30.75000000000001421 ) ) ;
#5995 = AXIS2_PLACEMENT_3D ( 'NONE', #3682, #2621, #5021 ) ;
#5996 = EDGE_CURVE ( 'NONE', #2623, #3325, #5062, .T. ) ;
#5997 = CIRCLE ( 'NONE', #205, 2.250000000000002665 ) ;
#5998 = EDGE_LOOP ( 'NONE', ( #5979, #4809 ) ) ;
#5999 = CARTESIAN_POINT ( 'NONE',  ( 1.665334536937734811E-13, 3.000000000000000000, 21.74999999999999645 ) ) ;
#6000 = ORIENTED_EDGE ( 'NONE', *, *, #5699, .T. ) ;
#6001 = CYLINDRICAL_SURFACE ( 'NONE', #3068, 2.250000000000001776 ) ;
#6002 = CYLINDRICAL_SURFACE ( 'NONE', #2538, 2.250000000000002665 ) ;
#6003 = AXIS2_PLACEMENT_3D ( 'NONE', #3878, #5886, #5348 ) ;
#6004 = EDGE_CURVE ( 'NONE', #2160, #1010, #1895, .T. ) ;
#6005 = ORIENTED_EDGE ( 'NONE', *, *, #5065, .F. ) ;
#6006 = VERTEX_POINT ( 'NONE', #6135 ) ;
#6007 = DIRECTION ( 'NONE',  ( 0.000000000000000000, -0.000000000000000000, 1.000000000000000000 ) ) ;
#6008 = VERTEX_POINT ( 'NONE', #952 ) ;
#6009 = DIRECTION ( 'NONE',  ( 0.000000000000000000, 0.000000000000000000, 1.000000000000000000 ) ) ;
#6010 = AXIS2_PLACEMENT_3D ( 'NONE', #1497, #3910, #1701 ) ;
#6011 = DIRECTION ( 'NONE',  ( 0.000000000000000000, 0.000000000000000000, 1.000000000000000000 ) ) ;
#6012 = ORIENTED_EDGE ( 'NONE', *, *, #1275, .T. ) ;
#6013 = ADVANCED_FACE ( 'NONE', ( #2877 ), #4270, .F. ) ;
#6014 = DIRECTION ( 'NONE',  ( 0.000000000000000000, 0.000000000000000000, 1.000000000000000000 ) ) ;
#6015 = AXIS2_PLACEMENT_3D ( 'NONE', #3948, #3046, #116 ) ;
#6016 = FACE_BOUND ( 'NONE', #4847, .T. ) ;
#6017 = FACE_OUTER_BOUND ( 'NONE', #3818, .T. ) ;
#6018 = CARTESIAN_POINT ( 'NONE',  ( 1.387778780781445676E-13, 0.000000000000000000, 11.49999999999998579 ) ) ;
#6019 = FACE_BOUND ( 'NONE', #6171, .T. ) ;
#6020 = CARTESIAN_POINT ( 'NONE',  ( 1.112978479923238018E-13, 0.000000000000000000, 1.249999999999989786 ) ) ;
#6021 = ORIENTED_EDGE ( 'NONE', *, *, #3233, .F. ) ;
#6022 = DIRECTION ( 'NONE',  ( 0.000000000000000000, 0.000000000000000000, 1.000000000000000000 ) ) ;
#6023 = CARTESIAN_POINT ( 'NONE',  ( -6.938893903907228378E-15, 3.000000000000000000, -26.25000000000001066 ) ) ;
#6024 = DIRECTION ( 'NONE',  ( -0.000000000000000000, 1.000000000000000000, -0.000000000000000000 ) ) ;
#6025 = ORIENTED_EDGE ( 'NONE', *, *, #2862, .T. ) ;
#6026 = DIRECTION ( 'NONE',  ( 0.000000000000000000, 0.000000000000000000, 1.000000000000000000 ) ) ;
#6027 = EDGE_LOOP ( 'NONE', ( #5835, #396 ) ) ;
#6028 = DIRECTION ( 'NONE',  ( 0.000000000000000000, 0.000000000000000000, 1.000000000000000000 ) ) ;
#6029 = DIRECTION ( 'NONE',  ( 0.000000000000000000, 1.000000000000000000, 0.000000000000000000 ) ) ;
#6030 = ORIENTED_EDGE ( 'NONE', *, *, #2661, .T. ) ;
#6031 = VERTEX_POINT ( 'NONE', #1486 ) ;
#6032 = EDGE_CURVE ( 'NONE', #4000, #613, #3073, .T. ) ;
#6033 = CARTESIAN_POINT ( 'NONE',  ( 4.884780285715875273E-14, 3.000000000000000000, -14.75000000000001243 ) ) ;
#6034 = EDGE_LOOP ( 'NONE', ( #3024, #2747 ) ) ;
#6035 = CARTESIAN_POINT ( 'NONE',  ( -39.99999999999987210, 3.000000000000000000, 9.249999999999984013 ) ) ;
#6036 = CARTESIAN_POINT ( 'NONE',  ( 8.000000000000076383, 3.000000000000000000, -2.250000000000007994 ) ) ;
#6037 = AXIS2_PLACEMENT_3D ( 'NONE', #570, #5852, #3374 ) ;
#6038 = EDGE_CURVE ( 'NONE', #3735, #5349, #5884, .T. ) ;
#6039 = CYLINDRICAL_SURFACE ( 'NONE', #3794, 2.250000000000001776 ) ;
#6040 = ORIENTED_EDGE ( 'NONE', *, *, #4071, .F. ) ;
#6041 = AXIS2_PLACEMENT_3D ( 'NONE', #1068, #5804, #2926 ) ;
#6042 = ADVANCED_FACE ( 'NONE', ( #5184 ), #1396, .F. ) ;
#6043 = CIRCLE ( 'NONE', #757, 2.250000000000001776 ) ;
#6044 = VECTOR ( 'NONE', #2814, 1000.000000000000000 ) ;
#6045 = EDGE_CURVE ( 'NONE', #1634, #2110, #4773, .T. ) ;
#6046 = DIRECTION ( 'NONE',  ( 0.000000000000000000, 1.000000000000000000, 0.000000000000000000 ) ) ;
#6047 = FACE_BOUND ( 'NONE', #4487, .T. ) ;
#6048 = EDGE_CURVE ( 'NONE', #4655, #5863, #3341, .T. ) ;
#6049 = CIRCLE ( 'NONE', #5444, 2.250000000000002665 ) ;
#6050 = CARTESIAN_POINT ( 'NONE',  ( -32.00000000000000000, 0.000000000000000000, -30.75000000000001066 ) ) ;
#6051 = DIRECTION ( 'NONE',  ( 0.000000000000000000, 0.000000000000000000, 1.000000000000000000 ) ) ;
#6052 = FACE_BOUND ( 'NONE', #3288, .T. ) ;
#6053 = FACE_OUTER_BOUND ( 'NONE', #858, .T. ) ;
#6054 = VERTEX_POINT ( 'NONE', #500 ) ;
#6055 = LINE ( 'NONE', #5483, #6168 ) ;
#6056 = EDGE_CURVE ( 'NONE', #4655, #790, #1495, .T. ) ;
#6057 = CARTESIAN_POINT ( 'NONE',  ( -15.99999999999997868, 0.000000000000000000, -18.25000000000001066 ) ) ;
#6058 = DIRECTION ( 'NONE',  ( 0.000000000000000000, 1.000000000000000000, 0.000000000000000000 ) ) ;
#6059 = EDGE_LOOP ( 'NONE', ( #3982, #4279, #1395, #413 ) ) ;
#6060 = ORIENTED_EDGE ( 'NONE', *, *, #390, .T. ) ;
#6061 = DIRECTION ( 'NONE',  ( 0.000000000000000000, 0.000000000000000000, 1.000000000000000000 ) ) ;
#6062 = CARTESIAN_POINT ( 'NONE',  ( 32.00000000000011369, 3.000000000000000000, 3.499999999999992895 ) ) ;
#6063 = DIRECTION ( 'NONE',  ( 0.000000000000000000, 1.000000000000000000, 0.000000000000000000 ) ) ;
#6064 = VERTEX_POINT ( 'NONE', #2811 ) ;
#6065 = CARTESIAN_POINT ( 'NONE',  ( 40.00000000000016342, 3.000000000000000000, 21.74999999999998934 ) ) ;
#6066 = AXIS2_PLACEMENT_3D ( 'NONE', #2268, #2699, #328 ) ;
#6067 = AXIS2_PLACEMENT_3D ( 'NONE', #30, #1946, #4800 ) ;
#6068 = ORIENTED_EDGE ( 'NONE', *, *, #4429, .F. ) ;
#6069 = CARTESIAN_POINT ( 'NONE',  ( -31.99999999999997868, 0.000000000000000000, -18.25000000000001066 ) ) ;
#6070 = DIRECTION ( 'NONE',  ( -0.000000000000000000, 1.000000000000000000, -0.000000000000000000 ) ) ;
#6071 = CARTESIAN_POINT ( 'NONE',  ( 32.00000000000000000, 0.000000000000000000, -26.25000000000001066 ) ) ;
#6072 = AXIS2_PLACEMENT_3D ( 'NONE', #2963, #2057, #4009 ) ;
#6073 = VERTEX_POINT ( 'NONE', #4708 ) ;
#6074 = PRODUCT_DEFINITION_CONTEXT ( 'detailed design', #4861, 'design' ) ;
#6075 = ADVANCED_FACE ( 'NONE', ( #440 ), #2352, .F. ) ;
#6076 = CIRCLE ( 'NONE', #5779, 2.250000000000002665 ) ;
#6077 = ORIENTED_EDGE ( 'NONE', *, *, #123, .F. ) ;
#6078 = ORIENTED_EDGE ( 'NONE', *, *, #3466, .F. ) ;
#6079 = ADVANCED_FACE ( 'NONE', ( #4330 ), #4865, .F. ) ;
#6080 = FACE_BOUND ( 'NONE', #2240, .T. ) ;
#6081 = EDGE_CURVE ( 'NONE', #1573, #2091, #4068, .T. ) ;
#6082 = DIRECTION ( 'NONE',  ( -0.000000000000000000, 1.000000000000000000, -0.000000000000000000 ) ) ;
#6083 =( GEOMETRIC_REPRESENTATION_CONTEXT ( 3 ) GLOBAL_UNCERTAINTY_ASSIGNED_CONTEXT ( ( #5635 ) ) GLOBAL_UNIT_ASSIGNED_CONTEXT ( ( #1662, #3529, #3500 ) ) REPRESENTATION_CONTEXT ( 'NONE', 'WORKASPACE' ) );
#6084 = CARTESIAN_POINT ( 'NONE',  ( 32.00000000000008527, 3.000000000000000000, -2.250000000000007994 ) ) ;
#6085 = FACE_BOUND ( 'NONE', #4959, .T. ) ;
#6086 = DIRECTION ( 'NONE',  ( -0.000000000000000000, 1.000000000000000000, -0.000000000000000000 ) ) ;
#6087 = ORIENTED_EDGE ( 'NONE', *, *, #4962, .F. ) ;
#6088 = DIRECTION ( 'NONE',  ( 0.000000000000000000, 1.000000000000000000, 0.000000000000000000 ) ) ;
#6089 = EDGE_CURVE ( 'NONE', #2134, #2255, #6076, .T. ) ;
#6090 = CARTESIAN_POINT ( 'NONE',  ( -7.999999999999840128, 0.000000000000000000, 19.49999999999999289 ) ) ;
#6091 = CARTESIAN_POINT ( 'NONE',  ( 16.00000000000013145, 0.000000000000000000, 11.49999999999998579 ) ) ;
#6092 = EDGE_CURVE ( 'NONE', #4733, #2714, #3376, .T. ) ;
#6093 = ORIENTED_EDGE ( 'NONE', *, *, #4876, .F. ) ;
#6094 = ORIENTED_EDGE ( 'NONE', *, *, #5743, .F. ) ;
#6095 = CARTESIAN_POINT ( 'NONE',  ( -7.999999999999840128, 0.000000000000000000, 19.49999999999999289 ) ) ;
#6096 = VERTEX_POINT ( 'NONE', #4920 ) ;
#6097 = FACE_OUTER_BOUND ( 'NONE', #5401, .T. ) ;
#6098 = CARTESIAN_POINT ( 'NONE',  ( -31.99999999999984013, 0.000000000000000000, 19.49999999999999289 ) ) ;
#6099 = ORIENTED_EDGE ( 'NONE', *, *, #856, .T. ) ;
#6100 = EDGE_LOOP ( 'NONE', ( #6093, #2801, #5735, #5823 ) ) ;
#6101 = CIRCLE ( 'NONE', #5481, 2.250000000000001776 ) ;
#6102 = DIRECTION ( 'NONE',  ( 0.000000000000000000, 0.000000000000000000, 1.000000000000000000 ) ) ;
#6103 = EDGE_LOOP ( 'NONE', ( #5064, #6124 ) ) ;
#6104 = CIRCLE ( 'NONE', #5897, 2.250000000000002665 ) ;
#6105 = LINE ( 'NONE', #890, #1615 ) ;
#6106 = CARTESIAN_POINT ( 'NONE',  ( 4.857225732735059864E-14, 3.000000000000000000, -12.50000000000001066 ) ) ;
#6107 = CIRCLE ( 'NONE', #1521, 2.250000000000001776 ) ;
#6108 = EDGE_LOOP ( 'NONE', ( #1584, #5363, #1303, #1512 ) ) ;
#6109 = EDGE_CURVE ( 'NONE', #3712, #1949, #3025, .T. ) ;
#6110 = VERTEX_POINT ( 'NONE', #2935 ) ;
#6111 = ORIENTED_EDGE ( 'NONE', *, *, #5002, .F. ) ;
#6112 = DIRECTION ( 'NONE',  ( 0.000000000000000000, 0.000000000000000000, 1.000000000000000000 ) ) ;
#6113 = AXIS2_PLACEMENT_3D ( 'NONE', #5515, #329, #5964 ) ;
#6114 = EDGE_CURVE ( 'NONE', #3116, #181, #2283, .T. ) ;
#6115 = CARTESIAN_POINT ( 'NONE',  ( -23.99999999999986855, 0.000000000000000000, 9.249999999999984013 ) ) ;
#6116 = ORIENTED_EDGE ( 'NONE', *, *, #3014, .F. ) ;
#6117 = FACE_BOUND ( 'NONE', #5240, .T. ) ;
#6118 = FACE_OUTER_BOUND ( 'NONE', #5277, .T. ) ;
#6119 = VERTEX_POINT ( 'NONE', #1113 ) ;
#6120 = CARTESIAN_POINT ( 'NONE',  ( 8.000000000000159872, 0.000000000000000000, 19.49999999999999289 ) ) ;
#6121 = CARTESIAN_POINT ( 'NONE',  ( -7.999999999999868550, 0.000000000000000000, 9.249999999999984013 ) ) ;
#6122 = CYLINDRICAL_SURFACE ( 'NONE', #4227, 2.250000000000001776 ) ;
#6123 = EDGE_CURVE ( 'NONE', #3371, #4373, #488, .T. ) ;
#6124 = ORIENTED_EDGE ( 'NONE', *, *, #4998, .F. ) ;
#6125 = VERTEX_POINT ( 'NONE', #1082 ) ;
#6126 = CYLINDRICAL_SURFACE ( 'NONE', #1533, 2.250000000000001776 ) ;
#6127 = ORIENTED_EDGE ( 'NONE', *, *, #6032, .T. ) ;
#6128 = CARTESIAN_POINT ( 'NONE',  ( -7.999999999999979572, 3.000000000000000000, -20.50000000000001066 ) ) ;
#6129 = FACE_OUTER_BOUND ( 'NONE', #689, .T. ) ;
#6130 = VERTEX_POINT ( 'NONE', #2968 ) ;
#6131 = VERTEX_POINT ( 'NONE', #5879 ) ;
#6132 = ADVANCED_FACE ( 'NONE', ( #1141 ), #1543, .F. ) ;
#6133 = CARTESIAN_POINT ( 'NONE',  ( -23.99999999999981171, 0.000000000000000000, 27.49999999999998579 ) ) ;
#6134 = ORIENTED_EDGE ( 'NONE', *, *, #4187, .F. ) ;
#6135 = CARTESIAN_POINT ( 'NONE',  ( 8.000000000000076383, 0.000000000000000000, -2.250000000000007994 ) ) ;
#6136 = LINE ( 'NONE', #1333, #4624 ) ;
#6137 = VERTEX_POINT ( 'NONE', #4826 ) ;
#6138 = ORIENTED_EDGE ( 'NONE', *, *, #589, .F. ) ;
#6139 = ORIENTED_EDGE ( 'NONE', *, *, #618, .F. ) ;
#6140 = LINE ( 'NONE', #1865, #984 ) ;
#6141 = DIRECTION ( 'NONE',  ( 0.000000000000000000, 0.000000000000000000, 1.000000000000000000 ) ) ;
#6142 = VERTEX_POINT ( 'NONE', #5367 ) ;
#6143 = FACE_BOUND ( 'NONE', #5343, .T. ) ;
#6144 = DIRECTION ( 'NONE',  ( 0.000000000000000000, 0.000000000000000000, 1.000000000000000000 ) ) ;
#6145 = VERTEX_POINT ( 'NONE', #2531 ) ;
#6146 = CARTESIAN_POINT ( 'NONE',  ( 40.00000000000013500, 0.000000000000000000, 9.249999999999984013 ) ) ;
#6147 = DIRECTION ( 'NONE',  ( 0.000000000000000000, 0.000000000000000000, 1.000000000000000000 ) ) ;
#6148 = CARTESIAN_POINT ( 'NONE',  ( 8.000000000000188294, 0.000000000000000000, 27.49999999999998579 ) ) ;
#6149 = AXIS2_PLACEMENT_3D ( 'NONE', #1746, #1782, #369 ) ;
#6150 = CIRCLE ( 'NONE', #5951, 2.250000000000001776 ) ;
#6151 = ORIENTED_EDGE ( 'NONE', *, *, #4112, .F. ) ;
#6152 = ORIENTED_EDGE ( 'NONE', *, *, #1494, .F. ) ;
#6153 = LINE ( 'NONE', #1906, #3999 ) ;
#6154 = ADVANCED_FACE ( 'NONE', ( #2998 ), #5306, .F. ) ;
#6155 = ORIENTED_EDGE ( 'NONE', *, *, #2597, .T. ) ;
#6156 = DIRECTION ( 'NONE',  ( 0.000000000000000000, 0.000000000000000000, 1.000000000000000000 ) ) ;
#6157 = CARTESIAN_POINT ( 'NONE',  ( -23.99999999999995026, 3.000000000000000000, -12.50000000000001066 ) ) ;
#6158 = EDGE_LOOP ( 'NONE', ( #215, #588 ) ) ;
#6159 = ORIENTED_EDGE ( 'NONE', *, *, #1511, .F. ) ;
#6160 = EDGE_CURVE ( 'NONE', #2331, #1795, #5937, .T. ) ;
#6161 = CARTESIAN_POINT ( 'NONE',  ( 4.857225732735059864E-14, 0.000000000000000000, -10.25000000000000888 ) ) ;
#6162 = ADVANCED_FACE ( 'NONE', ( #2037 ), #2557, .F. ) ;
#6163 = VERTEX_POINT ( 'NONE', #1596 ) ;
#6164 = CARTESIAN_POINT ( 'NONE',  ( 8.000000000000076383, 0.000000000000000000, -4.500000000000010658 ) ) ;
#6165 = CARTESIAN_POINT ( 'NONE',  ( 1.945645748392105297E-13, 0.000000000000000000, 25.24999999999998579 ) ) ;
#6166 = DIRECTION ( 'NONE',  ( 0.000000000000000000, 1.000000000000000000, 0.000000000000000000 ) ) ;
#6167 = ORIENTED_EDGE ( 'NONE', *, *, #4639, .F. ) ;
#6168 = VECTOR ( 'NONE', #4045, 1000.000000000000000 ) ;
#6169 = EDGE_CURVE ( 'NONE', #824, #4313, #897, .T. ) ;
#6170 = VECTOR ( 'NONE', #686, 1000.000000000000000 ) ;
#6171 = EDGE_LOOP ( 'NONE', ( #1281, #5287 ) ) ;
#6172 = DIRECTION ( 'NONE',  ( 0.000000000000000000, 1.000000000000000000, 0.000000000000000000 ) ) ;
#6173 = DIRECTION ( 'NONE',  ( -0.000000000000000000, 1.000000000000000000, -0.000000000000000000 ) ) ;
#6174 = AXIS2_PLACEMENT_3D ( 'NONE', #89, #5841, #1653 ) ;
#6175 = EDGE_LOOP ( 'NONE', ( #3044, #3514 ) ) ;
#6176 = FACE_BOUND ( 'NONE', #2997, .T. ) ;
#6177 = EDGE_LOOP ( 'NONE', ( #843, #5550, #1153, #3584 ) ) ;
#6178 = DIRECTION ( 'NONE',  ( -0.000000000000000000, 1.000000000000000000, -0.000000000000000000 ) ) ;
#6179 = AXIS2_PLACEMENT_3D ( 'NONE', #3839, #63, #1887 ) ;
#6180 = CARTESIAN_POINT ( 'NONE',  ( -32.00000000000000000, 0.000000000000000000, -28.50000000000000711 ) ) ;
#6181 = DIRECTION ( 'NONE',  ( -0.000000000000000000, 1.000000000000000000, -0.000000000000000000 ) ) ;
#6182 = EDGE_LOOP ( 'NONE', ( #5759, #4181, #1305, #4294 ) ) ;
#6183 = VERTEX_POINT ( 'NONE', #2124 ) ;
#6184 = CYLINDRICAL_SURFACE ( 'NONE', #26, 2.250000000000001776 ) ;
#6185 = ORIENTED_EDGE ( 'NONE', *, *, #2748, .F. ) ;
#6186 = CARTESIAN_POINT ( 'NONE',  ( 39.99999999999999289, 3.000000000000000000, -28.50000000000001421 ) ) ;
#6187 = CARTESIAN_POINT ( 'NONE',  ( 32.00000000000002842, 3.000000000000000000, -20.50000000000001066 ) ) ;
#6188 = EDGE_LOOP ( 'NONE', ( #1595, #5432 ) ) ;
#6189 = EDGE_LOOP ( 'NONE', ( #5423, #278 ) ) ;
#6190 = FACE_OUTER_BOUND ( 'NONE', #3250, .T. ) ;
#6191 = EDGE_CURVE ( 'NONE', #2960, #868, #5981, .T. ) ;
#6192 = EDGE_LOOP ( 'NONE', ( #2527, #2982 ) ) ;
#6193 = DIRECTION ( 'NONE',  ( 0.000000000000000000, 0.000000000000000000, 1.000000000000000000 ) ) ;
#6194 = EDGE_CURVE ( 'NONE', #5107, #1110, #1690, .T. ) ;
#6195 = CARTESIAN_POINT ( 'NONE',  ( 16.00000000000010303, 0.000000000000000000, 5.749999999999995559 ) ) ;
#6196 = DIRECTION ( 'NONE',  ( 0.000000000000000000, 1.000000000000000000, 0.000000000000000000 ) ) ;
ENDSEC;
END-ISO-10303-21;
