ISO-10303-21;
HEADER;
FILE_DESCRIPTION (( 'STEP AP214' ),
    '1' );
FILE_NAME ('030 Platinenhalter.STEP',
    '2026-07-06T09:37:09',
    ( '' ),
    ( '' ),
    'SwSTEP 2.0',
    'SolidWorks 2020',
    '' );
FILE_SCHEMA (( 'AUTOMOTIVE_DESIGN' ));
ENDSEC;

DATA;
#1 = ADVANCED_FACE ( 'NONE', ( #2985, #1368 ), #2153, .T. ) ;
#2 = EDGE_CURVE ( 'NONE', #1083, #3154, #2969, .T. ) ;
#3 = ORIENTED_EDGE ( 'NONE', *, *, #467, .T. ) ;
#4 = DIRECTION ( 'NONE',  ( -1.000000000000000000, 0.000000000000000000, 0.000000000000000000 ) ) ;
#5 = EDGE_LOOP ( 'NONE', ( #2502, #3166, #1618, #1004 ) ) ;
#6 = DIRECTION ( 'NONE',  ( 0.000000000000000000, 0.000000000000000000, 1.000000000000000000 ) ) ;
#7 = ORIENTED_EDGE ( 'NONE', *, *, #3090, .T. ) ;
#8 = EDGE_LOOP ( 'NONE', ( #2704, #879 ) ) ;
#9 = DIRECTION ( 'NONE',  ( -1.000000000000000000, 0.000000000000000000, 0.000000000000000000 ) ) ;
#10 = VECTOR ( 'NONE', #660, 1000.000000000000000 ) ;
#11 = DIRECTION ( 'NONE',  ( -0.000000000000000000, -1.000000000000000000, -0.000000000000000000 ) ) ;
#12 = VERTEX_POINT ( 'NONE', #87 ) ;
#13 = AXIS2_PLACEMENT_3D ( 'NONE', #587, #1397, #3236 ) ;
#14 = VECTOR ( 'NONE', #1867, 1000.000000000000000 ) ;
#15 = CIRCLE ( 'NONE', #800, 3.499999999999999556 ) ;
#16 = DIRECTION ( 'NONE',  ( 0.000000000000000000, 0.000000000000000000, -1.000000000000000000 ) ) ;
#17 = AXIS2_PLACEMENT_3D ( 'NONE', #1268, #3397, #2327 ) ;
#18 = VECTOR ( 'NONE', #2904, 1000.000000000000000 ) ;
#19 = EDGE_LOOP ( 'NONE', ( #416, #319, #2628, #2237 ) ) ;
#20 = CIRCLE ( 'NONE', #907, 3.500000000000003109 ) ;
#21 = VECTOR ( 'NONE', #360, 1000.000000000000000 ) ;
#22 = VERTEX_POINT ( 'NONE', #589 ) ;
#23 = ADVANCED_FACE ( 'NONE', ( #578, #2926 ), #2689, .T. ) ;
#24 = ADVANCED_FACE ( 'NONE', ( #2739 ), #2447, .F. ) ;
#25 = AXIS2_PLACEMENT_3D ( 'NONE', #2310, #1172, #992 ) ;
#26 = CARTESIAN_POINT ( 'NONE',  ( -1.000000000000007772, 0.000000000000000000, -6.000347999474632488 ) ) ;
#27 = CARTESIAN_POINT ( 'NONE',  ( 29.50000000000000000, 0.000000000000000000, 7.250000000000004441 ) ) ;
#28 = VERTEX_POINT ( 'NONE', #2434 ) ;
#29 = LINE ( 'NONE', #1088, #3279 ) ;
#30 = ORIENTED_EDGE ( 'NONE', *, *, #2343, .F. ) ;
#31 = LINE ( 'NONE', #2159, #238 ) ;
#32 = LINE ( 'NONE', #1677, #960 ) ;
#33 = DIRECTION ( 'NONE',  ( -0.000000000000000000, -0.000000000000000000, 1.000000000000000000 ) ) ;
#34 = DIRECTION ( 'NONE',  ( 1.000000000000000000, 0.000000000000000000, 0.000000000000000000 ) ) ;
#35 = ORIENTED_EDGE ( 'NONE', *, *, #2064, .F. ) ;
#36 = CARTESIAN_POINT ( 'NONE',  ( -39.00000000000000711, 3.000000000000000000, 21.00000000000000000 ) ) ;
#37 = ORIENTED_EDGE ( 'NONE', *, *, #1594, .F. ) ;
#38 = CARTESIAN_POINT ( 'NONE',  ( 33.49999999999999289, 27.00000000000000000, -18.74999999999999645 ) ) ;
#39 = ORIENTED_EDGE ( 'NONE', *, *, #2115, .F. ) ;
#40 = DIRECTION ( 'NONE',  ( -1.000000000000000000, 0.000000000000000000, 0.000000000000000000 ) ) ;
#41 = EDGE_LOOP ( 'NONE', ( #437, #3134, #1422, #3380 ) ) ;
#42 = EDGE_LOOP ( 'NONE', ( #2857, #2934, #204, #539 ) ) ;
#43 = EDGE_CURVE ( 'NONE', #2433, #2149, #622, .T. ) ;
#44 = DIRECTION ( 'NONE',  ( 1.000000000000000000, -0.000000000000000000, 1.224646799147353207E-16 ) ) ;
#45 = CARTESIAN_POINT ( 'NONE',  ( 33.49999999999999289, 0.000000000000000000, -20.24999999999999645 ) ) ;
#46 = DIRECTION ( 'NONE',  ( -0.000000000000000000, -1.000000000000000000, -0.000000000000000000 ) ) ;
#47 = DIRECTION ( 'NONE',  ( 0.000000000000000000, 0.000000000000000000, 1.000000000000000000 ) ) ;
#48 = EDGE_CURVE ( 'NONE', #28, #1621, #2717, .T. ) ;
#49 = VERTEX_POINT ( 'NONE', #1421 ) ;
#50 = ADVANCED_FACE ( 'NONE', ( #70 ), #2212, .T. ) ;
#51 = LINE ( 'NONE', #2981, #14 ) ;
#52 = CARTESIAN_POINT ( 'NONE',  ( 19.08551248218999419, 4.000000000000000000, -21.99999999999999645 ) ) ;
#53 = CARTESIAN_POINT ( 'NONE',  ( 22.50000000000000000, 0.000000000000000000, 7.250000000000004441 ) ) ;
#54 = DIRECTION ( 'NONE',  ( 1.000000000000000000, -0.000000000000000000, 1.224646799147353207E-16 ) ) ;
#55 = DIRECTION ( 'NONE',  ( -0.000000000000000000, -1.000000000000000000, -0.000000000000000000 ) ) ;
#56 = CARTESIAN_POINT ( 'NONE',  ( 0.000000000000000000, 0.000000000000000000, 0.000000000000000000 ) ) ;
#57 = CARTESIAN_POINT ( 'NONE',  ( -39.00000000000000711, 0.000000000000000000, -23.13550028720599627 ) ) ;
#58 = ORIENTED_EDGE ( 'NONE', *, *, #1765, .F. ) ;
#59 = CARTESIAN_POINT ( 'NONE',  ( 33.49999999999999289, 2.999999999999999112, 18.75000000000000355 ) ) ;
#60 = ORIENTED_EDGE ( 'NONE', *, *, #921, .F. ) ;
#61 = CARTESIAN_POINT ( 'NONE',  ( 19.08551248218999419, 4.000000000000000000, -24.49999999999999289 ) ) ;
#62 = CARTESIAN_POINT ( 'NONE',  ( -41.99999999999999289, 0.000000000000000000, -32.50000000000000000 ) ) ;
#63 = PLANE ( 'NONE',  #2036 ) ;
#64 = EDGE_LOOP ( 'NONE', ( #759, #2543, #2356, #2762 ) ) ;
#65 = EDGE_CURVE ( 'NONE', #1842, #2581, #1110, .T. ) ;
#66 = VECTOR ( 'NONE', #523, 1000.000000000000000 ) ;
#67 = CARTESIAN_POINT ( 'NONE',  ( -22.49999999999999645, 0.000000000000000000, -5.749999999999994671 ) ) ;
#68 = CARTESIAN_POINT ( 'NONE',  ( 29.50000000000000000, 2.999999999999999112, -18.74999999999999645 ) ) ;
#69 = VECTOR ( 'NONE', #2018, 1000.000000000000000 ) ;
#70 = FACE_OUTER_BOUND ( 'NONE', #3322, .T. ) ;
#71 = AXIS2_PLACEMENT_3D ( 'NONE', #3358, #1002, #3144 ) ;
#72 = AXIS2_PLACEMENT_3D ( 'NONE', #522, #1379, #262 ) ;
#73 = AXIS2_PLACEMENT_3D ( 'NONE', #2932, #1405, #3232 ) ;
#74 = EDGE_LOOP ( 'NONE', ( #2741, #3091, #708, #540 ) ) ;
#75 = CARTESIAN_POINT ( 'NONE',  ( -29.49999999999999645, 2.999999999999999112, -7.249999999999996447 ) ) ;
#76 = ORIENTED_EDGE ( 'NONE', *, *, #838, .F. ) ;
#77 = DIRECTION ( 'NONE',  ( 1.000000000000000000, 0.000000000000000000, -1.541976423090495387E-16 ) ) ;
#78 = VECTOR ( 'NONE', #2392, 1000.000000000000000 ) ;
#79 = LINE ( 'NONE', #1135, #1935 ) ;
#80 = LINE ( 'NONE', #896, #2894 ) ;
#81 = CARTESIAN_POINT ( 'NONE',  ( 33.49999999999999289, 27.00000000000000000, 18.75000000000000355 ) ) ;
#82 = ORIENTED_EDGE ( 'NONE', *, *, #1329, .F. ) ;
#83 = CARTESIAN_POINT ( 'NONE',  ( 33.49999999999999289, 2.999999999999999112, 5.750000000000003553 ) ) ;
#84 = EDGE_CURVE ( 'NONE', #3173, #1279, #1466, .T. ) ;
#85 = DIRECTION ( 'NONE',  ( 1.000000000000000000, 0.000000000000000000, 0.000000000000000000 ) ) ;
#86 = EDGE_CURVE ( 'NONE', #1511, #374, #1448, .T. ) ;
#87 = CARTESIAN_POINT ( 'NONE',  ( -39.00000000000000711, 27.00000000000000000, -21.99999999999999289 ) ) ;
#88 = EDGE_CURVE ( 'NONE', #3328, #1947, #642, .T. ) ;
#89 = FACE_OUTER_BOUND ( 'NONE', #19, .T. ) ;
#90 = ORIENTED_EDGE ( 'NONE', *, *, #655, .T. ) ;
#91 = FACE_BOUND ( 'NONE', #1489, .T. ) ;
#92 = ORIENTED_EDGE ( 'NONE', *, *, #838, .T. ) ;
#93 = DIRECTION ( 'NONE',  ( 0.000000000000000000, 0.000000000000000000, 1.000000000000000000 ) ) ;
#94 = CARTESIAN_POINT ( 'NONE',  ( 22.50000000000000000, 0.000000000000000000, 7.250000000000004441 ) ) ;
#95 = DIRECTION ( 'NONE',  ( 0.000000000000000000, 0.000000000000000000, 1.000000000000000000 ) ) ;
#96 = ORIENTED_EDGE ( 'NONE', *, *, #2322, .T. ) ;
#97 = DIRECTION ( 'NONE',  ( 0.000000000000000000, 0.000000000000000000, -1.000000000000000000 ) ) ;
#98 = LINE ( 'NONE', #1140, #298 ) ;
#99 = ORIENTED_EDGE ( 'NONE', *, *, #2, .F. ) ;
#100 = LINE ( 'NONE', #3349, #1748 ) ;
#101 = DIRECTION ( 'NONE',  ( 0.000000000000000000, 0.000000000000000000, 1.000000000000000000 ) ) ;
#102 = ORIENTED_EDGE ( 'NONE', *, *, #590, .F. ) ;
#103 = EDGE_CURVE ( 'NONE', #1147, #3063, #2181, .T. ) ;
#104 = EDGE_LOOP ( 'NONE', ( #2752, #3337, #3367, #259 ) ) ;
#105 = FACE_BOUND ( 'NONE', #724, .T. ) ;
#106 = ORIENTED_EDGE ( 'NONE', *, *, #256, .F. ) ;
#107 = DIRECTION ( 'NONE',  ( 0.000000000000000000, 0.000000000000000000, -1.000000000000000000 ) ) ;
#108 = CARTESIAN_POINT ( 'NONE',  ( 22.50000000000000000, 27.00000000000000000, -5.749999999999994671 ) ) ;
#109 = ORIENTED_EDGE ( 'NONE', *, *, #1430, .F. ) ;
#110 = FACE_OUTER_BOUND ( 'NONE', #2420, .T. ) ;
#111 = VERTEX_POINT ( 'NONE', #3009 ) ;
#112 = AXIS2_PLACEMENT_3D ( 'NONE', #1792, #3042, #1734 ) ;
#113 = VECTOR ( 'NONE', #3057, 1000.000000000000000 ) ;
#114 = LINE ( 'NONE', #1158, #3174 ) ;
#115 = CARTESIAN_POINT ( 'NONE',  ( 19.08551248218999419, 3.000000000000000000, 28.00000000000000355 ) ) ;
#116 = VECTOR ( 'NONE', #371, 1000.000000000000000 ) ;
#117 = CARTESIAN_POINT ( 'NONE',  ( -39.00000000000000711, 0.000000000000000000, 24.50000000000000355 ) ) ;
#118 = ORIENTED_EDGE ( 'NONE', *, *, #2959, .F. ) ;
#119 = CARTESIAN_POINT ( 'NONE',  ( 40.49999999999999289, 27.00000000000000000, 7.250000000000004441 ) ) ;
#120 = AXIS2_PLACEMENT_3D ( 'NONE', #1428, #2196, #1681 ) ;
#121 = AXIS2_PLACEMENT_3D ( 'NONE', #1627, #552, #2664 ) ;
#122 = ORIENTED_EDGE ( 'NONE', *, *, #1118, .T. ) ;
#123 = EDGE_CURVE ( 'NONE', #3315, #1165, #1717, .T. ) ;
#124 = ADVANCED_FACE ( 'NONE', ( #419 ), #3284, .T. ) ;
#125 =( NAMED_UNIT ( * ) SI_UNIT ( $, .STERADIAN. ) SOLID_ANGLE_UNIT ( ) );
#126 = VECTOR ( 'NONE', #3147, 1000.000000000000000 ) ;
#127 = DIRECTION ( 'NONE',  ( 0.000000000000000000, 0.000000000000000000, 1.000000000000000000 ) ) ;
#128 = PLANE ( 'NONE',  #1536 ) ;
#129 = ORIENTED_EDGE ( 'NONE', *, *, #3184, .F. ) ;
#130 = EDGE_LOOP ( 'NONE', ( #1055, #3405 ) ) ;
#131 = VECTOR ( 'NONE', #913, 1000.000000000000000 ) ;
#132 = DIRECTION ( 'NONE',  ( 0.000000000000000000, 1.000000000000000000, 0.000000000000000000 ) ) ;
#133 = CARTESIAN_POINT ( 'NONE',  ( 33.49999999999999289, 2.999999999999999112, -5.749999999999994671 ) ) ;
#134 = CARTESIAN_POINT ( 'NONE',  ( 40.49999999999999289, 3.000000000000000000, 18.75000000000000355 ) ) ;
#135 = EDGE_LOOP ( 'NONE', ( #1496, #30, #2191, #1243 ) ) ;
#136 = CARTESIAN_POINT ( 'NONE',  ( 33.49999999999999289, 0.000000000000000000, -18.74999999999999645 ) ) ;
#137 = DIRECTION ( 'NONE',  ( 0.000000000000000000, 0.000000000000000000, 1.000000000000000000 ) ) ;
#138 = CARTESIAN_POINT ( 'NONE',  ( -40.50000000000000000, 3.000000000000000000, 0.000000000000000000 ) ) ;
#139 = ORIENTED_EDGE ( 'NONE', *, *, #3116, .T. ) ;
#140 = DIRECTION ( 'NONE',  ( 0.000000000000000000, 0.000000000000000000, 1.000000000000000000 ) ) ;
#141 = EDGE_LOOP ( 'NONE', ( #1817, #3072, #1740, #1603 ) ) ;
#142 = FACE_OUTER_BOUND ( 'NONE', #1721, .T. ) ;
#143 = ADVANCED_FACE ( 'NONE', ( #434 ), #980, .F. ) ;
#144 = FACE_OUTER_BOUND ( 'NONE', #3106, .T. ) ;
#145 = ORIENTED_EDGE ( 'NONE', *, *, #774, .F. ) ;
#146 = EDGE_CURVE ( 'NONE', #2057, #3398, #3264, .T. ) ;
#147 = EDGE_CURVE ( 'NONE', #3031, #199, #1522, .T. ) ;
#148 = DIRECTION ( 'NONE',  ( -0.000000000000000000, -1.000000000000000000, -0.000000000000000000 ) ) ;
#149 = CARTESIAN_POINT ( 'NONE',  ( 22.50000000000000000, 2.999999999999999112, -7.249999999999996447 ) ) ;
#150 = ORIENTED_EDGE ( 'NONE', *, *, #1783, .F. ) ;
#151 = CARTESIAN_POINT ( 'NONE',  ( -39.00000000000000711, 4.000000000000000000, 27.00000000000000711 ) ) ;
#152 = FACE_BOUND ( 'NONE', #2942, .T. ) ;
#153 = DIRECTION ( 'NONE',  ( 0.000000000000000000, 0.000000000000000000, 1.000000000000000000 ) ) ;
#154 = CARTESIAN_POINT ( 'NONE',  ( -39.00000000000000711, 0.000000000000000000, -25.86449971279399307 ) ) ;
#155 = FACE_OUTER_BOUND ( 'NONE', #836, .T. ) ;
#156 = ORIENTED_EDGE ( 'NONE', *, *, #985, .T. ) ;
#157 = VERTEX_POINT ( 'NONE', #115 ) ;
#158 = PLANE ( 'NONE',  #515 ) ;
#159 = DIRECTION ( 'NONE',  ( -0.000000000000000000, -0.000000000000000000, 1.000000000000000000 ) ) ;
#160 = DIRECTION ( 'NONE',  ( 1.000000000000000000, 0.000000000000000000, 0.000000000000000000 ) ) ;
#161 = DIRECTION ( 'NONE',  ( 0.000000000000000000, -0.000000000000000000, 1.000000000000000000 ) ) ;
#162 = ORIENTED_EDGE ( 'NONE', *, *, #1046, .T. ) ;
#163 = CYLINDRICAL_SURFACE ( 'NONE', #2504, 2.499999999999998668 ) ;
#164 = ORIENTED_EDGE ( 'NONE', *, *, #3249, .F. ) ;
#165 = CARTESIAN_POINT ( 'NONE',  ( -39.00000000000000711, 4.000000000000000000, -24.49999999999999289 ) ) ;
#166 = ADVANCED_FACE ( 'NONE', ( #3296 ), #1179, .F. ) ;
#167 = EDGE_CURVE ( 'NONE', #3407, #479, #3024, .T. ) ;
#168 = CARTESIAN_POINT ( 'NONE',  ( 0.000000000000000000, 3.000000000000000000, 0.000000000000000000 ) ) ;
#169 = CARTESIAN_POINT ( 'NONE',  ( 19.08551248218999419, 27.00000000000000000, -24.49999999999999289 ) ) ;
#170 = EDGE_LOOP ( 'NONE', ( #1556, #377 ) ) ;
#171 = ORIENTED_EDGE ( 'NONE', *, *, #614, .F. ) ;
#172 = LINE ( 'NONE', #946, #1020 ) ;
#173 = CIRCLE ( 'NONE', #2347, 1.000000000000000888 ) ;
#174 = CARTESIAN_POINT ( 'NONE',  ( 41.99999999999999289, 3.000000000000000000, 29.49999999999998934 ) ) ;
#175 = VECTOR ( 'NONE', #1770, 1000.000000000000000 ) ;
#176 = VECTOR ( 'NONE', #2267, 1000.000000000000000 ) ;
#177 = ORIENTED_EDGE ( 'NONE', *, *, #1430, .T. ) ;
#178 = LINE ( 'NONE', #2608, #126 ) ;
#179 = VERTEX_POINT ( 'NONE', #677 ) ;
#180 = VECTOR ( 'NONE', #2287, 1000.000000000000000 ) ;
#181 = VECTOR ( 'NONE', #498, 1000.000000000000000 ) ;
#182 = CARTESIAN_POINT ( 'NONE',  ( -40.50000000000000000, 2.999999999999999112, 7.250000000000004441 ) ) ;
#183 = DIRECTION ( 'NONE',  ( 0.000000000000000000, 0.000000000000000000, 1.000000000000000000 ) ) ;
#184 = CARTESIAN_POINT ( 'NONE',  ( 29.50000000000000000, 3.000000000000000000, 5.750000000000003553 ) ) ;
#185 = VECTOR ( 'NONE', #2311, 1000.000000000000000 ) ;
#186 = VECTOR ( 'NONE', #869, 1000.000000000000000 ) ;
#187 = EDGE_LOOP ( 'NONE', ( #502, #1769, #811, #641 ) ) ;
#188 = CARTESIAN_POINT ( 'NONE',  ( 0.000000000000000000, 3.000000000000000000, -7.249999999999996447 ) ) ;
#189 = VECTOR ( 'NONE', #547, 1000.000000000000000 ) ;
#190 = FACE_OUTER_BOUND ( 'NONE', #1895, .T. ) ;
#191 = ADVANCED_FACE ( 'NONE', ( #2805 ), #2530, .F. ) ;
#192 = EDGE_CURVE ( 'NONE', #3064, #2572, #2546, .T. ) ;
#193 = CARTESIAN_POINT ( 'NONE',  ( -33.49999999999999289, 27.00000000000000000, 18.75000000000000355 ) ) ;
#194 = CARTESIAN_POINT ( 'NONE',  ( 0.000000000000000000, 3.000000000000000000, 20.25000000000000355 ) ) ;
#195 = CARTESIAN_POINT ( 'NONE',  ( 19.08551248218999419, 0.000000000000000000, 23.13550028720601048 ) ) ;
#196 = EDGE_CURVE ( 'NONE', #281, #264, #395, .T. ) ;
#197 = ORIENTED_EDGE ( 'NONE', *, *, #3356, .T. ) ;
#198 = CARTESIAN_POINT ( 'NONE',  ( 22.50000000000000000, 27.00000000000000000, 18.75000000000000355 ) ) ;
#199 = VERTEX_POINT ( 'NONE', #2820 ) ;
#200 = LINE ( 'NONE', #3301, #1529 ) ;
#201 = DIRECTION ( 'NONE',  ( -1.000000000000000000, 0.000000000000000000, -0.000000000000000000 ) ) ;
#202 = ORIENTED_EDGE ( 'NONE', *, *, #1766, .T. ) ;
#203 = CARTESIAN_POINT ( 'NONE',  ( -39.00000000000000711, 4.000000000000000000, 24.50000000000000355 ) ) ;
#204 = ORIENTED_EDGE ( 'NONE', *, *, #661, .T. ) ;
#205 = DIRECTION ( 'NONE',  ( 0.000000000000000000, 0.000000000000000000, 1.000000000000000000 ) ) ;
#206 = PLANE ( 'NONE',  #2239 ) ;
#207 = ORIENTED_EDGE ( 'NONE', *, *, #1008, .T. ) ;
#208 = CARTESIAN_POINT ( 'NONE',  ( 0.000000000000000000, 3.000000000000000000, -5.749999999999994671 ) ) ;
#209 = LINE ( 'NONE', #2332, #2407 ) ;
#210 = CARTESIAN_POINT ( 'NONE',  ( 19.08551248218999419, 4.000000000000000000, -26.99999999999999289 ) ) ;
#211 = PLANE ( 'NONE',  #2082 ) ;
#212 = ORIENTED_EDGE ( 'NONE', *, *, #1091, .T. ) ;
#213 = DIRECTION ( 'NONE',  ( -0.000000000000000000, -1.000000000000000000, -0.000000000000000000 ) ) ;
#214 = ORIENTED_EDGE ( 'NONE', *, *, #638, .F. ) ;
#215 = CARTESIAN_POINT ( 'NONE',  ( 22.50000000000000000, 0.000000000000000000, 18.75000000000000355 ) ) ;
#216 = EDGE_CURVE ( 'NONE', #1076, #2724, #1213, .T. ) ;
#217 = ADVANCED_FACE ( 'NONE', ( #2225 ), #1235, .F. ) ;
#218 = CARTESIAN_POINT ( 'NONE',  ( -39.00000000000000711, 27.00000000000000000, -23.13550028720599627 ) ) ;
#219 = ORIENTED_EDGE ( 'NONE', *, *, #608, .F. ) ;
#220 = EDGE_LOOP ( 'NONE', ( #2390, #648, #1064, #2496 ) ) ;
#221 = CARTESIAN_POINT ( 'NONE',  ( -29.49999999999999645, 27.00000000000000000, -5.749999999999994671 ) ) ;
#222 = ORIENTED_EDGE ( 'NONE', *, *, #939, .F. ) ;
#223 = DIRECTION ( 'NONE',  ( -0.000000000000000000, -1.000000000000000000, -0.000000000000000000 ) ) ;
#224 = CARTESIAN_POINT ( 'NONE',  ( 40.49999999999999289, 3.000000000000000000, 5.750000000000003553 ) ) ;
#225 = CARTESIAN_POINT ( 'NONE',  ( 19.08551248218999419, 4.000000000000000000, 28.00000000000000355 ) ) ;
#226 = CARTESIAN_POINT ( 'NONE',  ( 22.50000000000000000, 27.00000000000000000, 20.25000000000000355 ) ) ;
#227 = LINE ( 'NONE', #2619, #1241 ) ;
#228 = EDGE_LOOP ( 'NONE', ( #369, #1778 ) ) ;
#229 = EDGE_LOOP ( 'NONE', ( #549, #2692, #827, #2076 ) ) ;
#230 = VECTOR ( 'NONE', #2872, 1000.000000000000000 ) ;
#231 = CARTESIAN_POINT ( 'NONE',  ( 33.49999999999999289, 27.00000000000000000, -7.249999999999996447 ) ) ;
#232 = FACE_OUTER_BOUND ( 'NONE', #313, .T. ) ;
#233 = ORIENTED_EDGE ( 'NONE', *, *, #551, .T. ) ;
#234 = EDGE_CURVE ( 'NONE', #179, #1221, #1159, .T. ) ;
#235 = AXIS2_PLACEMENT_3D ( 'NONE', #330, #873, #1683 ) ;
#236 = ORIENTED_EDGE ( 'NONE', *, *, #3117, .T. ) ;
#237 = EDGE_CURVE ( 'NONE', #775, #2261, #2663, .T. ) ;
#238 = VECTOR ( 'NONE', #1258, 1000.000000000000000 ) ;
#239 = DIRECTION ( 'NONE',  ( 1.000000000000000000, 0.000000000000000000, -0.000000000000000000 ) ) ;
#240 = CARTESIAN_POINT ( 'NONE',  ( -39.00000000000000711, 4.000000000000000000, 24.50000000000000355 ) ) ;
#241 = ORIENTED_EDGE ( 'NONE', *, *, #1120, .F. ) ;
#242 = VECTOR ( 'NONE', #928, 1000.000000000000000 ) ;
#243 = VECTOR ( 'NONE', #3165, 1000.000000000000000 ) ;
#244 = VECTOR ( 'NONE', #701, 1000.000000000000000 ) ;
#245 = VECTOR ( 'NONE', #1152, 1000.000000000000000 ) ;
#246 = DIRECTION ( 'NONE',  ( -0.000000000000000000, 1.000000000000000000, -0.000000000000000000 ) ) ;
#247 = AXIS2_PLACEMENT_3D ( 'NONE', #3227, #2693, #1622 ) ;
#248 = TOROIDAL_SURFACE ( 'NONE', #2040, 3.499999999999998224, 1.000000000000000000 ) ;
#249 = ORIENTED_EDGE ( 'NONE', *, *, #726, .F. ) ;
#250 = ORIENTED_EDGE ( 'NONE', *, *, #2500, .F. ) ;
#251 = LINE ( 'NONE', #491, #2451 ) ;
#252 = CARTESIAN_POINT ( 'NONE',  ( -40.50000000000000000, 27.00000000000000000, -18.74999999999999645 ) ) ;
#253 = VERTEX_POINT ( 'NONE', #2860 ) ;
#254 = PLANE ( 'NONE',  #2897 ) ;
#255 = ORIENTED_EDGE ( 'NONE', *, *, #2586, .F. ) ;
#256 = EDGE_CURVE ( 'NONE', #3395, #157, #1169, .T. ) ;
#257 = DIRECTION ( 'NONE',  ( 0.000000000000000000, -0.000000000000000000, 1.000000000000000000 ) ) ;
#258 = PLANE ( 'NONE',  #2138 ) ;
#259 = ORIENTED_EDGE ( 'NONE', *, *, #123, .F. ) ;
#260 = EDGE_CURVE ( 'NONE', #1205, #3315, #3391, .T. ) ;
#261 = EDGE_CURVE ( 'NONE', #2342, #496, #1260, .T. ) ;
#262 = DIRECTION ( 'NONE',  ( 2.775557561562892298E-14, 0.000000000000000000, 1.000000000000000000 ) ) ;
#263 = CARTESIAN_POINT ( 'NONE',  ( 29.50000000000000000, 0.000000000000000000, -18.74999999999999645 ) ) ;
#264 = VERTEX_POINT ( 'NONE', #1580 ) ;
#265 = CARTESIAN_POINT ( 'NONE',  ( 41.99999999999996447, 3.000000000000000000, -32.50000000000000711 ) ) ;
#266 = ORIENTED_EDGE ( 'NONE', *, *, #1191, .T. ) ;
#267 = FACE_OUTER_BOUND ( 'NONE', #2485, .T. ) ;
#268 = LINE ( 'NONE', #3359, #2735 ) ;
#269 = ORIENTED_EDGE ( 'NONE', *, *, #2922, .F. ) ;
#270 = CARTESIAN_POINT ( 'NONE',  ( -22.49999999999999645, 0.000000000000000000, 20.25000000000000355 ) ) ;
#271 = VERTEX_POINT ( 'NONE', #1013 ) ;
#272 = DIRECTION ( 'NONE',  ( -0.000000000000000000, -1.000000000000000000, -0.000000000000000000 ) ) ;
#273 = LINE ( 'NONE', #1338, #78 ) ;
#274 = CARTESIAN_POINT ( 'NONE',  ( -39.00000000000000711, 3.000000000000000000, 24.50000000000000355 ) ) ;
#275 = ORIENTED_EDGE ( 'NONE', *, *, #3040, .F. ) ;
#276 = FACE_OUTER_BOUND ( 'NONE', #1023, .T. ) ;
#277 = EDGE_CURVE ( 'NONE', #2401, #3303, #2316, .T. ) ;
#278 = CARTESIAN_POINT ( 'NONE',  ( 40.49999999999999289, 0.000000000000000000, 7.250000000000004441 ) ) ;
#279 = ADVANCED_FACE ( 'NONE', ( #1835 ), #998, .F. ) ;
#280 = SURFACE_SIDE_STYLE ('',( #2908 ) ) ;
#281 = VERTEX_POINT ( 'NONE', #2584 ) ;
#282 = CARTESIAN_POINT ( 'NONE',  ( -1.000000000000007772, 27.00000000000000000, 6.500000000000005329 ) ) ;
#283 = ORIENTED_EDGE ( 'NONE', *, *, #2501, .T. ) ;
#284 = DIRECTION ( 'NONE',  ( 0.000000000000000000, 1.000000000000000000, 0.000000000000000000 ) ) ;
#285 = ORIENTED_EDGE ( 'NONE', *, *, #1612, .T. ) ;
#286 = EDGE_LOOP ( 'NONE', ( #2429, #285, #2004, #933 ) ) ;
#287 = CARTESIAN_POINT ( 'NONE',  ( -39.00000000000000711, 4.000000000000000000, 22.00000000000000355 ) ) ;
#288 = VECTOR ( 'NONE', #903, 1000.000000000000000 ) ;
#289 = DIRECTION ( 'NONE',  ( -0.000000000000000000, -1.000000000000000000, -0.000000000000000000 ) ) ;
#290 = CARTESIAN_POINT ( 'NONE',  ( 29.50000000000000000, 27.00000000000000000, 7.250000000000004441 ) ) ;
#291 = VERTEX_POINT ( 'NONE', #468 ) ;
#292 = VECTOR ( 'NONE', #2321, 1000.000000000000000 ) ;
#293 = CARTESIAN_POINT ( 'NONE',  ( -40.50000000000000000, 0.000000000000000000, -5.749999999999994671 ) ) ;
#294 = CIRCLE ( 'NONE', #3171, 1.364499712793999064 ) ;
#295 = CIRCLE ( 'NONE', #1586, 1.364499712793999064 ) ;
#296 = LINE ( 'NONE', #1380, #1866 ) ;
#297 = VECTOR ( 'NONE', #331, 1000.000000000000000 ) ;
#298 = VECTOR ( 'NONE', #1108, 1000.000000000000000 ) ;
#299 = EDGE_CURVE ( 'NONE', #1478, #1030, #3352, .T. ) ;
#300 = ADVANCED_FACE ( 'NONE', ( #1034 ), #211, .F. ) ;
#301 = ORIENTED_EDGE ( 'NONE', *, *, #3402, .T. ) ;
#302 = CARTESIAN_POINT ( 'NONE',  ( 19.08551248218999419, 27.00000000000000000, -24.49999999999999289 ) ) ;
#303 =( GEOMETRIC_REPRESENTATION_CONTEXT ( 3 ) GLOBAL_UNCERTAINTY_ASSIGNED_CONTEXT ( ( #3118 ) ) GLOBAL_UNIT_ASSIGNED_CONTEXT ( ( #2647, #1961, #333 ) ) REPRESENTATION_CONTEXT ( 'NONE', 'WORKASPACE' ) );
#304 = CARTESIAN_POINT ( 'NONE',  ( 22.50000000000000000, 0.000000000000000000, -18.74999999999999645 ) ) ;
#305 = ADVANCED_FACE ( 'NONE', ( #2113 ), #485, .F. ) ;
#306 = ADVANCED_FACE ( 'NONE', ( #3416 ), #2102, .F. ) ;
#307 = ORIENTED_EDGE ( 'NONE', *, *, #2839, .T. ) ;
#308 = ORIENTED_EDGE ( 'NONE', *, *, #2079, .F. ) ;
#309 = LINE ( 'NONE', #2172, #1638 ) ;
#310 = LINE ( 'NONE', #2426, #3168 ) ;
#311 = DIRECTION ( 'NONE',  ( 0.000000000000000000, 0.000000000000000000, -1.000000000000000000 ) ) ;
#312 = CARTESIAN_POINT ( 'NONE',  ( 40.49999999999999289, 0.000000000000000000, 7.250000000000004441 ) ) ;
#313 = EDGE_LOOP ( 'NONE', ( #3287, #3190, #456, #2913 ) ) ;
#314 = LINE ( 'NONE', #343, #740 ) ;
#315 = CARTESIAN_POINT ( 'NONE',  ( 40.49999999999999289, 0.000000000000000000, 5.750000000000003553 ) ) ;
#316 = CARTESIAN_POINT ( 'NONE',  ( -33.49999999999999289, 0.000000000000000000, 20.25000000000000355 ) ) ;
#317 = ORIENTED_EDGE ( 'NONE', *, *, #2231, .F. ) ;
#318 = ORIENTED_EDGE ( 'NONE', *, *, #659, .T. ) ;
#319 = ORIENTED_EDGE ( 'NONE', *, *, #1126, .T. ) ;
#320 = DIRECTION ( 'NONE',  ( -1.000000000000000000, 0.000000000000000000, 1.541976423090495387E-16 ) ) ;
#321 = VERTEX_POINT ( 'NONE', #1276 ) ;
#322 = CARTESIAN_POINT ( 'NONE',  ( 0.000000000000000000, 3.000000000000000000, 18.75000000000000355 ) ) ;
#323 = EDGE_CURVE ( 'NONE', #844, #2635, #1404, .T. ) ;
#324 = EDGE_CURVE ( 'NONE', #1007, #2401, #2600, .T. ) ;
#325 = CARTESIAN_POINT ( 'NONE',  ( 40.49999999999999289, 27.00000000000000000, 18.75000000000000355 ) ) ;
#326 = DIRECTION ( 'NONE',  ( 1.000000000000000000, 0.000000000000000000, -0.000000000000000000 ) ) ;
#327 = ORIENTED_EDGE ( 'NONE', *, *, #3364, .F. ) ;
#328 = CYLINDRICAL_SURFACE ( 'NONE', #2351, 1.364499712793995734 ) ;
#329 = CARTESIAN_POINT ( 'NONE',  ( 29.50000000000000000, 27.00000000000000000, 7.250000000000004441 ) ) ;
#330 = CARTESIAN_POINT ( 'NONE',  ( 19.08551248218999419, 0.000000000000000000, 24.50000000000000355 ) ) ;
#331 = DIRECTION ( 'NONE',  ( -0.000000000000000000, -0.000000000000000000, 1.000000000000000000 ) ) ;
#332 = DIRECTION ( 'NONE',  ( 1.000000000000000000, 0.000000000000000000, 0.000000000000000000 ) ) ;
#333 =( NAMED_UNIT ( * ) SI_UNIT ( $, .STERADIAN. ) SOLID_ANGLE_UNIT ( ) );
#334 = ORIENTED_EDGE ( 'NONE', *, *, #147, .T. ) ;
#335 = FACE_BOUND ( 'NONE', #1257, .T. ) ;
#336 = EDGE_LOOP ( 'NONE', ( #1473, #899, #1568, #2489 ) ) ;
#337 = DIRECTION ( 'NONE',  ( -0.000000000000000000, -1.000000000000000000, -0.000000000000000000 ) ) ;
#338 = EDGE_CURVE ( 'NONE', #1442, #3206, #808, .T. ) ;
#339 = ADVANCED_FACE ( 'NONE', ( #3136 ), #454, .F. ) ;
#340 = DIRECTION ( 'NONE',  ( -0.000000000000000000, -1.000000000000000000, -0.000000000000000000 ) ) ;
#341 = DIRECTION ( 'NONE',  ( 0.000000000000000000, 0.000000000000000000, 1.000000000000000000 ) ) ;
#342 = VERTEX_POINT ( 'NONE', #2370 ) ;
#343 = CARTESIAN_POINT ( 'NONE',  ( 29.50000000000000000, 27.00000000000000000, -20.24999999999999645 ) ) ;
#344 = CARTESIAN_POINT ( 'NONE',  ( -33.49999999999999289, 2.999999999999999112, -5.749999999999994671 ) ) ;
#345 = CIRCLE ( 'NONE', #1015, 2.499999999999998668 ) ;
#346 = CARTESIAN_POINT ( 'NONE',  ( -22.49999999999999645, 0.000000000000000000, 7.250000000000004441 ) ) ;
#347 = AXIS2_PLACEMENT_3D ( 'NONE', #541, #1458, #443 ) ;
#348 = VECTOR ( 'NONE', #1880, 1000.000000000000000 ) ;
#349 = DIRECTION ( 'NONE',  ( -1.000000000000000000, -0.000000000000000000, -0.000000000000000000 ) ) ;
#350 = VERTEX_POINT ( 'NONE', #263 ) ;
#351 = AXIS2_PLACEMENT_3D ( 'NONE', #1798, #3408, #201 ) ;
#352 = AXIS2_PLACEMENT_3D ( 'NONE', #885, #1429, #2737 ) ;
#353 = DIRECTION ( 'NONE',  ( -1.000000000000000000, 0.000000000000000000, -0.000000000000000000 ) ) ;
#354 = VECTOR ( 'NONE', #2446, 1000.000000000000000 ) ;
#355 = VECTOR ( 'NONE', #33, 1000.000000000000000 ) ;
#356 = ORIENTED_EDGE ( 'NONE', *, *, #1105, .F. ) ;
#357 = FACE_BOUND ( 'NONE', #1909, .T. ) ;
#358 = VERTEX_POINT ( 'NONE', #2907 ) ;
#359 = CIRCLE ( 'NONE', #2028, 1.364499712793995734 ) ;
#360 = DIRECTION ( 'NONE',  ( -0.000000000000000000, -1.000000000000000000, -0.000000000000000000 ) ) ;
#361 = CARTESIAN_POINT ( 'NONE',  ( -33.49999999999999289, 0.000000000000000000, -18.74999999999999645 ) ) ;
#362 = ORIENTED_EDGE ( 'NONE', *, *, #3402, .F. ) ;
#363 = APPLICATION_CONTEXT ( 'automotive_design' ) ;
#364 = FACE_OUTER_BOUND ( 'NONE', #1713, .T. ) ;
#365 = DIRECTION ( 'NONE',  ( -0.000000000000000000, -1.000000000000000000, -0.000000000000000000 ) ) ;
#366 = CARTESIAN_POINT ( 'NONE',  ( -1.000000000000006217, 27.00000000000000000, 19.00034799947464137 ) ) ;
#367 = EDGE_CURVE ( 'NONE', #1192, #2471, #1617, .T. ) ;
#368 = DIRECTION ( 'NONE',  ( 0.000000000000000000, 0.000000000000000000, 1.000000000000000000 ) ) ;
#369 = ORIENTED_EDGE ( 'NONE', *, *, #2668, .F. ) ;
#370 = DIRECTION ( 'NONE',  ( 1.000000000000000000, 0.000000000000000000, -7.709882115452476934E-17 ) ) ;
#371 = DIRECTION ( 'NONE',  ( -1.000000000000000000, 0.000000000000000000, 0.000000000000000000 ) ) ;
#372 = CARTESIAN_POINT ( 'NONE',  ( -29.49999999999999645, 0.000000000000000000, -5.749999999999994671 ) ) ;
#373 = DIRECTION ( 'NONE',  ( 0.000000000000000000, 0.000000000000000000, -1.000000000000000000 ) ) ;
#374 = VERTEX_POINT ( 'NONE', #316 ) ;
#375 = DIRECTION ( 'NONE',  ( 0.000000000000000000, 1.000000000000000000, 0.000000000000000000 ) ) ;
#376 = CARTESIAN_POINT ( 'NONE',  ( 22.50000000000000000, 27.00000000000000000, 5.750000000000003553 ) ) ;
#377 = ORIENTED_EDGE ( 'NONE', *, *, #1143, .T. ) ;
#378 = CARTESIAN_POINT ( 'NONE',  ( -29.49999999999999645, 27.00000000000000000, -7.249999999999996447 ) ) ;
#379 = EDGE_CURVE ( 'NONE', #3208, #1372, #296, .T. ) ;
#380 = ADVANCED_FACE ( 'NONE', ( #3247 ), #886, .F. ) ;
#381 = CARTESIAN_POINT ( 'NONE',  ( 40.49999999999999289, 2.999999999999999112, 7.250000000000004441 ) ) ;
#382 = DIRECTION ( 'NONE',  ( -0.000000000000000000, -1.000000000000000000, -0.000000000000000000 ) ) ;
#383 = DIRECTION ( 'NONE',  ( -1.000000000000000000, 0.000000000000000000, -0.000000000000000000 ) ) ;
#384 = VERTEX_POINT ( 'NONE', #36 ) ;
#385 = FACE_BOUND ( 'NONE', #3289, .T. ) ;
#386 = ORIENTED_EDGE ( 'NONE', *, *, #1234, .T. ) ;
#387 = FACE_OUTER_BOUND ( 'NONE', #3342, .T. ) ;
#388 = ORIENTED_EDGE ( 'NONE', *, *, #3249, .T. ) ;
#389 = VERTEX_POINT ( 'NONE', #2211 ) ;
#390 = LINE ( 'NONE', #2431, #905 ) ;
#391 = VERTEX_POINT ( 'NONE', #278 ) ;
#392 = VECTOR ( 'NONE', #55, 1000.000000000000000 ) ;
#393 = VECTOR ( 'NONE', #2009, 1000.000000000000000 ) ;
#394 = DIRECTION ( 'NONE',  ( -1.000000000000000000, 0.000000000000000000, 0.000000000000000000 ) ) ;
#395 = LINE ( 'NONE', #154, #3164 ) ;
#396 = PRODUCT_DEFINITION ( 'UNKNOWN', '', #1363, #2871 ) ;
#397 = AXIS2_PLACEMENT_3D ( 'NONE', #61, #1662, #631 ) ;
#398 = EDGE_CURVE ( 'NONE', #1808, #2326, #173, .T. ) ;
#399 = DIRECTION ( 'NONE',  ( 0.000000000000000000, 0.000000000000000000, 1.000000000000000000 ) ) ;
#400 = ORIENTED_EDGE ( 'NONE', *, *, #3157, .T. ) ;
#401 = PLANE ( 'NONE',  #1419 ) ;
#402 = VECTOR ( 'NONE', #159, 1000.000000000000000 ) ;
#403 = ORIENTED_EDGE ( 'NONE', *, *, #3039, .T. ) ;
#404 = EDGE_CURVE ( 'NONE', #1381, #2503, #345, .T. ) ;
#405 = EDGE_CURVE ( 'NONE', #157, #504, #797, .T. ) ;
#406 = AXIS2_PLACEMENT_3D ( 'NONE', #203, #2810, #2284 ) ;
#407 = APPLICATION_PROTOCOL_DEFINITION ( 'draft international standard', 'automotive_design', 1998, #2247 ) ;
#408 = AXIS2_PLACEMENT_3D ( 'NONE', #1075, #536, #2364 ) ;
#409 = DIRECTION ( 'NONE',  ( 0.000000000000000000, -1.000000000000000000, 0.000000000000000000 ) ) ;
#410 = VERTEX_POINT ( 'NONE', #2418 ) ;
#411 = ORIENTED_EDGE ( 'NONE', *, *, #2060, .F. ) ;
#412 = AXIS2_PLACEMENT_3D ( 'NONE', #2721, #629, #370 ) ;
#413 = VECTOR ( 'NONE', #508, 1000.000000000000000 ) ;
#414 = FACE_OUTER_BOUND ( 'NONE', #575, .T. ) ;
#415 = DIRECTION ( 'NONE',  ( -0.000000000000000000, 1.000000000000000000, -0.000000000000000000 ) ) ;
#416 = ORIENTED_EDGE ( 'NONE', *, *, #1393, .T. ) ;
#417 = FACE_OUTER_BOUND ( 'NONE', #2670, .T. ) ;
#418 = DIRECTION ( 'NONE',  ( -1.000000000000000000, 0.000000000000000000, 0.000000000000000000 ) ) ;
#419 = FACE_OUTER_BOUND ( 'NONE', #3103, .T. ) ;
#420 = LINE ( 'NONE', #2987, #1815 ) ;
#421 = VERTEX_POINT ( 'NONE', #2397 ) ;
#422 = ORIENTED_EDGE ( 'NONE', *, *, #277, .T. ) ;
#423 = CARTESIAN_POINT ( 'NONE',  ( 22.50000000000000000, 0.000000000000000000, -20.24999999999999645 ) ) ;
#424 = CARTESIAN_POINT ( 'NONE',  ( -22.49999999999999645, 3.000000000000000000, 5.750000000000003553 ) ) ;
#425 = ORIENTED_EDGE ( 'NONE', *, *, #574, .F. ) ;
#426 = EDGE_CURVE ( 'NONE', #3160, #706, #2715, .T. ) ;
#427 = ORIENTED_EDGE ( 'NONE', *, *, #920, .T. ) ;
#428 = ADVANCED_FACE ( 'NONE', ( #2701 ), #2465, .F. ) ;
#429 = DIRECTION ( 'NONE',  ( 0.000000000000000000, 0.000000000000000000, 1.000000000000000000 ) ) ;
#430 = CARTESIAN_POINT ( 'NONE',  ( -39.00000000000000711, 0.000000000000000000, 24.50000000000000355 ) ) ;
#431 = ORIENTED_EDGE ( 'NONE', *, *, #1783, .T. ) ;
#432 = LINE ( 'NONE', #1484, #2131 ) ;
#433 = FACE_BOUND ( 'NONE', #1291, .T. ) ;
#434 = FACE_OUTER_BOUND ( 'NONE', #1264, .T. ) ;
#435 = ORIENTED_EDGE ( 'NONE', *, *, #754, .T. ) ;
#436 = DIRECTION ( 'NONE',  ( -1.000000000000000000, 0.000000000000000000, 0.000000000000000000 ) ) ;
#437 = ORIENTED_EDGE ( 'NONE', *, *, #3255, .F. ) ;
#438 = DIRECTION ( 'NONE',  ( 1.000000000000000000, 0.000000000000000000, 0.000000000000000000 ) ) ;
#439 = VERTEX_POINT ( 'NONE', #68 ) ;
#440 = EDGE_LOOP ( 'NONE', ( #2654, #964, #567, #2016, #3028, #2142, #171, #1591 ) ) ;
#441 = EDGE_CURVE ( 'NONE', #2630, #2433, #1124, .T. ) ;
#442 = EDGE_CURVE ( 'NONE', #2401, #1445, #1097, .T. ) ;
#443 = DIRECTION ( 'NONE',  ( 0.000000000000000000, 0.000000000000000000, 1.000000000000000000 ) ) ;
#444 = PLANE ( 'NONE',  #2086 ) ;
#445 = DIRECTION ( 'NONE',  ( 1.000000000000000000, 0.000000000000000000, 0.000000000000000000 ) ) ;
#446 = EDGE_LOOP ( 'NONE', ( #1828, #2168, #2999, #3113 ) ) ;
#447 = CARTESIAN_POINT ( 'NONE',  ( -41.99999999999999289, 0.000000000000000000, 32.50000000000000000 ) ) ;
#448 = EDGE_CURVE ( 'NONE', #2250, #111, #1081, .T. ) ;
#449 = CARTESIAN_POINT ( 'NONE',  ( 19.08551248218999419, 0.000000000000000000, 24.50000000000000355 ) ) ;
#450 = DIRECTION ( 'NONE',  ( -0.000000000000000000, -1.000000000000000000, -0.000000000000000000 ) ) ;
#451 = EDGE_LOOP ( 'NONE', ( #1666, #1024, #2597, #2677 ) ) ;
#452 = DIRECTION ( 'NONE',  ( 0.000000000000000000, 0.000000000000000000, -1.000000000000000000 ) ) ;
#453 = VERTEX_POINT ( 'NONE', #2199 ) ;
#454 = TOROIDAL_SURFACE ( 'NONE', #3317, 3.500000000000002665, 1.000000000000000000 ) ;
#455 = DIRECTION ( 'NONE',  ( 0.000000000000000000, -1.000000000000000000, 0.000000000000000000 ) ) ;
#456 = ORIENTED_EDGE ( 'NONE', *, *, #2100, .T. ) ;
#457 = CARTESIAN_POINT ( 'NONE',  ( -40.50000000000000000, 0.000000000000000000, -18.74999999999999645 ) ) ;
#458 = ORIENTED_EDGE ( 'NONE', *, *, #939, .T. ) ;
#459 = AXIS2_PLACEMENT_3D ( 'NONE', #3343, #2075, #2109 ) ;
#460 = DIRECTION ( 'NONE',  ( -0.000000000000000000, 1.000000000000000000, -0.000000000000000000 ) ) ;
#461 = CARTESIAN_POINT ( 'NONE',  ( 45.00000000000000000, 3.000000000000000000, 32.49999999999998579 ) ) ;
#462 = AXIS2_PLACEMENT_3D ( 'NONE', #1352, #2184, #2409 ) ;
#463 = VECTOR ( 'NONE', #3341, 1000.000000000000000 ) ;
#464 = EDGE_LOOP ( 'NONE', ( #1563, #3241 ) ) ;
#465 = DIRECTION ( 'NONE',  ( 1.000000000000000000, 0.000000000000000000, 0.000000000000000000 ) ) ;
#466 = FACE_BOUND ( 'NONE', #2074, .T. ) ;
#467 = EDGE_CURVE ( 'NONE', #439, #350, #839, .T. ) ;
#468 = CARTESIAN_POINT ( 'NONE',  ( 19.08551248218999419, 27.00000000000000000, 23.13550028720601048 ) ) ;
#469 = ADVANCED_FACE ( 'NONE', ( #571 ), #602, .F. ) ;
#470 = DIRECTION ( 'NONE',  ( -0.000000000000000000, -1.000000000000000000, -0.000000000000000000 ) ) ;
#471 = DIRECTION ( 'NONE',  ( -1.000000000000000000, 0.000000000000000000, -0.000000000000000000 ) ) ;
#472 = ORIENTED_EDGE ( 'NONE', *, *, #773, .F. ) ;
#473 = DIRECTION ( 'NONE',  ( 1.000000000000000000, 0.000000000000000000, 0.000000000000000000 ) ) ;
#474 = VERTEX_POINT ( 'NONE', #2432 ) ;
#475 = DIRECTION ( 'NONE',  ( -0.000000000000000000, -1.000000000000000000, -0.000000000000000000 ) ) ;
#476 = LINE ( 'NONE', #3086, #2135 ) ;
#477 = ORIENTED_EDGE ( 'NONE', *, *, #858, .F. ) ;
#478 = DIRECTION ( 'NONE',  ( -0.000000000000000000, -1.000000000000000000, -0.000000000000000000 ) ) ;
#479 = VERTEX_POINT ( 'NONE', #53 ) ;
#480 = PLANE ( 'NONE',  #1595 ) ;
#481 = FACE_OUTER_BOUND ( 'NONE', #490, .T. ) ;
#482 = VERTEX_POINT ( 'NONE', #2180 ) ;
#483 = FACE_BOUND ( 'NONE', #2643, .T. ) ;
#484 = DIRECTION ( 'NONE',  ( -0.000000000000000000, -1.000000000000000000, -0.000000000000000000 ) ) ;
#485 = PLANE ( 'NONE',  #3265 ) ;
#486 = EDGE_CURVE ( 'NONE', #1839, #1808, #3267, .T. ) ;
#487 = EDGE_CURVE ( 'NONE', #1036, #2760, #1635, .T. ) ;
#488 = ORIENTED_EDGE ( 'NONE', *, *, #2493, .F. ) ;
#489 = CARTESIAN_POINT ( 'NONE',  ( 19.08551248218999419, 0.000000000000000000, 23.13550028720601048 ) ) ;
#490 = EDGE_LOOP ( 'NONE', ( #1852, #3193, #2346, #2007 ) ) ;
#491 = CARTESIAN_POINT ( 'NONE',  ( -39.00000000000000711, 27.00000000000000000, -21.99999999999999289 ) ) ;
#492 = APPLICATION_PROTOCOL_DEFINITION ( 'draft international standard', 'automotive_design', 1998, #363 ) ;
#493 = LINE ( 'NONE', #2850, #2293 ) ;
#494 = CARTESIAN_POINT ( 'NONE',  ( -39.00000000000000711, 4.000000000000000000, -26.99999999999999645 ) ) ;
#495 = ORIENTED_EDGE ( 'NONE', *, *, #591, .F. ) ;
#496 = VERTEX_POINT ( 'NONE', #346 ) ;
#497 = DIRECTION ( 'NONE',  ( 0.000000000000000000, 0.000000000000000000, 1.000000000000000000 ) ) ;
#498 = DIRECTION ( 'NONE',  ( 0.000000000000000000, 0.000000000000000000, -1.000000000000000000 ) ) ;
#499 = VERTEX_POINT ( 'NONE', #2785 ) ;
#500 = CARTESIAN_POINT ( 'NONE',  ( -22.49999999999999645, 27.00000000000000000, 7.250000000000004441 ) ) ;
#501 = DIRECTION ( 'NONE',  ( 1.000000000000000000, 0.000000000000000000, 0.000000000000000000 ) ) ;
#502 = ORIENTED_EDGE ( 'NONE', *, *, #2939, .T. ) ;
#503 = FACE_OUTER_BOUND ( 'NONE', #911, .T. ) ;
#504 = VERTEX_POINT ( 'NONE', #1730 ) ;
#505 = EDGE_CURVE ( 'NONE', #1808, #1839, #2986, .T. ) ;
#506 = VECTOR ( 'NONE', #332, 1000.000000000000000 ) ;
#507 = CARTESIAN_POINT ( 'NONE',  ( -39.00000000000000711, 3.000000000000000000, -20.99999999999998934 ) ) ;
#508 = DIRECTION ( 'NONE',  ( -0.000000000000000000, -1.000000000000000000, -0.000000000000000000 ) ) ;
#509 = ORIENTED_EDGE ( 'NONE', *, *, #2633, .T. ) ;
#510 = DIRECTION ( 'NONE',  ( 0.000000000000000000, 0.000000000000000000, -1.000000000000000000 ) ) ;
#511 = VERTEX_POINT ( 'NONE', #151 ) ;
#512 = ADVANCED_FACE ( 'NONE', ( #417 ), #697, .F. ) ;
#513 = EDGE_CURVE ( 'NONE', #2244, #3306, #3263, .T. ) ;
#514 = VECTOR ( 'NONE', #1425, 1000.000000000000000 ) ;
#515 = AXIS2_PLACEMENT_3D ( 'NONE', #1218, #3316, #1052 ) ;
#516 = DIRECTION ( 'NONE',  ( 0.000000000000000000, 0.000000000000000000, 1.000000000000000000 ) ) ;
#517 = ORIENTED_EDGE ( 'NONE', *, *, #2955, .F. ) ;
#518 = VECTOR ( 'NONE', #987, 1000.000000000000000 ) ;
#519 = AXIS2_PLACEMENT_3D ( 'NONE', #2222, #1121, #2197 ) ;
#520 = VECTOR ( 'NONE', #2333, 1000.000000000000000 ) ;
#521 = VECTOR ( 'NONE', #340, 1000.000000000000000 ) ;
#522 = CARTESIAN_POINT ( 'NONE',  ( 41.99999999999999289, 0.000000000000000000, 29.49999999999998934 ) ) ;
#523 = DIRECTION ( 'NONE',  ( -0.000000000000000000, -1.000000000000000000, -0.000000000000000000 ) ) ;
#524 = AXIS2_PLACEMENT_3D ( 'NONE', #1708, #2995, #667 ) ;
#525 = CARTESIAN_POINT ( 'NONE',  ( -22.49999999999999645, 27.00000000000000000, 7.250000000000004441 ) ) ;
#526 = ORIENTED_EDGE ( 'NONE', *, *, #486, .F. ) ;
#527 = LINE ( 'NONE', #1063, #3273 ) ;
#528 = ORIENTED_EDGE ( 'NONE', *, *, #1872, .F. ) ;
#529 = CARTESIAN_POINT ( 'NONE',  ( -39.00000000000000711, 27.00000000000000000, -24.49999999999999289 ) ) ;
#530 = CARTESIAN_POINT ( 'NONE',  ( -22.49999999999999645, 3.000000000000000000, -7.249999999999996447 ) ) ;
#531 = ORIENTED_EDGE ( 'NONE', *, *, #2916, .F. ) ;
#532 = FACE_OUTER_BOUND ( 'NONE', #2522, .T. ) ;
#533 = ORIENTED_EDGE ( 'NONE', *, *, #2649, .F. ) ;
#534 = CARTESIAN_POINT ( 'NONE',  ( 22.50000000000000000, 3.000000000000000000, -39.00000000000000000 ) ) ;
#535 = EDGE_CURVE ( 'NONE', #544, #1133, #674, .T. ) ;
#536 = DIRECTION ( 'NONE',  ( 1.000000000000000000, -0.000000000000000000, 1.224646799147353207E-16 ) ) ;
#537 = EDGE_LOOP ( 'NONE', ( #2784, #1186, #2421, #1782 ) ) ;
#538 = DIRECTION ( 'NONE',  ( 0.000000000000000000, -0.000000000000000000, 1.000000000000000000 ) ) ;
#539 = ORIENTED_EDGE ( 'NONE', *, *, #1951, .T. ) ;
#540 = ORIENTED_EDGE ( 'NONE', *, *, #367, .F. ) ;
#541 = CARTESIAN_POINT ( 'NONE',  ( -39.00000000000000711, 0.000000000000000000, -24.49999999999999289 ) ) ;
#542 = EDGE_LOOP ( 'NONE', ( #690, #1896 ) ) ;
#543 = LINE ( 'NONE', #2761, #1535 ) ;
#544 = VERTEX_POINT ( 'NONE', #2274 ) ;
#545 = DIRECTION ( 'NONE',  ( 0.000000000000000000, -0.000000000000000000, 1.000000000000000000 ) ) ;
#546 = DIRECTION ( 'NONE',  ( 0.000000000000000000, 0.000000000000000000, 1.000000000000000000 ) ) ;
#547 = DIRECTION ( 'NONE',  ( -0.000000000000000000, -1.000000000000000000, -0.000000000000000000 ) ) ;
#548 = CARTESIAN_POINT ( 'NONE',  ( -22.49999999999999645, 0.000000000000000000, 18.75000000000000355 ) ) ;
#549 = ORIENTED_EDGE ( 'NONE', *, *, #1628, .F. ) ;
#550 = EDGE_CURVE ( 'NONE', #350, #1842, #432, .T. ) ;
#551 = EDGE_CURVE ( 'NONE', #3131, #271, #1749, .T. ) ;
#552 = DIRECTION ( 'NONE',  ( 0.000000000000000000, 1.000000000000000000, 0.000000000000000000 ) ) ;
#553 = CARTESIAN_POINT ( 'NONE',  ( -40.50000000000000000, 27.00000000000000000, -20.24999999999999645 ) ) ;
#554 = EDGE_CURVE ( 'NONE', #504, #157, #2830, .T. ) ;
#555 = ORIENTED_EDGE ( 'NONE', *, *, #725, .T. ) ;
#556 = CARTESIAN_POINT ( 'NONE',  ( -33.49999999999999289, 0.000000000000000000, 5.750000000000003553 ) ) ;
#557 = CARTESIAN_POINT ( 'NONE',  ( -39.00000000000000711, 27.00000000000000000, -24.49999999999999289 ) ) ;
#558 = ORIENTED_EDGE ( 'NONE', *, *, #1594, .T. ) ;
#559 = DIRECTION ( 'NONE',  ( 1.000000000000000000, -0.000000000000000000, 0.000000000000000000 ) ) ;
#560 = EDGE_LOOP ( 'NONE', ( #615, #1705, #222, #129 ) ) ;
#561 = CARTESIAN_POINT ( 'NONE',  ( -33.49999999999999289, 0.000000000000000000, 20.25000000000000355 ) ) ;
#562 = AXIS2_PLACEMENT_3D ( 'NONE', #1382, #1922, #368 ) ;
#563 = CARTESIAN_POINT ( 'NONE',  ( -1.000000000000007772, 27.00000000000000000, -6.000347999474632488 ) ) ;
#564 = VECTOR ( 'NONE', #2889, 1000.000000000000000 ) ;
#565 = PLANE ( 'NONE',  #3225 ) ;
#566 = LINE ( 'NONE', #1709, #245 ) ;
#567 = ORIENTED_EDGE ( 'NONE', *, *, #2794, .F. ) ;
#568 = VECTOR ( 'NONE', #1912, 1000.000000000000000 ) ;
#569 = VECTOR ( 'NONE', #1319, 1000.000000000000000 ) ;
#570 = VECTOR ( 'NONE', #2210, 1000.000000000000000 ) ;
#571 = FACE_OUTER_BOUND ( 'NONE', #3046, .T. ) ;
#572 = CIRCLE ( 'NONE', #2355, 2.999999999999999112 ) ;
#573 = AXIS2_PLACEMENT_3D ( 'NONE', #2220, #1946, #3275 ) ;
#574 = EDGE_CURVE ( 'NONE', #3282, #2073, #656, .T. ) ;
#575 = EDGE_LOOP ( 'NONE', ( #2870, #1686, #1784, #3180 ) ) ;
#576 = AXIS2_PLACEMENT_3D ( 'NONE', #1706, #1954, #140 ) ;
#577 = CIRCLE ( 'NONE', #2949, 1.364499712793995734 ) ;
#578 = FACE_BOUND ( 'NONE', #130, .T. ) ;
#579 = VERTEX_POINT ( 'NONE', #1997 ) ;
#580 = ORIENTED_EDGE ( 'NONE', *, *, #1765, .T. ) ;
#581 = DIRECTION ( 'NONE',  ( -0.000000000000000000, -1.000000000000000000, -0.000000000000000000 ) ) ;
#582 = CARTESIAN_POINT ( 'NONE',  ( 19.08551248218999419, 4.000000000000000000, 24.50000000000000355 ) ) ;
#583 = LINE ( 'NONE', #1136, #21 ) ;
#584 = DIRECTION ( 'NONE',  ( -1.000000000000000000, 0.000000000000000000, -0.000000000000000000 ) ) ;
#585 = EDGE_LOOP ( 'NONE', ( #1087, #2902, #1540, #1891 ) ) ;
#586 = DIRECTION ( 'NONE',  ( 0.000000000000000000, -0.000000000000000000, 1.000000000000000000 ) ) ;
#587 = CARTESIAN_POINT ( 'NONE',  ( -39.00000000000000711, 4.000000000000000000, -24.49999999999999289 ) ) ;
#588 = CARTESIAN_POINT ( 'NONE',  ( -33.49999999999999289, 27.00000000000000000, -18.74999999999999645 ) ) ;
#589 = CARTESIAN_POINT ( 'NONE',  ( -45.00000000000000000, 0.000000000000000000, -29.50000000000000000 ) ) ;
#590 = EDGE_CURVE ( 'NONE', #1577, #2157, #1980, .T. ) ;
#591 = EDGE_CURVE ( 'NONE', #2183, #752, #3329, .T. ) ;
#592 = ORIENTED_EDGE ( 'NONE', *, *, #196, .T. ) ;
#593 = DIRECTION ( 'NONE',  ( 0.000000000000000000, -0.000000000000000000, 1.000000000000000000 ) ) ;
#594 = VERTEX_POINT ( 'NONE', #2738 ) ;
#595 = DIRECTION ( 'NONE',  ( 0.000000000000000000, 0.000000000000000000, 1.000000000000000000 ) ) ;
#596 = CARTESIAN_POINT ( 'NONE',  ( -29.49999999999999645, 0.000000000000000000, -5.749999999999994671 ) ) ;
#597 = CARTESIAN_POINT ( 'NONE',  ( -33.49999999999999289, 3.000000000000000000, -7.249999999999996447 ) ) ;
#598 = DIRECTION ( 'NONE',  ( 0.000000000000000000, 0.000000000000000000, -1.000000000000000000 ) ) ;
#599 = ORIENTED_EDGE ( 'NONE', *, *, #398, .F. ) ;
#600 = CARTESIAN_POINT ( 'NONE',  ( 19.08551248218999419, 4.000000000000000000, 24.50000000000000355 ) ) ;
#601 = CYLINDRICAL_SURFACE ( 'NONE', #1643, 2.999999999999999112 ) ;
#602 = PLANE ( 'NONE',  #734 ) ;
#603 = PLANE ( 'NONE',  #626 ) ;
#604 = DIRECTION ( 'NONE',  ( -0.000000000000000000, -1.000000000000000000, -0.000000000000000000 ) ) ;
#605 = MANIFOLD_SOLID_BREP ( 'Lineares Muster1', #2022 ) ;
#606 = VERTEX_POINT ( 'NONE', #996 ) ;
#607 = FACE_BOUND ( 'NONE', #2151, .T. ) ;
#608 = EDGE_CURVE ( 'NONE', #1582, #752, #100, .T. ) ;
#609 = ORIENTED_EDGE ( 'NONE', *, *, #505, .T. ) ;
#610 = CARTESIAN_POINT ( 'NONE',  ( 29.50000000000000000, 27.00000000000000000, -5.749999999999994671 ) ) ;
#611 = LINE ( 'NONE', #1929, #514 ) ;
#612 = DIRECTION ( 'NONE',  ( 0.000000000000000000, -0.000000000000000000, 1.000000000000000000 ) ) ;
#613 = FACE_OUTER_BOUND ( 'NONE', #1195, .T. ) ;
#614 = EDGE_CURVE ( 'NONE', #22, #863, #1373, .T. ) ;
#615 = ORIENTED_EDGE ( 'NONE', *, *, #2996, .F. ) ;
#616 = EDGE_CURVE ( 'NONE', #1334, #1953, #2423, .T. ) ;
#617 = VECTOR ( 'NONE', #2298, 1000.000000000000000 ) ;
#618 = CARTESIAN_POINT ( 'NONE',  ( -39.00000000000000711, 3.000000000000000000, -24.49999999999999289 ) ) ;
#619 = DIRECTION ( 'NONE',  ( 0.000000000000000000, 0.000000000000000000, 1.000000000000000000 ) ) ;
#620 = AXIS2_PLACEMENT_3D ( 'NONE', #3044, #681, #353 ) ;
#621 = VECTOR ( 'NONE', #1956, 1000.000000000000000 ) ;
#622 = LINE ( 'NONE', #3220, #1631 ) ;
#623 = VECTOR ( 'NONE', #2564, 1000.000000000000000 ) ;
#624 = VECTOR ( 'NONE', #2953, 1000.000000000000000 ) ;
#625 = DIRECTION ( 'NONE',  ( 0.000000000000000000, -0.000000000000000000, 1.000000000000000000 ) ) ;
#626 = AXIS2_PLACEMENT_3D ( 'NONE', #1716, #101, #1418 ) ;
#627 = VECTOR ( 'NONE', #2189, 1000.000000000000000 ) ;
#628 = ORIENTED_EDGE ( 'NONE', *, *, #299, .T. ) ;
#629 = DIRECTION ( 'NONE',  ( 7.709882115452476934E-17, -0.000000000000000000, 1.000000000000000000 ) ) ;
#630 = ORIENTED_EDGE ( 'NONE', *, *, #550, .T. ) ;
#631 = DIRECTION ( 'NONE',  ( 0.000000000000000000, 0.000000000000000000, 1.000000000000000000 ) ) ;
#632 = AXIS2_PLACEMENT_3D ( 'NONE', #3179, #284, #812 ) ;
#633 = LINE ( 'NONE', #647, #3123 ) ;
#634 = LINE ( 'NONE', #1678, #627 ) ;
#635 = PLANE ( 'NONE',  #689 ) ;
#636 = EDGE_LOOP ( 'NONE', ( #1561, #713, #2215, #2395 ) ) ;
#637 = ADVANCED_FACE ( 'NONE', ( #1789 ), #3163, .F. ) ;
#638 = EDGE_CURVE ( 'NONE', #3200, #179, #1337, .T. ) ;
#639 = FACE_OUTER_BOUND ( 'NONE', #1058, .T. ) ;
#640 = DIRECTION ( 'NONE',  ( 0.000000000000000000, 0.000000000000000000, -1.000000000000000000 ) ) ;
#641 = ORIENTED_EDGE ( 'NONE', *, *, #2014, .F. ) ;
#642 = LINE ( 'NONE', #2053, #2828 ) ;
#643 = CARTESIAN_POINT ( 'NONE',  ( 40.49999999999999289, 3.000000000000000000, -20.24999999999999645 ) ) ;
#644 = ORIENTED_EDGE ( 'NONE', *, *, #1939, .T. ) ;
#645 = PLANE ( 'NONE',  #861 ) ;
#646 = VERTEX_POINT ( 'NONE', #1090 ) ;
#647 = CARTESIAN_POINT ( 'NONE',  ( 29.50000000000000000, 3.000000000000000000, -13.00000000000000000 ) ) ;
#648 = ORIENTED_EDGE ( 'NONE', *, *, #3250, .T. ) ;
#649 = VERTEX_POINT ( 'NONE', #3097 ) ;
#650 = DIRECTION ( 'NONE',  ( 0.000000000000000000, 0.000000000000000000, 1.000000000000000000 ) ) ;
#651 = CARTESIAN_POINT ( 'NONE',  ( -45.00000000000000000, 0.000000000000000000, 32.50000000000000000 ) ) ;
#652 = CARTESIAN_POINT ( 'NONE',  ( 41.99999999999999289, 3.000000000000000000, 32.49999999999998579 ) ) ;
#653 = DIRECTION ( 'NONE',  ( -0.000000000000000000, 1.000000000000000000, -0.000000000000000000 ) ) ;
#654 = ORIENTED_EDGE ( 'NONE', *, *, #659, .F. ) ;
#655 = EDGE_CURVE ( 'NONE', #1372, #2281, #730, .T. ) ;
#656 = LINE ( 'NONE', #378, #3047 ) ;
#657 = EDGE_CURVE ( 'NONE', #2433, #2342, #2391, .T. ) ;
#658 = LINE ( 'NONE', #1144, #3119 ) ;
#659 = EDGE_CURVE ( 'NONE', #3016, #1205, #2582, .T. ) ;
#660 = DIRECTION ( 'NONE',  ( -1.000000000000000000, -0.000000000000000000, -0.000000000000000000 ) ) ;
#661 = EDGE_CURVE ( 'NONE', #2503, #482, #1071, .T. ) ;
#662 = CARTESIAN_POINT ( 'NONE',  ( 22.50000000000000000, 27.00000000000000000, -7.249999999999996447 ) ) ;
#663 = ORIENTED_EDGE ( 'NONE', *, *, #2906, .T. ) ;
#664 = FACE_OUTER_BOUND ( 'NONE', #440, .T. ) ;
#665 = ORIENTED_EDGE ( 'NONE', *, *, #2586, .T. ) ;
#666 = CARTESIAN_POINT ( 'NONE',  ( 41.99999999999996447, 0.000000000000000000, -32.50000000000000711 ) ) ;
#667 = DIRECTION ( 'NONE',  ( 0.000000000000000000, 0.000000000000000000, 1.000000000000000000 ) ) ;
#668 = CARTESIAN_POINT ( 'NONE',  ( 33.49999999999999289, 0.000000000000000000, 5.750000000000003553 ) ) ;
#669 = ORIENTED_EDGE ( 'NONE', *, *, #1327, .F. ) ;
#670 = ORIENTED_EDGE ( 'NONE', *, *, #2008, .T. ) ;
#671 = DIRECTION ( 'NONE',  ( 0.000000000000000000, 1.000000000000000000, 0.000000000000000000 ) ) ;
#672 = CARTESIAN_POINT ( 'NONE',  ( -29.49999999999999645, 0.000000000000000000, -7.249999999999996447 ) ) ;
#673 = EDGE_LOOP ( 'NONE', ( #1688, #1859, #2798, #533 ) ) ;
#674 = LINE ( 'NONE', #366, #1171 ) ;
#675 = FACE_BOUND ( 'NONE', #2336, .T. ) ;
#676 = AXIS2_PLACEMENT_3D ( 'NONE', #3100, #733, #1865 ) ;
#677 = CARTESIAN_POINT ( 'NONE',  ( 33.49999999999999289, 0.000000000000000000, 18.75000000000000355 ) ) ;
#678 = VECTOR ( 'NONE', #2974, 1000.000000000000000 ) ;
#679 = EDGE_CURVE ( 'NONE', #2408, #3306, #3183, .T. ) ;
#680 = EDGE_CURVE ( 'NONE', #2640, #646, #2411, .T. ) ;
#681 = DIRECTION ( 'NONE',  ( 0.000000000000000000, 0.000000000000000000, -1.000000000000000000 ) ) ;
#682 = ORIENTED_EDGE ( 'NONE', *, *, #3276, .F. ) ;
#683 = CARTESIAN_POINT ( 'NONE',  ( -39.00000000000000711, 27.00000000000000000, 25.86449971279400373 ) ) ;
#684 = AXIS2_PLACEMENT_3D ( 'NONE', #853, #2750, #640 ) ;
#685 = AXIS2_PLACEMENT_3D ( 'NONE', #618, #365, #1444 ) ;
#686 = VERTEX_POINT ( 'NONE', #2658 ) ;
#687 = DIRECTION ( 'NONE',  ( 0.000000000000000000, 0.000000000000000000, -1.000000000000000000 ) ) ;
#688 = AXIS2_PLACEMENT_3D ( 'NONE', #282, #1906, #2639 ) ;
#689 = AXIS2_PLACEMENT_3D ( 'NONE', #108, #870, #47 ) ;
#690 = ORIENTED_EDGE ( 'NONE', *, *, #1410, .T. ) ;
#691 = VERTEX_POINT ( 'NONE', #287 ) ;
#692 = AXIS2_PLACEMENT_3D ( 'NONE', #1641, #1374, #2425 ) ;
#693 = VECTOR ( 'NONE', #1254, 1000.000000000000000 ) ;
#694 = CARTESIAN_POINT ( 'NONE',  ( -40.50000000000000000, 0.000000000000000000, 20.25000000000000355 ) ) ;
#695 = CARTESIAN_POINT ( 'NONE',  ( -22.49999999999999645, 3.000000000000000000, 0.000000000000000000 ) ) ;
#696 = ORIENTED_EDGE ( 'NONE', *, *, #2565, .F. ) ;
#697 = PLANE ( 'NONE',  #1923 ) ;
#698 = CARTESIAN_POINT ( 'NONE',  ( -33.49999999999999289, 3.000000000000000000, -39.00000000000000000 ) ) ;
#699 = CARTESIAN_POINT ( 'NONE',  ( -33.49999999999999289, 27.00000000000000000, 20.25000000000000355 ) ) ;
#700 = VERTEX_POINT ( 'NONE', #1354 ) ;
#701 = DIRECTION ( 'NONE',  ( 0.000000000000000000, 0.000000000000000000, -1.000000000000000000 ) ) ;
#702 = ORIENTED_EDGE ( 'NONE', *, *, #404, .F. ) ;
#703 = EDGE_CURVE ( 'NONE', #3006, #1559, #961, .T. ) ;
#704 = EDGE_CURVE ( 'NONE', #2442, #2773, #31, .T. ) ;
#705 = CARTESIAN_POINT ( 'NONE',  ( -39.00000000000000711, 0.000000000000000000, -24.49999999999999289 ) ) ;
#706 = VERTEX_POINT ( 'NONE', #3194 ) ;
#707 = LINE ( 'NONE', #457, #2680 ) ;
#708 = ORIENTED_EDGE ( 'NONE', *, *, #1228, .F. ) ;
#709 = EDGE_CURVE ( 'NONE', #2186, #3131, #832, .T. ) ;
#710 = CARTESIAN_POINT ( 'NONE',  ( 40.49999999999999289, 0.000000000000000000, 20.25000000000000355 ) ) ;
#711 = LINE ( 'NONE', #2801, #1177 ) ;
#712 = CARTESIAN_POINT ( 'NONE',  ( 22.50000000000000000, 0.000000000000000000, -7.249999999999996447 ) ) ;
#713 = ORIENTED_EDGE ( 'NONE', *, *, #426, .T. ) ;
#714 = DIRECTION ( 'NONE',  ( -1.000000000000000000, 0.000000000000000000, 0.000000000000000000 ) ) ;
#715 = FACE_BOUND ( 'NONE', #2283, .T. ) ;
#716 = DIRECTION ( 'NONE',  ( 0.000000000000000000, 0.000000000000000000, 1.000000000000000000 ) ) ;
#717 = CARTESIAN_POINT ( 'NONE',  ( -29.49999999999999645, 0.000000000000000000, 18.75000000000000355 ) ) ;
#718 = ORIENTED_EDGE ( 'NONE', *, *, #1105, .T. ) ;
#719 = ORIENTED_EDGE ( 'NONE', *, *, #2296, .T. ) ;
#720 = LINE ( 'NONE', #1797, #3048 ) ;
#721 = LINE ( 'NONE', #3158, #2990 ) ;
#722 = ORIENTED_EDGE ( 'NONE', *, *, #448, .F. ) ;
#723 = DIRECTION ( 'NONE',  ( -1.000000000000000000, -0.000000000000000000, -0.000000000000000000 ) ) ;
#724 = EDGE_LOOP ( 'NONE', ( #1979, #2551, #2081, #528 ) ) ;
#725 = EDGE_CURVE ( 'NONE', #321, #374, #2930, .T. ) ;
#726 = EDGE_CURVE ( 'NONE', #1076, #1042, #309, .T. ) ;
#727 = LINE ( 'NONE', #2506, #2617 ) ;
#728 = DIRECTION ( 'NONE',  ( 0.000000000000000000, 0.000000000000000000, -1.000000000000000000 ) ) ;
#729 = EDGE_LOOP ( 'NONE', ( #1639, #3, #630, #1626 ) ) ;
#730 = LINE ( 'NONE', #1809, #1873 ) ;
#731 = DIRECTION ( 'NONE',  ( 0.000000000000000000, 0.000000000000000000, 1.000000000000000000 ) ) ;
#732 = AXIS2_PLACEMENT_3D ( 'NONE', #3334, #1527, #2566 ) ;
#733 = DIRECTION ( 'NONE',  ( -0.000000000000000000, -1.000000000000000000, -0.000000000000000000 ) ) ;
#734 = AXIS2_PLACEMENT_3D ( 'NONE', #1652, #2923, #2687 ) ;
#735 = ORIENTED_EDGE ( 'NONE', *, *, #1523, .T. ) ;
#736 = ORIENTED_EDGE ( 'NONE', *, *, #1831, .T. ) ;
#737 = LINE ( 'NONE', #2002, #1073 ) ;
#738 = AXIS2_PLACEMENT_3D ( 'NONE', #2387, #2896, #6 ) ;
#739 = CARTESIAN_POINT ( 'NONE',  ( -40.50000000000000000, 0.000000000000000000, 7.250000000000004441 ) ) ;
#740 = VECTOR ( 'NONE', #1155, 1000.000000000000000 ) ;
#741 = AXIS2_PLACEMENT_3D ( 'NONE', #1341, #2636, #2887 ) ;
#742 = LINE ( 'NONE', #1841, #413 ) ;
#743 = VERTEX_POINT ( 'NONE', #447 ) ;
#744 = LINE ( 'NONE', #3089, #1467 ) ;
#745 = ORIENTED_EDGE ( 'NONE', *, *, #299, .F. ) ;
#746 = CIRCLE ( 'NONE', #1127, 2.499999999999998668 ) ;
#747 = AXIS2_PLACEMENT_3D ( 'NONE', #2288, #994, #3305 ) ;
#748 = CARTESIAN_POINT ( 'NONE',  ( -40.50000000000000000, 27.00000000000000000, -7.249999999999996447 ) ) ;
#749 = DIRECTION ( 'NONE',  ( -0.000000000000000000, -1.000000000000000000, -0.000000000000000000 ) ) ;
#750 = AXIS2_PLACEMENT_3D ( 'NONE', #865, #559, #1943 ) ;
#751 = VECTOR ( 'NONE', #46, 1000.000000000000000 ) ;
#752 = VERTEX_POINT ( 'NONE', #1520 ) ;
#753 = EDGE_CURVE ( 'NONE', #2435, #410, #2723, .T. ) ;
#754 = EDGE_CURVE ( 'NONE', #1378, #1559, #15, .T. ) ;
#755 = DIRECTION ( 'NONE',  ( 1.000000000000000000, -0.000000000000000000, 0.000000000000000000 ) ) ;
#756 = DIRECTION ( 'NONE',  ( 0.000000000000000000, 1.000000000000000000, 0.000000000000000000 ) ) ;
#757 = CARTESIAN_POINT ( 'NONE',  ( -40.50000000000000000, 27.00000000000000000, 5.750000000000003553 ) ) ;
#758 = DIRECTION ( 'NONE',  ( -0.000000000000000000, 1.000000000000000000, -0.000000000000000000 ) ) ;
#759 = ORIENTED_EDGE ( 'NONE', *, *, #3357, .T. ) ;
#760 = CARTESIAN_POINT ( 'NONE',  ( -40.50000000000000000, 27.00000000000000000, 20.25000000000000355 ) ) ;
#761 = EDGE_LOOP ( 'NONE', ( #526, #1272, #362, #599 ) ) ;
#762 = DIRECTION ( 'NONE',  ( 0.000000000000000000, 0.000000000000000000, 1.000000000000000000 ) ) ;
#763 = LINE ( 'NONE', #1590, #2787 ) ;
#764 = ORIENTED_EDGE ( 'NONE', *, *, #1732, .F. ) ;
#765 = CARTESIAN_POINT ( 'NONE',  ( 0.000000000000000000, 3.000000000000000000, 7.250000000000004441 ) ) ;
#766 = ORIENTED_EDGE ( 'NONE', *, *, #680, .T. ) ;
#767 = DIRECTION ( 'NONE',  ( 0.000000000000000000, -1.000000000000000000, 0.000000000000000000 ) ) ;
#768 = ORIENTED_EDGE ( 'NONE', *, *, #726, .T. ) ;
#769 = ADVANCED_FACE ( 'NONE', ( #1722 ), #1119, .F. ) ;
#770 = EDGE_CURVE ( 'NONE', #1287, #3200, #1187, .T. ) ;
#771 = DIRECTION ( 'NONE',  ( 0.000000000000000000, 1.000000000000000000, 0.000000000000000000 ) ) ;
#772 = LINE ( 'NONE', #2318, #2673 ) ;
#773 = EDGE_CURVE ( 'NONE', #952, #1839, #1389, .T. ) ;
#774 = EDGE_CURVE ( 'NONE', #358, #3262, #1150, .T. ) ;
#775 = VERTEX_POINT ( 'NONE', #1134 ) ;
#776 = PLANE ( 'NONE',  #1755 ) ;
#777 = ORIENTED_EDGE ( 'NONE', *, *, #657, .T. ) ;
#778 = CARTESIAN_POINT ( 'NONE',  ( -40.50000000000000000, 0.000000000000000000, 18.75000000000000355 ) ) ;
#779 = LINE ( 'NONE', #2627, #3318 ) ;
#780 = VERTEX_POINT ( 'NONE', #3209 ) ;
#781 = DIRECTION ( 'NONE',  ( 0.000000000000000000, -1.000000000000000000, 0.000000000000000000 ) ) ;
#782 = VERTEX_POINT ( 'NONE', #2218 ) ;
#783 = DIRECTION ( 'NONE',  ( 0.000000000000000000, 1.000000000000000000, 0.000000000000000000 ) ) ;
#784 = FACE_OUTER_BOUND ( 'NONE', #1503, .T. ) ;
#785 = EDGE_LOOP ( 'NONE', ( #266, #1285, #96, #2119 ) ) ;
#786 = DIRECTION ( 'NONE',  ( 0.000000000000000000, 0.000000000000000000, 1.000000000000000000 ) ) ;
#787 = DIRECTION ( 'NONE',  ( 0.000000000000000000, 0.000000000000000000, 1.000000000000000000 ) ) ;
#788 = EDGE_LOOP ( 'NONE', ( #1353, #3286, #555, #2328 ) ) ;
#789 = DIRECTION ( 'NONE',  ( -1.000000000000000000, 0.000000000000000000, 0.000000000000000000 ) ) ;
#790 = VERTEX_POINT ( 'NONE', #881 ) ;
#791 = DIRECTION ( 'NONE',  ( -0.000000000000000000, -1.000000000000000000, -0.000000000000000000 ) ) ;
#792 = EDGE_CURVE ( 'NONE', #2067, #474, #2486, .T. ) ;
#793 = EDGE_CURVE ( 'NONE', #3154, #1153, #1166, .T. ) ;
#794 = CARTESIAN_POINT ( 'NONE',  ( 19.08551248218999419, 0.000000000000000000, -23.13550028720599983 ) ) ;
#795 = LINE ( 'NONE', #1856, #2290 ) ;
#796 = ORIENTED_EDGE ( 'NONE', *, *, #1654, .T. ) ;
#797 = CIRCLE ( 'NONE', #2230, 3.499999999999999556 ) ;
#798 = ORIENTED_EDGE ( 'NONE', *, *, #2859, .F. ) ;
#799 = VECTOR ( 'NONE', #833, 1000.000000000000000 ) ;
#800 = AXIS2_PLACEMENT_3D ( 'NONE', #2453, #581, #93 ) ;
#801 = PLANE ( 'NONE',  #1253 ) ;
#802 = LINE ( 'NONE', #1290, #18 ) ;
#803 = EDGE_LOOP ( 'NONE', ( #3156, #1332, #1163, #106 ) ) ;
#804 = AXIS2_PLACEMENT_3D ( 'NONE', #1837, #2335, #1016 ) ;
#805 = VECTOR ( 'NONE', #1746, 1000.000000000000000 ) ;
#806 = CIRCLE ( 'NONE', #1361, 3.500000000000003109 ) ;
#807 = AXIS2_PLACEMENT_3D ( 'NONE', #2345, #2645, #3149 ) ;
#808 = LINE ( 'NONE', #1552, #3379 ) ;
#809 = VECTOR ( 'NONE', #3132, 1000.000000000000000 ) ;
#810 = EDGE_LOOP ( 'NONE', ( #2304, #2885, #924, #1307 ) ) ;
#811 = ORIENTED_EDGE ( 'NONE', *, *, #1689, .T. ) ;
#812 = DIRECTION ( 'NONE',  ( 0.000000000000000000, 0.000000000000000000, 1.000000000000000000 ) ) ;
#813 = ORIENTED_EDGE ( 'NONE', *, *, #2136, .T. ) ;
#814 = CARTESIAN_POINT ( 'NONE',  ( -40.50000000000000000, 0.000000000000000000, 5.750000000000003553 ) ) ;
#815 = EDGE_CURVE ( 'NONE', #1251, #342, #2228, .T. ) ;
#816 = ORIENTED_EDGE ( 'NONE', *, *, #2158, .T. ) ;
#817 = EDGE_CURVE ( 'NONE', #2724, #271, #3254, .T. ) ;
#818 = DIRECTION ( 'NONE',  ( 1.000000000000000000, 0.000000000000000000, 0.000000000000000000 ) ) ;
#819 = CARTESIAN_POINT ( 'NONE',  ( -29.49999999999999645, 0.000000000000000000, -7.249999999999996447 ) ) ;
#820 = CARTESIAN_POINT ( 'NONE',  ( 22.50000000000000000, 0.000000000000000000, -5.749999999999994671 ) ) ;
#821 = PLANE ( 'NONE',  #2562 ) ;
#822 = ORIENTED_EDGE ( 'NONE', *, *, #237, .F. ) ;
#823 = EDGE_CURVE ( 'NONE', #2531, #358, #1696, .T. ) ;
#824 = CARTESIAN_POINT ( 'NONE',  ( 29.50000000000000000, 27.00000000000000000, -5.749999999999994671 ) ) ;
#825 = FACE_OUTER_BOUND ( 'NONE', #585, .T. ) ;
#826 = ORIENTED_EDGE ( 'NONE', *, *, #1658, .T. ) ;
#827 = ORIENTED_EDGE ( 'NONE', *, *, #614, .T. ) ;
#828 = CARTESIAN_POINT ( 'NONE',  ( 22.50000000000000000, 0.000000000000000000, -5.749999999999994671 ) ) ;
#829 = ORIENTED_EDGE ( 'NONE', *, *, #2405, .F. ) ;
#830 = LINE ( 'NONE', #2928, #2625 ) ;
#831 = ORIENTED_EDGE ( 'NONE', *, *, #1521, .F. ) ;
#832 = LINE ( 'NONE', #1640, #568 ) ;
#833 = DIRECTION ( 'NONE',  ( 0.000000000000000000, 0.000000000000000000, -1.000000000000000000 ) ) ;
#834 = DIRECTION ( 'NONE',  ( -0.000000000000000000, -1.000000000000000000, -0.000000000000000000 ) ) ;
#835 = LINE ( 'NONE', #1406, #2568 ) ;
#836 = EDGE_LOOP ( 'NONE', ( #1269, #1112, #1018, #2154 ) ) ;
#837 = EDGE_CURVE ( 'NONE', #1372, #1099, #737, .T. ) ;
#838 = EDGE_CURVE ( 'NONE', #2342, #2244, #200, .T. ) ;
#839 = LINE ( 'NONE', #2938, #2937 ) ;
#840 = ORIENTED_EDGE ( 'NONE', *, *, #1393, .F. ) ;
#841 = CARTESIAN_POINT ( 'NONE',  ( 33.49999999999999289, 0.000000000000000000, 7.250000000000004441 ) ) ;
#842 = ORIENTED_EDGE ( 'NONE', *, *, #753, .T. ) ;
#843 = DIRECTION ( 'NONE',  ( 0.000000000000000000, -0.000000000000000000, 1.000000000000000000 ) ) ;
#844 = VERTEX_POINT ( 'NONE', #666 ) ;
#845 = CARTESIAN_POINT ( 'NONE',  ( -45.00000000000000000, 3.000000000000000000, 32.50000000000000000 ) ) ;
#846 = VERTEX_POINT ( 'NONE', #968 ) ;
#847 = AXIS2_PLACEMENT_3D ( 'NONE', #2514, #1507, #137 ) ;
#848 = DIRECTION ( 'NONE',  ( 0.000000000000000000, 1.000000000000000000, 0.000000000000000000 ) ) ;
#849 = COLOUR_RGB ( '',0.7529411764705882248, 0.7529411764705882248, 0.7529411764705882248 ) ;
#850 = DIRECTION ( 'NONE',  ( 0.000000000000000000, 0.000000000000000000, 1.000000000000000000 ) ) ;
#851 = FACE_OUTER_BOUND ( 'NONE', #2646, .T. ) ;
#852 = EDGE_LOOP ( 'NONE', ( #1314, #1672, #431, #1796 ) ) ;
#853 = CARTESIAN_POINT ( 'NONE',  ( -39.00000000000000711, 27.00000000000000000, 24.50000000000000355 ) ) ;
#854 = PLANE ( 'NONE',  #519 ) ;
#855 = VECTOR ( 'NONE', #1893, 1000.000000000000000 ) ;
#856 = EDGE_CURVE ( 'NONE', #2688, #1498, #3029, .T. ) ;
#857 = DIRECTION ( 'NONE',  ( 0.000000000000000000, -0.000000000000000000, 1.000000000000000000 ) ) ;
#858 = EDGE_CURVE ( 'NONE', #780, #2771, #720, .T. ) ;
#859 = VECTOR ( 'NONE', #3321, 1000.000000000000000 ) ;
#860 = AXIS2_PLACEMENT_3D ( 'NONE', #81, #2747, #584 ) ;
#861 = AXIS2_PLACEMENT_3D ( 'NONE', #3335, #1014, #2845 ) ;
#862 = VECTOR ( 'NONE', #2977, 1000.000000000000000 ) ;
#863 = VERTEX_POINT ( 'NONE', #3340 ) ;
#864 = ORIENTED_EDGE ( 'NONE', *, *, #2493, .T. ) ;
#865 = CARTESIAN_POINT ( 'NONE',  ( -22.49999999999999645, 27.00000000000000000, 20.25000000000000355 ) ) ;
#866 = EDGE_LOOP ( 'NONE', ( #2289, #2062, #2620, #2005 ) ) ;
#867 = CARTESIAN_POINT ( 'NONE',  ( 0.000000000000000000, 3.000000000000000000, 18.75000000000000355 ) ) ;
#868 = LINE ( 'NONE', #2414, #189 ) ;
#869 = DIRECTION ( 'NONE',  ( -1.000000000000000000, -0.000000000000000000, -0.000000000000000000 ) ) ;
#870 = DIRECTION ( 'NONE',  ( -1.000000000000000000, 0.000000000000000000, 0.000000000000000000 ) ) ;
#871 = ORIENTED_EDGE ( 'NONE', *, *, #878, .F. ) ;
#872 = CARTESIAN_POINT ( 'NONE',  ( 22.50000000000000000, 0.000000000000000000, -20.24999999999999645 ) ) ;
#873 = DIRECTION ( 'NONE',  ( 0.000000000000000000, 1.000000000000000000, 0.000000000000000000 ) ) ;
#874 = EDGE_CURVE ( 'NONE', #28, #2947, #172, .T. ) ;
#875 = DIRECTION ( 'NONE',  ( 0.000000000000000000, 0.000000000000000000, -1.000000000000000000 ) ) ;
#876 = DIRECTION ( 'NONE',  ( 0.000000000000000000, 1.000000000000000000, 0.000000000000000000 ) ) ;
#877 = EDGE_CURVE ( 'NONE', #421, #2773, #295, .T. ) ;
#878 = EDGE_CURVE ( 'NONE', #2771, #2379, #1558, .T. ) ;
#879 = ORIENTED_EDGE ( 'NONE', *, *, #1803, .T. ) ;
#880 = ORIENTED_EDGE ( 'NONE', *, *, #815, .F. ) ;
#881 = CARTESIAN_POINT ( 'NONE',  ( -40.50000000000000000, 0.000000000000000000, 7.250000000000004441 ) ) ;
#882 = FACE_OUTER_BOUND ( 'NONE', #2510, .T. ) ;
#883 = FACE_OUTER_BOUND ( 'NONE', #1724, .T. ) ;
#884 = ORIENTED_EDGE ( 'NONE', *, *, #3255, .T. ) ;
#885 = CARTESIAN_POINT ( 'NONE',  ( -39.00000000000000711, 27.00000000000000000, -24.49999999999999289 ) ) ;
#886 = PLANE ( 'NONE',  #1690 ) ;
#887 = CARTESIAN_POINT ( 'NONE',  ( 0.000000000000000000, 3.000000000000000000, -7.249999999999996447 ) ) ;
#888 = DIRECTION ( 'NONE',  ( 0.000000000000000000, 0.000000000000000000, -1.000000000000000000 ) ) ;
#889 = LINE ( 'NONE', #138, #1413 ) ;
#890 = ORIENTED_EDGE ( 'NONE', *, *, #680, .F. ) ;
#891 = CARTESIAN_POINT ( 'NONE',  ( 40.49999999999999289, 0.000000000000000000, -20.24999999999999645 ) ) ;
#892 = ORIENTED_EDGE ( 'NONE', *, *, #1120, .T. ) ;
#893 = CARTESIAN_POINT ( 'NONE',  ( -22.49999999999999645, 0.000000000000000000, -18.74999999999999645 ) ) ;
#894 = EDGE_CURVE ( 'NONE', #2134, #2924, #2824, .T. ) ;
#895 = EDGE_CURVE ( 'NONE', #2924, #453, #1534, .T. ) ;
#896 = CARTESIAN_POINT ( 'NONE',  ( -29.49999999999999645, 3.000000000000000000, 0.000000000000000000 ) ) ;
#897 = DIRECTION ( 'NONE',  ( 0.000000000000000000, 1.000000000000000000, 0.000000000000000000 ) ) ;
#898 = ORIENTED_EDGE ( 'NONE', *, *, #216, .T. ) ;
#899 = ORIENTED_EDGE ( 'NONE', *, *, #638, .T. ) ;
#900 =( NAMED_UNIT ( * ) SI_UNIT ( $, .STERADIAN. ) SOLID_ANGLE_UNIT ( ) );
#901 = AXIS2_PLACEMENT_3D ( 'NONE', #981, #2055, #471 ) ;
#902 = VECTOR ( 'NONE', #1674, 1000.000000000000000 ) ;
#903 = DIRECTION ( 'NONE',  ( -1.000000000000000000, 0.000000000000000000, 0.000000000000000000 ) ) ;
#904 = VECTOR ( 'NONE', #213, 1000.000000000000000 ) ;
#905 = VECTOR ( 'NONE', #586, 1000.000000000000000 ) ;
#906 = CYLINDRICAL_SURFACE ( 'NONE', #2726, 2.500000000000002220 ) ;
#907 = AXIS2_PLACEMENT_3D ( 'NONE', #1154, #1743, #650 ) ;
#908 = AXIS2_PLACEMENT_3D ( 'NONE', #705, #988, #2020 ) ;
#909 = ORIENTED_EDGE ( 'NONE', *, *, #1475, .T. ) ;
#910 = FACE_BOUND ( 'NONE', #41, .T. ) ;
#911 = EDGE_LOOP ( 'NONE', ( #2285, #1965, #307, #2376 ) ) ;
#912 = CARTESIAN_POINT ( 'NONE',  ( -29.49999999999999645, 0.000000000000000000, -18.74999999999999645 ) ) ;
#913 = DIRECTION ( 'NONE',  ( -0.000000000000000000, -1.000000000000000000, -0.000000000000000000 ) ) ;
#914 = EDGE_CURVE ( 'NONE', #1839, #2110, #2991, .T. ) ;
#915 = EDGE_CURVE ( 'NONE', #2581, #2448, #2574, .T. ) ;
#916 = CARTESIAN_POINT ( 'NONE',  ( 33.49999999999999289, 27.00000000000000000, 20.25000000000000355 ) ) ;
#917 = DIRECTION ( 'NONE',  ( -0.000000000000000000, -1.000000000000000000, -0.000000000000000000 ) ) ;
#918 = ORIENTED_EDGE ( 'NONE', *, *, #167, .F. ) ;
#919 = LINE ( 'NONE', #1994, #2302 ) ;
#920 = EDGE_CURVE ( 'NONE', #3262, #2823, #2234, .T. ) ;
#921 = EDGE_CURVE ( 'NONE', #2176, #3303, #931, .T. ) ;
#922 = CARTESIAN_POINT ( 'NONE',  ( -29.49999999999999645, 27.00000000000000000, -20.24999999999999645 ) ) ;
#923 = DIRECTION ( 'NONE',  ( -1.000000000000000000, -0.000000000000000000, -0.000000000000000000 ) ) ;
#924 = ORIENTED_EDGE ( 'NONE', *, *, #915, .T. ) ;
#925 = PRESENTATION_STYLE_ASSIGNMENT (( #2754 ) ) ;
#926 = CARTESIAN_POINT ( 'NONE',  ( 29.50000000000000000, 0.000000000000000000, 20.25000000000000355 ) ) ;
#927 = DIRECTION ( 'NONE',  ( 0.000000000000000000, 0.000000000000000000, 1.000000000000000000 ) ) ;
#928 = DIRECTION ( 'NONE',  ( -0.000000000000000000, -1.000000000000000000, -0.000000000000000000 ) ) ;
#929 = ORIENTED_EDGE ( 'NONE', *, *, #442, .F. ) ;
#930 = EDGE_LOOP ( 'NONE', ( #435, #1117 ) ) ;
#931 = LINE ( 'NONE', #2793, #2029 ) ;
#932 = ORIENTED_EDGE ( 'NONE', *, *, #2200, .T. ) ;
#933 = ORIENTED_EDGE ( 'NONE', *, *, #2158, .F. ) ;
#934 = DIRECTION ( 'NONE',  ( 0.000000000000000000, 0.000000000000000000, 1.000000000000000000 ) ) ;
#935 = DIRECTION ( 'NONE',  ( 0.000000000000000000, 0.000000000000000000, -1.000000000000000000 ) ) ;
#936 = ORIENTED_EDGE ( 'NONE', *, *, #1523, .F. ) ;
#937 = DIRECTION ( 'NONE',  ( -0.000000000000000000, -1.000000000000000000, -0.000000000000000000 ) ) ;
#938 = ADVANCED_FACE ( 'NONE', ( #2533 ), #158, .F. ) ;
#939 = EDGE_CURVE ( 'NONE', #2962, #3064, #2641, .T. ) ;
#940 = PLANE ( 'NONE',  #2890 ) ;
#941 = CARTESIAN_POINT ( 'NONE',  ( 22.50000000000000000, 0.000000000000000000, 7.250000000000004441 ) ) ;
#942 = DIRECTION ( 'NONE',  ( 0.000000000000000000, 0.000000000000000000, -1.000000000000000000 ) ) ;
#943 = VERTEX_POINT ( 'NONE', #2624 ) ;
#944 = DIRECTION ( 'NONE',  ( 1.000000000000000000, 0.000000000000000000, -0.000000000000000000 ) ) ;
#945 = ORIENTED_EDGE ( 'NONE', *, *, #2116, .F. ) ;
#946 = CARTESIAN_POINT ( 'NONE',  ( 0.000000000000000000, 3.000000000000000000, 20.25000000000000355 ) ) ;
#947 = EDGE_LOOP ( 'NONE', ( #2308, #1051, #2905, #275 ) ) ;
#948 = ORIENTED_EDGE ( 'NONE', *, *, #513, .F. ) ;
#949 = CARTESIAN_POINT ( 'NONE',  ( 19.08551248218999419, 4.000000000000000000, 24.50000000000000355 ) ) ;
#950 = CARTESIAN_POINT ( 'NONE',  ( 19.08551248218999419, 0.000000000000000000, 25.86449971279400017 ) ) ;
#951 = FACE_OUTER_BOUND ( 'NONE', #3234, .T. ) ;
#952 = VERTEX_POINT ( 'NONE', #1585 ) ;
#953 = DIRECTION ( 'NONE',  ( 0.000000000000000000, 0.000000000000000000, 1.000000000000000000 ) ) ;
#954 = FACE_BOUND ( 'NONE', #1519, .T. ) ;
#955 = EDGE_CURVE ( 'NONE', #12, #1808, #251, .T. ) ;
#956 = AXIS2_PLACEMENT_3D ( 'NONE', #757, #2085, #1328 ) ;
#957 = ADVANCED_FACE ( 'NONE', ( #1871 ), #2338, .F. ) ;
#958 = CARTESIAN_POINT ( 'NONE',  ( -22.49999999999999645, 27.00000000000000000, -20.24999999999999645 ) ) ;
#959 = LINE ( 'NONE', #2054, #1759 ) ;
#960 = VECTOR ( 'NONE', #1093, 1000.000000000000000 ) ;
#961 = CIRCLE ( 'NONE', #1302, 1.000000000000000888 ) ;
#962 = LINE ( 'NONE', #3268, #1463 ) ;
#963 = EDGE_CURVE ( 'NONE', #264, #2269, #2667, .T. ) ;
#964 = ORIENTED_EDGE ( 'NONE', *, *, #323, .T. ) ;
#965 = AXIS2_PLACEMENT_3D ( 'NONE', #2832, #2025, #183 ) ;
#966 = VECTOR ( 'NONE', #1832, 1000.000000000000000 ) ;
#967 = ORIENTED_EDGE ( 'NONE', *, *, #1952, .T. ) ;
#968 = CARTESIAN_POINT ( 'NONE',  ( -40.50000000000000000, 2.999999999999999112, -7.249999999999996447 ) ) ;
#969 = AXIS2_PLACEMENT_3D ( 'NONE', #1510, #983, #452 ) ;
#970 = VECTOR ( 'NONE', #311, 1000.000000000000000 ) ;
#971 = DIRECTION ( 'NONE',  ( 0.000000000000000000, 0.000000000000000000, 1.000000000000000000 ) ) ;
#972 = ORIENTED_EDGE ( 'NONE', *, *, #1993, .T. ) ;
#973 = VECTOR ( 'NONE', #1785, 1000.000000000000000 ) ;
#974 = DIRECTION ( 'NONE',  ( -1.000000000000000000, -0.000000000000000000, -0.000000000000000000 ) ) ;
#975 = PLANE ( 'NONE',  #1699 ) ;
#976 = ORIENTED_EDGE ( 'NONE', *, *, #1882, .T. ) ;
#977 = FILL_AREA_STYLE_COLOUR ( '', #849 ) ;
#978 = FACE_BOUND ( 'NONE', #74, .T. ) ;
#979 = CARTESIAN_POINT ( 'NONE',  ( 45.00000000000000000, 3.000000000000000000, -29.50000000000001066 ) ) ;
#980 = CYLINDRICAL_SURFACE ( 'NONE', #847, 1.364499712793995734 ) ;
#981 = CARTESIAN_POINT ( 'NONE',  ( 22.50000000000000000, 27.00000000000000000, 5.750000000000003553 ) ) ;
#982 = EDGE_LOOP ( 'NONE', ( #1742, #2223, #2481, #1911 ) ) ;
#983 = DIRECTION ( 'NONE',  ( 1.000000000000000000, -0.000000000000000000, 0.000000000000000000 ) ) ;
#984 = ORIENTED_EDGE ( 'NONE', *, *, #817, .T. ) ;
#985 = EDGE_CURVE ( 'NONE', #511, #691, #1242, .T. ) ;
#986 = EDGE_CURVE ( 'NONE', #646, #1153, #2033, .T. ) ;
#987 = DIRECTION ( 'NONE',  ( -1.000000000000000000, -0.000000000000000000, -0.000000000000000000 ) ) ;
#988 = DIRECTION ( 'NONE',  ( -0.000000000000000000, 1.000000000000000000, -0.000000000000000000 ) ) ;
#989 = ORIENTED_EDGE ( 'NONE', *, *, #2164, .T. ) ;
#990 = CARTESIAN_POINT ( 'NONE',  ( 29.50000000000000000, 0.000000000000000000, -5.749999999999994671 ) ) ;
#991 = VERTEX_POINT ( 'NONE', #1212 ) ;
#992 = DIRECTION ( 'NONE',  ( 0.000000000000000000, 0.000000000000000000, -1.000000000000000000 ) ) ;
#993 = FACE_OUTER_BOUND ( 'NONE', #3076, .T. ) ;
#994 = DIRECTION ( 'NONE',  ( 1.000000000000000000, -0.000000000000000000, 0.000000000000000000 ) ) ;
#995 = VERTEX_POINT ( 'NONE', #3350 ) ;
#996 = CARTESIAN_POINT ( 'NONE',  ( 41.99999999999996447, 0.000000000000000000, 32.49999999999998579 ) ) ;
#997 = FACE_BOUND ( 'NONE', #446, .T. ) ;
#998 = PLANE ( 'NONE',  #956 ) ;
#999 = VERTEX_POINT ( 'NONE', #3060 ) ;
#1000 = FACE_OUTER_BOUND ( 'NONE', #3252, .T. ) ;
#1001 = ORIENTED_EDGE ( 'NONE', *, *, #2755, .T. ) ;
#1002 = DIRECTION ( 'NONE',  ( -1.000000000000000000, 0.000000000000000000, 0.000000000000000000 ) ) ;
#1003 = CARTESIAN_POINT ( 'NONE',  ( 19.08551248218999419, 27.00000000000000000, -24.49999999999999289 ) ) ;
#1004 = ORIENTED_EDGE ( 'NONE', *, *, #1675, .F. ) ;
#1005 = CARTESIAN_POINT ( 'NONE',  ( -22.49999999999999645, 2.999999999999999112, -18.74999999999999645 ) ) ;
#1006 = EDGE_CURVE ( 'NONE', #686, #3328, #2598, .T. ) ;
#1007 = VERTEX_POINT ( 'NONE', #1274 ) ;
#1008 = EDGE_CURVE ( 'NONE', #943, #995, #2315, .T. ) ;
#1009 = CARTESIAN_POINT ( 'NONE',  ( 19.08551248218999419, 27.00000000000000000, 24.50000000000000355 ) ) ;
#1010 = ORIENTED_EDGE ( 'NONE', *, *, #441, .F. ) ;
#1011 = FACE_OUTER_BOUND ( 'NONE', #2941, .T. ) ;
#1012 = AXIS2_PLACEMENT_3D ( 'NONE', #2350, #771, #1848 ) ;
#1013 = CARTESIAN_POINT ( 'NONE',  ( -22.49999999999999645, 0.000000000000000000, -18.74999999999999645 ) ) ;
#1014 = DIRECTION ( 'NONE',  ( -1.000000000000000000, 0.000000000000000000, 0.000000000000000000 ) ) ;
#1015 = AXIS2_PLACEMENT_3D ( 'NONE', #1629, #1141, #2444 ) ;
#1016 = DIRECTION ( 'NONE',  ( 0.000000000000000000, 0.000000000000000000, 1.000000000000000000 ) ) ;
#1017 = VERTEX_POINT ( 'NONE', #2819 ) ;
#1018 = ORIENTED_EDGE ( 'NONE', *, *, #773, .T. ) ;
#1019 = CARTESIAN_POINT ( 'NONE',  ( -39.00000000000000711, 4.000000000000000000, 24.50000000000000355 ) ) ;
#1020 = VECTOR ( 'NONE', #2849, 1000.000000000000000 ) ;
#1021 = LINE ( 'NONE', #1039, #2031 ) ;
#1022 = AXIS2_PLACEMENT_3D ( 'NONE', #168, #1231, #2295 ) ;
#1023 = EDGE_LOOP ( 'NONE', ( #2112, #1725, #609, #472 ) ) ;
#1024 = ORIENTED_EDGE ( 'NONE', *, *, #146, .F. ) ;
#1025 = VECTOR ( 'NONE', #478, 1000.000000000000000 ) ;
#1026 = EDGE_CURVE ( 'NONE', #3173, #1969, #2011, .T. ) ;
#1027 = ADVANCED_FACE ( 'NONE', ( #954, #715, #2804, #997, #1485, #978, #1790, #1293, #466, #2277, #433, #2563, #3038, #1505, #2788, #152, #2545, #483, #3309, #1564, #2069, #675 ), #2052, .T. ) ;
#1028 = DIRECTION ( 'NONE',  ( 0.000000000000000000, 0.000000000000000000, -1.000000000000000000 ) ) ;
#1029 = AXIS2_PLACEMENT_3D ( 'NONE', #3159, #3145, #2325 ) ;
#1030 = VERTEX_POINT ( 'NONE', #3098 ) ;
#1031 = ADVANCED_FACE ( 'NONE', ( #2348 ), #3332, .F. ) ;
#1032 = ADVANCED_FACE ( 'NONE', ( #190 ), #940, .F. ) ;
#1033 = CARTESIAN_POINT ( 'NONE',  ( -22.49999999999999645, 3.000000000000000000, -20.24999999999999645 ) ) ;
#1034 = FACE_OUTER_BOUND ( 'NONE', #2808, .T. ) ;
#1035 = FACE_OUTER_BOUND ( 'NONE', #1584, .T. ) ;
#1036 = VERTEX_POINT ( 'NONE', #1812 ) ;
#1037 = CARTESIAN_POINT ( 'NONE',  ( 33.49999999999999289, 0.000000000000000000, -5.749999999999994671 ) ) ;
#1038 = ORIENTED_EDGE ( 'NONE', *, *, #1658, .F. ) ;
#1039 = CARTESIAN_POINT ( 'NONE',  ( -41.99999999999999289, 3.000000000000000000, -32.50000000000000000 ) ) ;
#1040 = EDGE_LOOP ( 'NONE', ( #2899, #2129, #3108, #118 ) ) ;
#1041 = LINE ( 'NONE', #1250, #2945 ) ;
#1042 = VERTEX_POINT ( 'NONE', #1752 ) ;
#1043 = DIRECTION ( 'NONE',  ( -1.000000000000000000, 0.000000000000000000, 0.000000000000000000 ) ) ;
#1044 = FACE_OUTER_BOUND ( 'NONE', #2806, .T. ) ;
#1045 = ORIENTED_EDGE ( 'NONE', *, *, #2008, .F. ) ;
#1046 = EDGE_CURVE ( 'NONE', #3200, #28, #1548, .T. ) ;
#1047 = DIRECTION ( 'NONE',  ( 1.000000000000000000, -0.000000000000000000, 0.000000000000000000 ) ) ;
#1048 = EDGE_CURVE ( 'NONE', #3398, #1130, #209, .T. ) ;
#1049 = ORIENTED_EDGE ( 'NONE', *, *, #1118, .F. ) ;
#1050 = CARTESIAN_POINT ( 'NONE',  ( -39.00000000000000711, 3.000000000000000000, 24.50000000000000355 ) ) ;
#1051 = ORIENTED_EDGE ( 'NONE', *, *, #1992, .T. ) ;
#1052 = DIRECTION ( 'NONE',  ( 0.000000000000000000, 0.000000000000000000, -1.000000000000000000 ) ) ;
#1053 = DIRECTION ( 'NONE',  ( 0.000000000000000000, 0.000000000000000000, -1.000000000000000000 ) ) ;
#1054 = ORIENTED_EDGE ( 'NONE', *, *, #3135, .T. ) ;
#1055 = ORIENTED_EDGE ( 'NONE', *, *, #3291, .F. ) ;
#1056 = CARTESIAN_POINT ( 'NONE',  ( -45.00000000000000000, 0.000000000000000000, 32.50000000000000000 ) ) ;
#1057 = LINE ( 'NONE', #2634, #181 ) ;
#1058 = EDGE_LOOP ( 'NONE', ( #458, #2965, #2056, #3228 ) ) ;
#1059 = DIRECTION ( 'NONE',  ( 0.000000000000000000, 1.000000000000000000, 0.000000000000000000 ) ) ;
#1060 = ADVANCED_FACE ( 'NONE', ( #1011 ), #3121, .F. ) ;
#1061 = ADVANCED_FACE ( 'NONE', ( #276 ), #1080, .T. ) ;
#1062 = VERTEX_POINT ( 'NONE', #315 ) ;
#1063 = CARTESIAN_POINT ( 'NONE',  ( -29.49999999999999645, 0.000000000000000000, 18.75000000000000355 ) ) ;
#1064 = ORIENTED_EDGE ( 'NONE', *, *, #2252, .T. ) ;
#1065 = EDGE_CURVE ( 'NONE', #2217, #606, #2032, .T. ) ;
#1066 = LINE ( 'NONE', #3409, #1082 ) ;
#1067 = ORIENTED_EDGE ( 'NONE', *, *, #725, .F. ) ;
#1068 = DIRECTION ( 'NONE',  ( -1.541976423090495387E-16, 0.000000000000000000, -1.000000000000000000 ) ) ;
#1069 = VECTOR ( 'NONE', #1229, 1000.000000000000000 ) ;
#1070 = ORIENTED_EDGE ( 'NONE', *, *, #2037, .T. ) ;
#1071 = LINE ( 'NONE', #2126, #2404 ) ;
#1072 = VECTOR ( 'NONE', #3034, 1000.000000000000000 ) ;
#1073 = VECTOR ( 'NONE', #1821, 1000.000000000000000 ) ;
#1074 = DIRECTION ( 'NONE',  ( 0.000000000000000000, 0.000000000000000000, 1.000000000000000000 ) ) ;
#1075 = CARTESIAN_POINT ( 'NONE',  ( -39.00000000000000711, 4.000000000000000000, 21.00000000000000000 ) ) ;
#1076 = VERTEX_POINT ( 'NONE', #1033 ) ;
#1077 = CIRCLE ( 'NONE', #17, 2.500000000000002220 ) ;
#1078 = AXIS2_PLACEMENT_3D ( 'NONE', #2594, #1043, #546 ) ;
#1079 = CIRCLE ( 'NONE', #1648, 1.000000000000000888 ) ;
#1080 = CYLINDRICAL_SURFACE ( 'NONE', #741, 2.500000000000002220 ) ;
#1081 = LINE ( 'NONE', #824, #2554 ) ;
#1082 = VECTOR ( 'NONE', #2139, 1000.000000000000000 ) ;
#1083 = VERTEX_POINT ( 'NONE', #3389 ) ;
#1084 = CARTESIAN_POINT ( 'NONE',  ( 33.49999999999999289, 27.00000000000000000, 5.750000000000003553 ) ) ;
#1085 = EDGE_LOOP ( 'NONE', ( #989, #3298, #1402, #1045 ) ) ;
#1086 = CARTESIAN_POINT ( 'NONE',  ( 0.000000000000000000, 3.000000000000000000, -20.24999999999999645 ) ) ;
#1087 = ORIENTED_EDGE ( 'NONE', *, *, #3278, .T. ) ;
#1088 = CARTESIAN_POINT ( 'NONE',  ( -33.49999999999999289, 3.000000000000000000, 0.000000000000000000 ) ) ;
#1089 = ORIENTED_EDGE ( 'NONE', *, *, #3005, .T. ) ;
#1090 = CARTESIAN_POINT ( 'NONE',  ( 40.49999999999999289, 2.999999999999999112, -5.749999999999994671 ) ) ;
#1091 = EDGE_CURVE ( 'NONE', #1947, #1325, #2380, .T. ) ;
#1092 = EDGE_CURVE ( 'NONE', #649, #2854, #2455, .T. ) ;
#1093 = DIRECTION ( 'NONE',  ( -0.000000000000000000, -1.000000000000000000, -0.000000000000000000 ) ) ;
#1094 = LINE ( 'NONE', #3244, #1417 ) ;
#1095 = DIRECTION ( 'NONE',  ( 0.000000000000000000, 0.000000000000000000, -1.000000000000000000 ) ) ;
#1096 = VERTEX_POINT ( 'NONE', #293 ) ;
#1097 = LINE ( 'NONE', #2967, #1457 ) ;
#1098 = ORIENTED_EDGE ( 'NONE', *, *, #3184, .T. ) ;
#1099 = VERTEX_POINT ( 'NONE', #67 ) ;
#1100 = ORIENTED_EDGE ( 'NONE', *, *, #2632, .F. ) ;
#1101 = EDGE_LOOP ( 'NONE', ( #3242, #654, #669, #1868 ) ) ;
#1102 = DIRECTION ( 'NONE',  ( 0.000000000000000000, 0.000000000000000000, -1.000000000000000000 ) ) ;
#1103 = CARTESIAN_POINT ( 'NONE',  ( -39.00000000000000711, 3.000000000000000000, -27.99999999999999645 ) ) ;
#1104 = ADVANCED_FACE ( 'NONE', ( #3235 ), #854, .F. ) ;
#1105 = EDGE_CURVE ( 'NONE', #2817, #1083, #98, .T. ) ;
#1106 = CARTESIAN_POINT ( 'NONE',  ( 0.000000000000000000, 3.000000000000000000, 7.250000000000004441 ) ) ;
#1107 = EDGE_LOOP ( 'NONE', ( #1575, #1089, #3302, #948 ) ) ;
#1108 = DIRECTION ( 'NONE',  ( 0.000000000000000000, 0.000000000000000000, -1.000000000000000000 ) ) ;
#1109 = PLANE ( 'NONE',  #2299 ) ;
#1110 = LINE ( 'NONE', #304, #3104 ) ;
#1111 = ORIENTED_EDGE ( 'NONE', *, *, #1918, .F. ) ;
#1112 = ORIENTED_EDGE ( 'NONE', *, *, #1899, .F. ) ;
#1113 = FACE_OUTER_BOUND ( 'NONE', #2419, .T. ) ;
#1114 =( GEOMETRIC_REPRESENTATION_CONTEXT ( 3 ) GLOBAL_UNCERTAINTY_ASSIGNED_CONTEXT ( ( #1292 ) ) GLOBAL_UNIT_ASSIGNED_CONTEXT ( ( #1462, #3007, #900 ) ) REPRESENTATION_CONTEXT ( 'NONE', 'WORKASPACE' ) );
#1115 = CARTESIAN_POINT ( 'NONE',  ( -40.50000000000000000, 0.000000000000000000, -5.749999999999994671 ) ) ;
#1116 = LINE ( 'NONE', #1377, #1468 ) ;
#1117 = ORIENTED_EDGE ( 'NONE', *, *, #2649, .T. ) ;
#1118 = EDGE_CURVE ( 'NONE', #2261, #2435, #2443, .T. ) ;
#1119 = TOROIDAL_SURFACE ( 'NONE', #397, 3.499999999999998224, 1.000000000000000000 ) ;
#1120 = EDGE_CURVE ( 'NONE', #1513, #3407, #1396, .T. ) ;
#1121 = DIRECTION ( 'NONE',  ( -1.000000000000000000, 0.000000000000000000, 0.000000000000000000 ) ) ;
#1122 = CIRCLE ( 'NONE', #804, 1.000000000000000888 ) ;
#1123 = VECTOR ( 'NONE', #2856, 1000.000000000000000 ) ;
#1124 = LINE ( 'NONE', #1668, #2718 ) ;
#1125 = ADVANCED_FACE ( 'NONE', ( #110 ), #601, .T. ) ;
#1126 = EDGE_CURVE ( 'NONE', #3070, #2688, #1682, .T. ) ;
#1127 = AXIS2_PLACEMENT_3D ( 'NONE', #1745, #671, #1517 ) ;
#1128 = CIRCLE ( 'NONE', #576, 1.364499712793999064 ) ;
#1129 = VECTOR ( 'NONE', #2851, 1000.000000000000000 ) ;
#1130 = VERTEX_POINT ( 'NONE', #52 ) ;
#1131 = VERTEX_POINT ( 'NONE', #344 ) ;
#1132 = FACE_OUTER_BOUND ( 'NONE', #2960, .T. ) ;
#1133 = VERTEX_POINT ( 'NONE', #1667 ) ;
#1134 = CARTESIAN_POINT ( 'NONE',  ( 19.08551248218999419, 0.000000000000000000, -25.86449971279398952 ) ) ;
#1135 = CARTESIAN_POINT ( 'NONE',  ( -33.49999999999999289, 0.000000000000000000, -5.749999999999994671 ) ) ;
#1136 = CARTESIAN_POINT ( 'NONE',  ( -40.50000000000000000, 27.00000000000000000, 5.750000000000003553 ) ) ;
#1137 = CARTESIAN_POINT ( 'NONE',  ( -39.00000000000000711, 0.000000000000000000, 24.50000000000000355 ) ) ;
#1138 = ORIENTED_EDGE ( 'NONE', *, *, #1974, .T. ) ;
#1139 = FACE_OUTER_BOUND ( 'NONE', #1600, .T. ) ;
#1140 = CARTESIAN_POINT ( 'NONE',  ( 33.49999999999999289, 0.000000000000000000, -5.749999999999994671 ) ) ;
#1141 = DIRECTION ( 'NONE',  ( 0.000000000000000000, 1.000000000000000000, 0.000000000000000000 ) ) ;
#1142 = EDGE_CURVE ( 'NONE', #646, #499, #1937, .T. ) ;
#1143 = EDGE_CURVE ( 'NONE', #12, #952, #1304, .T. ) ;
#1144 = CARTESIAN_POINT ( 'NONE',  ( -40.50000000000000000, 0.000000000000000000, -20.24999999999999645 ) ) ;
#1145 = DIRECTION ( 'NONE',  ( 0.000000000000000000, 1.000000000000000000, 0.000000000000000000 ) ) ;
#1146 = PLANE ( 'NONE',  #901 ) ;
#1147 = VERTEX_POINT ( 'NONE', #1412 ) ;
#1148 = FACE_BOUND ( 'NONE', #2895, .T. ) ;
#1149 = ORIENTED_EDGE ( 'NONE', *, *, #3153, .T. ) ;
#1150 = LINE ( 'NONE', #2695, #1238 ) ;
#1151 = LINE ( 'NONE', #325, #521 ) ;
#1152 = DIRECTION ( 'NONE',  ( -0.000000000000000000, -1.000000000000000000, -0.000000000000000000 ) ) ;
#1153 = VERTEX_POINT ( 'NONE', #2464 ) ;
#1154 = CARTESIAN_POINT ( 'NONE',  ( -39.00000000000000711, 3.000000000000000000, -24.49999999999999289 ) ) ;
#1155 = DIRECTION ( 'NONE',  ( -0.000000000000000000, -1.000000000000000000, -0.000000000000000000 ) ) ;
#1156 = DIRECTION ( 'NONE',  ( -0.000000000000000000, -1.000000000000000000, -0.000000000000000000 ) ) ;
#1157 = ORIENTED_EDGE ( 'NONE', *, *, #1952, .F. ) ;
#1158 = CARTESIAN_POINT ( 'NONE',  ( 0.000000000000000000, 3.000000000000000000, -5.749999999999994671 ) ) ;
#1159 = LINE ( 'NONE', #1984, #1741 ) ;
#1160 = EDGE_CURVE ( 'NONE', #1131, #2248, #1728, .T. ) ;
#1161 = EDGE_CURVE ( 'NONE', #2110, #2326, #3223, .T. ) ;
#1162 = CARTESIAN_POINT ( 'NONE',  ( 33.49999999999999289, 0.000000000000000000, 5.750000000000003553 ) ) ;
#1163 = ORIENTED_EDGE ( 'NONE', *, *, #405, .F. ) ;
#1164 = CARTESIAN_POINT ( 'NONE',  ( -22.49999999999999645, 0.000000000000000000, 5.750000000000003553 ) ) ;
#1165 = VERTEX_POINT ( 'NONE', #2490 ) ;
#1166 = LINE ( 'NONE', #2205, #621 ) ;
#1167 = EDGE_CURVE ( 'NONE', #1192, #2266, #1174, .T. ) ;
#1168 = CARTESIAN_POINT ( 'NONE',  ( 33.49999999999999289, 27.00000000000000000, -18.74999999999999645 ) ) ;
#1169 = CIRCLE ( 'NONE', #3043, 1.000000000000000888 ) ;
#1170 = EDGE_LOOP ( 'NONE', ( #1950, #2822, #1491, #1175 ) ) ;
#1171 = VECTOR ( 'NONE', #937, 1000.000000000000000 ) ;
#1172 = DIRECTION ( 'NONE',  ( 1.000000000000000000, -0.000000000000000000, 0.000000000000000000 ) ) ;
#1173 = LINE ( 'NONE', #922, #1818 ) ;
#1174 = LINE ( 'NONE', #2477, #1414 ) ;
#1175 = ORIENTED_EDGE ( 'NONE', *, *, #3291, .T. ) ;
#1176 = VECTOR ( 'NONE', #465, 1000.000000000000000 ) ;
#1177 = VECTOR ( 'NONE', #3094, 1000.000000000000000 ) ;
#1178 = VECTOR ( 'NONE', #445, 1000.000000000000000 ) ;
#1179 = PLANE ( 'NONE',  #1295 ) ;
#1180 = CIRCLE ( 'NONE', #2993, 2.999999999999999112 ) ;
#1181 = AXIS2_PLACEMENT_3D ( 'NONE', #274, #1862, #2884 ) ;
#1182 = CIRCLE ( 'NONE', #2844, 1.364499712793995734 ) ;
#1183 = ORIENTED_EDGE ( 'NONE', *, *, #2521, .T. ) ;
#1184 = FACE_BOUND ( 'NONE', #1863, .T. ) ;
#1185 = EDGE_CURVE ( 'NONE', #374, #2319, #2241, .T. ) ;
#1186 = ORIENTED_EDGE ( 'NONE', *, *, #535, .T. ) ;
#1187 = LINE ( 'NONE', #867, #2185 ) ;
#1188 = CARTESIAN_POINT ( 'NONE',  ( 40.49999999999999289, 0.000000000000000000, -18.74999999999999645 ) ) ;
#1189 = CARTESIAN_POINT ( 'NONE',  ( 19.08551248218999419, 27.00000000000000000, -24.49999999999999289 ) ) ;
#1190 = ORIENTED_EDGE ( 'NONE', *, *, #1185, .F. ) ;
#1191 = EDGE_CURVE ( 'NONE', #3160, #700, #390, .T. ) ;
#1192 = VERTEX_POINT ( 'NONE', #2700 ) ;
#1193 = CARTESIAN_POINT ( 'NONE',  ( 22.50000000000000000, 27.00000000000000000, 7.250000000000004441 ) ) ;
#1194 = PLANE ( 'NONE',  #3172 ) ;
#1195 = EDGE_LOOP ( 'NONE', ( #580, #1557, #2957, #219 ) ) ;
#1196 = DIRECTION ( 'NONE',  ( 0.000000000000000000, -0.000000000000000000, 1.000000000000000000 ) ) ;
#1197 = CARTESIAN_POINT ( 'NONE',  ( -29.49999999999999645, 27.00000000000000000, 5.750000000000003553 ) ) ;
#1198 = CARTESIAN_POINT ( 'NONE',  ( 19.08551248218999419, 27.00000000000000000, -21.99999999999999645 ) ) ;
#1199 = FACE_OUTER_BOUND ( 'NONE', #982, .T. ) ;
#1200 = VERTEX_POINT ( 'NONE', #184 ) ;
#1201 = FACE_BOUND ( 'NONE', #2657, .T. ) ;
#1202 = ORIENTED_EDGE ( 'NONE', *, *, #1882, .F. ) ;
#1203 = CARTESIAN_POINT ( 'NONE',  ( 19.08551248218999419, 27.00000000000000000, 27.00000000000000355 ) ) ;
#1204 = ORIENTED_EDGE ( 'NONE', *, *, #123, .T. ) ;
#1205 = VERTEX_POINT ( 'NONE', #149 ) ;
#1206 = ADVANCED_FACE ( 'NONE', ( #2080 ), #3366, .F. ) ;
#1207 = ADVANCED_FACE ( 'NONE', ( #1256 ), #1194, .F. ) ;
#1208 = DIRECTION ( 'NONE',  ( -1.000000000000000000, 0.000000000000000000, 0.000000000000000000 ) ) ;
#1209 = CARTESIAN_POINT ( 'NONE',  ( 29.50000000000000000, 3.000000000000000000, -39.00000000000000000 ) ) ;
#1210 = ORIENTED_EDGE ( 'NONE', *, *, #2341, .F. ) ;
#1211 = CARTESIAN_POINT ( 'NONE',  ( -22.49999999999999645, 27.00000000000000000, 5.750000000000003553 ) ) ;
#1212 = CARTESIAN_POINT ( 'NONE',  ( 22.50000000000000000, 2.999999999999999112, 7.250000000000004441 ) ) ;
#1213 = LINE ( 'NONE', #958, #3215 ) ;
#1214 = FACE_OUTER_BOUND ( 'NONE', #3013, .T. ) ;
#1215 = ORIENTED_EDGE ( 'NONE', *, *, #704, .F. ) ;
#1216 = LINE ( 'NONE', #1762, #244 ) ;
#1217 = ORIENTED_EDGE ( 'NONE', *, *, #2921, .F. ) ;
#1218 = CARTESIAN_POINT ( 'NONE',  ( 40.49999999999999289, 27.00000000000000000, 20.25000000000000355 ) ) ;
#1219 = CARTESIAN_POINT ( 'NONE',  ( 29.50000000000000000, 2.999999999999999112, -5.749999999999994671 ) ) ;
#1220 = CYLINDRICAL_SURFACE ( 'NONE', #908, 1.364499712793999064 ) ;
#1221 = VERTEX_POINT ( 'NONE', #3053 ) ;
#1222 = FACE_OUTER_BOUND ( 'NONE', #2170, .T. ) ;
#1223 = ORIENTED_EDGE ( 'NONE', *, *, #1327, .T. ) ;
#1224 = CARTESIAN_POINT ( 'NONE',  ( 22.50000000000000000, 2.999999999999999112, -18.74999999999999645 ) ) ;
#1225 = DIRECTION ( 'NONE',  ( 0.000000000000000000, 0.000000000000000000, 1.000000000000000000 ) ) ;
#1226 = LINE ( 'NONE', #1209, #2294 ) ;
#1227 = EDGE_LOOP ( 'NONE', ( #777, #2204, #2880, #2778 ) ) ;
#1228 = EDGE_CURVE ( 'NONE', #2471, #3226, #3325, .T. ) ;
#1229 = DIRECTION ( 'NONE',  ( -0.000000000000000000, -1.000000000000000000, -0.000000000000000000 ) ) ;
#1230 = AXIS2_PLACEMENT_3D ( 'NONE', #169, #2790, #716 ) ;
#1231 = DIRECTION ( 'NONE',  ( 0.000000000000000000, 1.000000000000000000, 0.000000000000000000 ) ) ;
#1232 = AXIS2_PLACEMENT_3D ( 'NONE', #165, #3037, #2527 ) ;
#1233 = CARTESIAN_POINT ( 'NONE',  ( -41.99999999999999289, 3.000000000000000000, -32.50000000000000000 ) ) ;
#1234 = EDGE_CURVE ( 'NONE', #439, #579, #1226, .T. ) ;
#1235 = PLANE ( 'NONE',  #732 ) ;
#1236 = EDGE_CURVE ( 'NONE', #253, #1017, #2260, .T. ) ;
#1237 = VECTOR ( 'NONE', #2456, 1000.000000000000000 ) ;
#1238 = VECTOR ( 'NONE', #77, 1000.000000000000000 ) ;
#1239 = EDGE_LOOP ( 'NONE', ( #197, #898, #984, #2105 ) ) ;
#1240 = DIRECTION ( 'NONE',  ( 0.000000000000000000, 0.000000000000000000, -1.000000000000000000 ) ) ;
#1241 = VECTOR ( 'NONE', #1794, 1000.000000000000000 ) ;
#1242 = CIRCLE ( 'NONE', #1819, 2.500000000000002220 ) ;
#1243 = ORIENTED_EDGE ( 'NONE', *, *, #1236, .F. ) ;
#1244 = CARTESIAN_POINT ( 'NONE',  ( -39.00000000000000711, 27.00000000000000000, 24.50000000000000355 ) ) ;
#1245 =( NAMED_UNIT ( * ) PLANE_ANGLE_UNIT ( ) SI_UNIT ( $, .RADIAN. ) );
#1246 = AXIS2_PLACEMENT_3D ( 'NONE', #3041, #756, #153 ) ;
#1247 = VECTOR ( 'NONE', #1973, 1000.000000000000000 ) ;
#1248 = CARTESIAN_POINT ( 'NONE',  ( 0.000000000000000000, 3.000000000000000000, 20.25000000000000355 ) ) ;
#1249 = ORIENTED_EDGE ( 'NONE', *, *, #554, .T. ) ;
#1250 = CARTESIAN_POINT ( 'NONE',  ( 33.49999999999999289, 3.000000000000000000, -39.00000000000000000 ) ) ;
#1251 = VERTEX_POINT ( 'NONE', #1482 ) ;
#1252 = VECTOR ( 'NONE', #1297, 1000.000000000000000 ) ;
#1253 = AXIS2_PLACEMENT_3D ( 'NONE', #2077, #2595, #2831 ) ;
#1254 = DIRECTION ( 'NONE',  ( -0.000000000000000000, -1.000000000000000000, -0.000000000000000000 ) ) ;
#1255 = CARTESIAN_POINT ( 'NONE',  ( 22.50000000000000000, 0.000000000000000000, 5.750000000000003553 ) ) ;
#1256 = FACE_OUTER_BOUND ( 'NONE', #729, .T. ) ;
#1257 = EDGE_LOOP ( 'NONE', ( #1453, #2270, #1905, #255 ) ) ;
#1258 = DIRECTION ( 'NONE',  ( -0.000000000000000000, 1.000000000000000000, -0.000000000000000000 ) ) ;
#1259 = CARTESIAN_POINT ( 'NONE',  ( 29.50000000000000000, 27.00000000000000000, 20.25000000000000355 ) ) ;
#1260 = LINE ( 'NONE', #500, #1579 ) ;
#1261 = EDGE_CURVE ( 'NONE', #752, #2176, #3035, .T. ) ;
#1262 = ADVANCED_FACE ( 'NONE', ( #3112 ), #163, .T. ) ;
#1263 = LINE ( 'NONE', #1315, #1355 ) ;
#1264 = EDGE_LOOP ( 'NONE', ( #2589, #2678, #2140, #1138 ) ) ;
#1265 = ORIENTED_EDGE ( 'NONE', *, *, #103, .F. ) ;
#1266 = PLANE ( 'NONE',  #71 ) ;
#1267 = ORIENTED_EDGE ( 'NONE', *, *, #3237, .F. ) ;
#1268 = CARTESIAN_POINT ( 'NONE',  ( -39.00000000000000711, 27.00000000000000000, 24.50000000000000355 ) ) ;
#1269 = ORIENTED_EDGE ( 'NONE', *, *, #955, .F. ) ;
#1270 = LINE ( 'NONE', #1323, #3059 ) ;
#1271 = DIRECTION ( 'NONE',  ( -1.000000000000000000, 0.000000000000000000, 0.000000000000000000 ) ) ;
#1272 = ORIENTED_EDGE ( 'NONE', *, *, #914, .T. ) ;
#1273 = DIRECTION ( 'NONE',  ( -0.000000000000000000, -1.000000000000000000, -0.000000000000000000 ) ) ;
#1274 = CARTESIAN_POINT ( 'NONE',  ( 40.49999999999999289, 2.999999999999999112, -18.74999999999999645 ) ) ;
#1275 = LINE ( 'NONE', #3333, #520 ) ;
#1276 = CARTESIAN_POINT ( 'NONE',  ( -33.49999999999999289, 0.000000000000000000, 18.75000000000000355 ) ) ;
#1277 = ORIENTED_EDGE ( 'NONE', *, *, #1676, .F. ) ;
#1278 = DIRECTION ( 'NONE',  ( 0.000000000000000000, 0.000000000000000000, 1.000000000000000000 ) ) ;
#1279 = VERTEX_POINT ( 'NONE', #1829 ) ;
#1280 = DIRECTION ( 'NONE',  ( 0.000000000000000000, 1.000000000000000000, 0.000000000000000000 ) ) ;
#1281 = EDGE_CURVE ( 'NONE', #2073, #2389, #2542, .T. ) ;
#1282 = ADVANCED_FACE ( 'NONE', ( #2525 ), #1771, .F. ) ;
#1283 = DIRECTION ( 'NONE',  ( -0.000000000000000000, -1.000000000000000000, -0.000000000000000000 ) ) ;
#1284 = CARTESIAN_POINT ( 'NONE',  ( -39.00000000000000711, 4.000000000000000000, -21.99999999999999289 ) ) ;
#1285 = ORIENTED_EDGE ( 'NONE', *, *, #2341, .T. ) ;
#1286 = LINE ( 'NONE', #3071, #3229 ) ;
#1287 = VERTEX_POINT ( 'NONE', #134 ) ;
#1288 = ADVANCED_FACE ( 'NONE', ( #2556 ), #3347, .F. ) ;
#1289 = EDGE_CURVE ( 'NONE', #1096, #782, #1518, .T. ) ;
#1290 = CARTESIAN_POINT ( 'NONE',  ( 0.000000000000000000, 3.000000000000000000, 5.750000000000003553 ) ) ;
#1291 = EDGE_LOOP ( 'NONE', ( #1384, #1249 ) ) ;
#1292 = UNCERTAINTY_MEASURE_WITH_UNIT (LENGTH_MEASURE( 1.000000000000000082E-05 ), #1462, 'distance_accuracy_value', 'NONE');
#1293 = FACE_BOUND ( 'NONE', #141, .T. ) ;
#1294 = LINE ( 'NONE', #1800, #1883 ) ;
#1295 = AXIS2_PLACEMENT_3D ( 'NONE', #1197, #1998, #2262 ) ;
#1296 = CARTESIAN_POINT ( 'NONE',  ( 40.49999999999999289, 3.000000000000000000, -39.00000000000000000 ) ) ;
#1297 = DIRECTION ( 'NONE',  ( -0.000000000000000000, -1.000000000000000000, -0.000000000000000000 ) ) ;
#1298 = MECHANICAL_DESIGN_GEOMETRIC_PRESENTATION_REPRESENTATION (  '', ( #2499 ), #1114 ) ;
#1299 = DIRECTION ( 'NONE',  ( -0.000000000000000000, 1.000000000000000000, -0.000000000000000000 ) ) ;
#1300 = ORIENTED_EDGE ( 'NONE', *, *, #2257, .T. ) ;
#1301 = ORIENTED_EDGE ( 'NONE', *, *, #3363, .F. ) ;
#1302 = AXIS2_PLACEMENT_3D ( 'NONE', #2818, #44, #1102 ) ;
#1303 = AXIS2_PLACEMENT_3D ( 'NONE', #174, #455, #1824 ) ;
#1304 = CIRCLE ( 'NONE', #352, 2.500000000000002220 ) ;
#1305 = ORIENTED_EDGE ( 'NONE', *, *, #2362, .F. ) ;
#1306 = FACE_OUTER_BOUND ( 'NONE', #3148, .T. ) ;
#1307 = ORIENTED_EDGE ( 'NONE', *, *, #2605, .F. ) ;
#1308 = VECTOR ( 'NONE', #2118, 1000.000000000000000 ) ;
#1309 = ADVANCED_FACE ( 'NONE', ( #2066 ), #975, .F. ) ;
#1310 = ADVANCED_FACE ( 'NONE', ( #951 ), #1459, .F. ) ;
#1311 = DIRECTION ( 'NONE',  ( 0.000000000000000000, 1.000000000000000000, 0.000000000000000000 ) ) ;
#1312 = MECHANICAL_DESIGN_GEOMETRIC_PRESENTATION_REPRESENTATION (  '', ( #2734 ), #303 ) ;
#1313 = VECTOR ( 'NONE', #289, 1000.000000000000000 ) ;
#1314 = ORIENTED_EDGE ( 'NONE', *, *, #367, .T. ) ;
#1315 = CARTESIAN_POINT ( 'NONE',  ( -29.49999999999999645, 0.000000000000000000, 20.25000000000000355 ) ) ;
#1316 = ORIENTED_EDGE ( 'NONE', *, *, #2862, .T. ) ;
#1317 = CARTESIAN_POINT ( 'NONE',  ( -40.50000000000000000, 0.000000000000000000, 7.250000000000004441 ) ) ;
#1318 = EDGE_LOOP ( 'NONE', ( #2623, #2557, #2767, #3096 ) ) ;
#1319 = DIRECTION ( 'NONE',  ( -0.000000000000000000, -1.000000000000000000, -0.000000000000000000 ) ) ;
#1320 = DIRECTION ( 'NONE',  ( -1.000000000000000000, 0.000000000000000000, -0.000000000000000000 ) ) ;
#1321 = EDGE_LOOP ( 'NONE', ( #2911, #2638, #1183, #411 ) ) ;
#1322 = EDGE_LOOP ( 'NONE', ( #2920, #1602, #1300, #2469 ) ) ;
#1323 = CARTESIAN_POINT ( 'NONE',  ( -40.50000000000000000, 27.00000000000000000, -5.749999999999994671 ) ) ;
#1324 = DIRECTION ( 'NONE',  ( 1.000000000000000000, -0.000000000000000000, 0.000000000000000000 ) ) ;
#1325 = VERTEX_POINT ( 'NONE', #2049 ) ;
#1326 = ADVANCED_FACE ( 'NONE', ( #2580 ), #206, .F. ) ;
#1327 = EDGE_CURVE ( 'NONE', #2250, #3016, #1057, .T. ) ;
#1328 = DIRECTION ( 'NONE',  ( -1.000000000000000000, 0.000000000000000000, -0.000000000000000000 ) ) ;
#1329 = EDGE_CURVE ( 'NONE', #199, #22, #1885, .T. ) ;
#1330 = ORIENTED_EDGE ( 'NONE', *, *, #3364, .T. ) ;
#1331 = CARTESIAN_POINT ( 'NONE',  ( -40.50000000000000000, 2.999999999999999112, 20.25000000000000355 ) ) ;
#1332 = ORIENTED_EDGE ( 'NONE', *, *, #2975, .T. ) ;
#1333 = DIRECTION ( 'NONE',  ( 0.000000000000000000, 1.000000000000000000, 0.000000000000000000 ) ) ;
#1334 = VERTEX_POINT ( 'NONE', #1901 ) ;
#1335 = PLANE ( 'NONE',  #750 ) ;
#1336 = ORIENTED_EDGE ( 'NONE', *, *, #3152, .T. ) ;
#1337 = LINE ( 'NONE', #2068, #2291 ) ;
#1338 = CARTESIAN_POINT ( 'NONE',  ( -29.49999999999999645, 27.00000000000000000, -5.749999999999994671 ) ) ;
#1339 = DIRECTION ( 'NONE',  ( 1.000000000000000000, 0.000000000000000000, -0.000000000000000000 ) ) ;
#1340 = ORIENTED_EDGE ( 'NONE', *, *, #1395, .F. ) ;
#1341 = CARTESIAN_POINT ( 'NONE',  ( -39.00000000000000711, 27.00000000000000000, -24.49999999999999289 ) ) ;
#1342 = DIRECTION ( 'NONE',  ( -0.000000000000000000, -1.000000000000000000, -0.000000000000000000 ) ) ;
#1343 = ADVANCED_FACE ( 'NONE', ( #784 ), #258, .F. ) ;
#1344 = AXIS2_PLACEMENT_3D ( 'NONE', #557, #1145, #1399 ) ;
#1345 = EDGE_CURVE ( 'NONE', #3315, #2250, #1597, .T. ) ;
#1346 = ORIENTED_EDGE ( 'NONE', *, *, #2668, .T. ) ;
#1347 = LINE ( 'NONE', #1084, #2840 ) ;
#1348 = EDGE_LOOP ( 'NONE', ( #2730, #250, #1710, #890 ) ) ;
#1349 = AXIS2_PLACEMENT_3D ( 'NONE', #1431, #2292, #953 ) ;
#1350 = LINE ( 'NONE', #27, #2888 ) ;
#1351 = EDGE_LOOP ( 'NONE', ( #207, #2167, #2711, #1877 ) ) ;
#1352 = CARTESIAN_POINT ( 'NONE',  ( -45.00000000000000000, 3.000000000000000000, 32.50000000000000000 ) ) ;
#1353 = ORIENTED_EDGE ( 'NONE', *, *, #3237, .T. ) ;
#1354 = CARTESIAN_POINT ( 'NONE',  ( -40.50000000000000000, 2.999999999999999112, -18.74999999999999645 ) ) ;
#1355 = VECTOR ( 'NONE', #3393, 1000.000000000000000 ) ;
#1356 = VECTOR ( 'NONE', #2679, 1000.000000000000000 ) ;
#1357 = DIRECTION ( 'NONE',  ( 0.000000000000000000, 0.000000000000000000, 1.000000000000000000 ) ) ;
#1358 = CARTESIAN_POINT ( 'NONE',  ( 19.08551248218999419, 4.000000000000000000, -20.99999999999999289 ) ) ;
#1359 = FACE_OUTER_BOUND ( 'NONE', #2672, .T. ) ;
#1360 = VERTEX_POINT ( 'NONE', #2147 ) ;
#1361 = AXIS2_PLACEMENT_3D ( 'NONE', #1050, #2152, #2925 ) ;
#1362 = AXIS2_PLACEMENT_3D ( 'NONE', #2802, #2833, #2507 ) ;
#1363 = PRODUCT_DEFINITION_FORMATION_WITH_SPECIFIED_SOURCE ( 'ANY', '', #1547, .NOT_KNOWN. ) ;
#1364 = CIRCLE ( 'NONE', #1884, 1.364499712793999064 ) ;
#1365 = DIRECTION ( 'NONE',  ( -1.000000000000000000, 0.000000000000000000, 0.000000000000000000 ) ) ;
#1366 = ORIENTED_EDGE ( 'NONE', *, *, #2565, .T. ) ;
#1367 = LINE ( 'NONE', #1921, #2567 ) ;
#1368 = FACE_OUTER_BOUND ( 'NONE', #3182, .T. ) ;
#1369 = ADVANCED_FACE ( 'NONE', ( #1044 ), #821, .F. ) ;
#1370 = EDGE_CURVE ( 'NONE', #1133, #2354, #2994, .T. ) ;
#1371 = EDGE_LOOP ( 'NONE', ( #3412, #1423, #967, #334, #2526, #2848, #2602, #427 ) ) ;
#1372 = VERTEX_POINT ( 'NONE', #2111 ) ;
#1373 = LINE ( 'NONE', #1056, #348 ) ;
#1374 = DIRECTION ( 'NONE',  ( 0.000000000000000000, 0.000000000000000000, -1.000000000000000000 ) ) ;
#1375 = CARTESIAN_POINT ( 'NONE',  ( 0.000000000000000000, 3.000000000000000000, 20.25000000000000355 ) ) ;
#1376 = LINE ( 'NONE', #2427, #751 ) ;
#1377 = CARTESIAN_POINT ( 'NONE',  ( -39.00000000000000711, 27.00000000000000000, 22.00000000000000355 ) ) ;
#1378 = VERTEX_POINT ( 'NONE', #2163 ) ;
#1379 = DIRECTION ( 'NONE',  ( -0.000000000000000000, -1.000000000000000000, -0.000000000000000000 ) ) ;
#1380 = CARTESIAN_POINT ( 'NONE',  ( 0.000000000000000000, 3.000000000000000000, -5.749999999999994671 ) ) ;
#1381 = VERTEX_POINT ( 'NONE', #2613 ) ;
#1382 = CARTESIAN_POINT ( 'NONE',  ( 19.08551248218999419, 0.000000000000000000, -24.49999999999999289 ) ) ;
#1383 = LINE ( 'NONE', #828, #855 ) ;
#1384 = ORIENTED_EDGE ( 'NONE', *, *, #405, .T. ) ;
#1385 = PLANE ( 'NONE',  #462 ) ;
#1386 = EDGE_CURVE ( 'NONE', #2854, #844, #3383, .T. ) ;
#1387 = ORIENTED_EDGE ( 'NONE', *, *, #2322, .F. ) ;
#1388 = EDGE_CURVE ( 'NONE', #691, #511, #1532, .T. ) ;
#1389 = LINE ( 'NONE', #2744, #902 ) ;
#1390 = DIRECTION ( 'NONE',  ( 0.000000000000000000, 0.000000000000000000, 1.000000000000000000 ) ) ;
#1391 = LINE ( 'NONE', #1106, #2300 ) ;
#1392 = LINE ( 'NONE', #2428, #2681 ) ;
#1393 = EDGE_CURVE ( 'NONE', #1200, #3070, #802, .T. ) ;
#1394 = ORIENTED_EDGE ( 'NONE', *, *, #2861, .T. ) ;
#1395 = EDGE_CURVE ( 'NONE', #691, #384, #3274, .T. ) ;
#1396 = LINE ( 'NONE', #329, #2779 ) ;
#1397 = DIRECTION ( 'NONE',  ( 0.000000000000000000, 1.000000000000000000, 0.000000000000000000 ) ) ;
#1398 = FACE_OUTER_BOUND ( 'NONE', #1351, .T. ) ;
#1399 = DIRECTION ( 'NONE',  ( 0.000000000000000000, -0.000000000000000000, 1.000000000000000000 ) ) ;
#1400 = ORIENTED_EDGE ( 'NONE', *, *, #338, .F. ) ;
#1401 = FACE_BOUND ( 'NONE', #1966, .T. ) ;
#1402 = ORIENTED_EDGE ( 'NONE', *, *, #1289, .T. ) ;
#1403 = DIRECTION ( 'NONE',  ( 0.000000000000000000, -0.000000000000000000, 1.000000000000000000 ) ) ;
#1404 = CIRCLE ( 'NONE', #676, 2.999999999999999112 ) ;
#1405 = DIRECTION ( 'NONE',  ( 0.000000000000000000, 1.000000000000000000, 0.000000000000000000 ) ) ;
#1406 = CARTESIAN_POINT ( 'NONE',  ( -39.00000000000000711, 27.00000000000000000, 27.00000000000000711 ) ) ;
#1407 = ORIENTED_EDGE ( 'NONE', *, *, #1234, .F. ) ;
#1408 = VECTOR ( 'NONE', #2800, 1000.000000000000000 ) ;
#1409 = VECTOR ( 'NONE', #438, 1000.000000000000000 ) ;
#1410 = EDGE_CURVE ( 'NONE', #2359, #281, #1364, .T. ) ;
#1411 = ADVANCED_FACE ( 'NONE', ( #1359 ), #2098, .F. ) ;
#1412 = CARTESIAN_POINT ( 'NONE',  ( -39.00000000000000711, 27.00000000000000000, 27.00000000000000711 ) ) ;
#1413 = VECTOR ( 'NONE', #625, 1000.000000000000000 ) ;
#1414 = VECTOR ( 'NONE', #1156, 1000.000000000000000 ) ;
#1415 = CARTESIAN_POINT ( 'NONE',  ( 40.49999999999999289, 27.00000000000000000, -18.74999999999999645 ) ) ;
#1416 = TOROIDAL_SURFACE ( 'NONE', #1246, 3.499999999999998224, 1.000000000000000000 ) ;
#1417 = VECTOR ( 'NONE', #612, 1000.000000000000000 ) ;
#1418 = DIRECTION ( 'NONE',  ( 1.000000000000000000, 0.000000000000000000, -0.000000000000000000 ) ) ;
#1419 = AXIS2_PLACEMENT_3D ( 'NONE', #2449, #1472, #2497 ) ;
#1420 = VECTOR ( 'NONE', #1208, 1000.000000000000000 ) ;
#1421 = CARTESIAN_POINT ( 'NONE',  ( -33.49999999999999289, 0.000000000000000000, 7.250000000000004441 ) ) ;
#1422 = ORIENTED_EDGE ( 'NONE', *, *, #2276, .F. ) ;
#1423 = ORIENTED_EDGE ( 'NONE', *, *, #1092, .T. ) ;
#1424 =( LENGTH_UNIT ( ) NAMED_UNIT ( * ) SI_UNIT ( .MILLI., .METRE. ) );
#1425 = DIRECTION ( 'NONE',  ( -1.000000000000000000, -0.000000000000000000, -0.000000000000000000 ) ) ;
#1426 = LINE ( 'NONE', #3198, #1701 ) ;
#1427 = ORIENTED_EDGE ( 'NONE', *, *, #2064, .T. ) ;
#1428 = CARTESIAN_POINT ( 'NONE',  ( -33.49999999999999289, 27.00000000000000000, -5.749999999999994671 ) ) ;
#1429 = DIRECTION ( 'NONE',  ( 0.000000000000000000, 1.000000000000000000, 0.000000000000000000 ) ) ;
#1430 = EDGE_CURVE ( 'NONE', #2023, #384, #2732, .T. ) ;
#1431 = CARTESIAN_POINT ( 'NONE',  ( 19.08551248218999419, 3.000000000000000000, 24.50000000000000355 ) ) ;
#1432 = ADVANCED_FACE ( 'NONE', ( #2394 ), #2661, .T. ) ;
#1433 = CARTESIAN_POINT ( 'NONE',  ( 22.50000000000000000, 0.000000000000000000, 18.75000000000000355 ) ) ;
#1434 = DIRECTION ( 'NONE',  ( -0.000000000000000000, -1.000000000000000000, -0.000000000000000000 ) ) ;
#1435 = ADVANCED_FACE ( 'NONE', ( #481 ), #1914, .F. ) ;
#1436 = DIRECTION ( 'NONE',  ( 1.000000000000000000, 0.000000000000000000, 0.000000000000000000 ) ) ;
#1437 = DIRECTION ( 'NONE',  ( -0.000000000000000000, -0.000000000000000000, 1.000000000000000000 ) ) ;
#1438 = ORIENTED_EDGE ( 'NONE', *, *, #338, .T. ) ;
#1439 = FACE_BOUND ( 'NONE', #3129, .T. ) ;
#1440 = ORIENTED_EDGE ( 'NONE', *, *, #878, .T. ) ;
#1441 = DIRECTION ( 'NONE',  ( 0.000000000000000000, 0.000000000000000000, -1.000000000000000000 ) ) ;
#1442 = VERTEX_POINT ( 'NONE', #548 ) ;
#1443 = DIRECTION ( 'NONE',  ( 0.000000000000000000, 0.000000000000000000, 1.000000000000000000 ) ) ;
#1444 = DIRECTION ( 'NONE',  ( 0.000000000000000000, 0.000000000000000000, 1.000000000000000000 ) ) ;
#1445 = VERTEX_POINT ( 'NONE', #1625 ) ;
#1446 = DIRECTION ( 'NONE',  ( -0.000000000000000000, -1.000000000000000000, -0.000000000000000000 ) ) ;
#1447 = EDGE_CURVE ( 'NONE', #1147, #511, #835, .T. ) ;
#1448 = LINE ( 'NONE', #699, #2552 ) ;
#1449 = ADVANCED_FACE ( 'NONE', ( #851 ), #2979, .T. ) ;
#1450 = EDGE_CURVE ( 'NONE', #3064, #1062, #566, .T. ) ;
#1451 = LINE ( 'NONE', #1736, #242 ) ;
#1452 = VERTEX_POINT ( 'NONE', #361 ) ;
#1453 = ORIENTED_EDGE ( 'NONE', *, *, #679, .F. ) ;
#1454 = DIRECTION ( 'NONE',  ( 0.000000000000000000, 1.000000000000000000, 0.000000000000000000 ) ) ;
#1455 = ORIENTED_EDGE ( 'NONE', *, *, #103, .T. ) ;
#1456 = ORIENTED_EDGE ( 'NONE', *, *, #1161, .T. ) ;
#1457 = VECTOR ( 'NONE', #2650, 1000.000000000000000 ) ;
#1458 = DIRECTION ( 'NONE',  ( 0.000000000000000000, 1.000000000000000000, 0.000000000000000000 ) ) ;
#1459 = CYLINDRICAL_SURFACE ( 'NONE', #2727, 1.364499712793999064 ) ;
#1460 = ORIENTED_EDGE ( 'NONE', *, *, #2231, .T. ) ;
#1461 = VECTOR ( 'NONE', #2120, 1000.000000000000000 ) ;
#1462 =( LENGTH_UNIT ( ) NAMED_UNIT ( * ) SI_UNIT ( .MILLI., .METRE. ) );
#1463 = VECTOR ( 'NONE', #1437, 1000.000000000000000 ) ;
#1464 = VECTOR ( 'NONE', #2528, 1000.000000000000000 ) ;
#1465 = CARTESIAN_POINT ( 'NONE',  ( 19.08551248218999419, 27.00000000000000000, -26.99999999999999289 ) ) ;
#1466 = LINE ( 'NONE', #3061, #617 ) ;
#1467 = VECTOR ( 'NONE', #781, 1000.000000000000000 ) ;
#1468 = VECTOR ( 'NONE', #917, 1000.000000000000000 ) ;
#1469 = CARTESIAN_POINT ( 'NONE',  ( -39.00000000000000711, 0.000000000000000000, 25.86449971279400373 ) ) ;
#1470 = VECTOR ( 'NONE', #337, 1000.000000000000000 ) ;
#1471 = ORIENTED_EDGE ( 'NONE', *, *, #2921, .T. ) ;
#1472 = DIRECTION ( 'NONE',  ( 0.000000000000000000, 1.000000000000000000, 0.000000000000000000 ) ) ;
#1473 = ORIENTED_EDGE ( 'NONE', *, *, #770, .T. ) ;
#1474 = CARTESIAN_POINT ( 'NONE',  ( -39.00000000000000711, 4.000000000000000000, -27.99999999999999645 ) ) ;
#1475 = EDGE_CURVE ( 'NONE', #2149, #2408, #1665, .T. ) ;
#1476 = ADVANCED_FACE ( 'NONE', ( #613 ), #1693, .F. ) ;
#1477 = SHAPE_DEFINITION_REPRESENTATION ( #1604, #2309 ) ;
#1478 = VERTEX_POINT ( 'NONE', #2488 ) ;
#1479 = ORIENTED_EDGE ( 'NONE', *, *, #2610, .F. ) ;
#1480 = LINE ( 'NONE', #694, #1408 ) ;
#1481 = CARTESIAN_POINT ( 'NONE',  ( -29.49999999999999645, 2.999999999999999112, 5.750000000000003553 ) ) ;
#1482 = CARTESIAN_POINT ( 'NONE',  ( -29.49999999999999645, 0.000000000000000000, -18.74999999999999645 ) ) ;
#1483 = ORIENTED_EDGE ( 'NONE', *, *, #1659, .F. ) ;
#1484 = CARTESIAN_POINT ( 'NONE',  ( 22.50000000000000000, 0.000000000000000000, -18.74999999999999645 ) ) ;
#1485 = FACE_BOUND ( 'NONE', #2846, .T. ) ;
#1486 = CARTESIAN_POINT ( 'NONE',  ( 22.50000000000000000, 27.00000000000000000, 18.75000000000000355 ) ) ;
#1487 = CARTESIAN_POINT ( 'NONE',  ( -41.99999999999999289, 3.000000000000000000, -29.50000000000000000 ) ) ;
#1488 = DIRECTION ( 'NONE',  ( -0.000000000000000000, -0.000000000000000000, 1.000000000000000000 ) ) ;
#1489 = EDGE_LOOP ( 'NONE', ( #880, #531, #3300, #696 ) ) ;
#1490 = PLANE ( 'NONE',  #2144 ) ;
#1491 = ORIENTED_EDGE ( 'NONE', *, *, #2878, .T. ) ;
#1492 = DIRECTION ( 'NONE',  ( 1.000000000000000000, 0.000000000000000000, 0.000000000000000000 ) ) ;
#1493 = CARTESIAN_POINT ( 'NONE',  ( -33.49999999999999289, 0.000000000000000000, -5.749999999999994671 ) ) ;
#1494 = ADVANCED_FACE ( 'NONE', ( #883 ), #635, .F. ) ;
#1495 = DIRECTION ( 'NONE',  ( -1.000000000000000000, 0.000000000000000000, 0.000000000000000000 ) ) ;
#1496 = ORIENTED_EDGE ( 'NONE', *, *, #2755, .F. ) ;
#1497 = DIRECTION ( 'NONE',  ( 1.000000000000000000, 0.000000000000000000, 0.000000000000000000 ) ) ;
#1498 = VERTEX_POINT ( 'NONE', #1645 ) ;
#1499 = CARTESIAN_POINT ( 'NONE',  ( 0.000000000000000000, 3.000000000000000000, 18.75000000000000355 ) ) ;
#1500 = ADVANCED_FACE ( 'NONE', ( #2236 ), #2950, .F. ) ;
#1501 = EDGE_CURVE ( 'NONE', #544, #594, #1596, .T. ) ;
#1502 = DIRECTION ( 'NONE',  ( 0.000000000000000000, 0.000000000000000000, 1.000000000000000000 ) ) ;
#1503 = EDGE_LOOP ( 'NONE', ( #932, #813, #976, #241 ) ) ;
#1504 = DIRECTION ( 'NONE',  ( 0.000000000000000000, 0.000000000000000000, 1.000000000000000000 ) ) ;
#1505 = FACE_OUTER_BOUND ( 'NONE', #1371, .T. ) ;
#1506 = FACE_OUTER_BOUND ( 'NONE', #803, .T. ) ;
#1507 = DIRECTION ( 'NONE',  ( -0.000000000000000000, 1.000000000000000000, -0.000000000000000000 ) ) ;
#1508 = PLANE ( 'NONE',  #3323 ) ;
#1509 = ORIENTED_EDGE ( 'NONE', *, *, #3196, .F. ) ;
#1510 = CARTESIAN_POINT ( 'NONE',  ( -33.49999999999999289, 27.00000000000000000, 20.25000000000000355 ) ) ;
#1511 = VERTEX_POINT ( 'NONE', #3258 ) ;
#1512 = DIRECTION ( 'NONE',  ( 0.000000000000000000, 0.000000000000000000, 1.000000000000000000 ) ) ;
#1513 = VERTEX_POINT ( 'NONE', #2698 ) ;
#1514 = CARTESIAN_POINT ( 'NONE',  ( 22.50000000000000000, 27.00000000000000000, -18.74999999999999645 ) ) ;
#1515 = ORIENTED_EDGE ( 'NONE', *, *, #2439, .T. ) ;
#1516 = LINE ( 'NONE', #2024, #3331 ) ;
#1517 = DIRECTION ( 'NONE',  ( 0.000000000000000000, 0.000000000000000000, 1.000000000000000000 ) ) ;
#1518 = LINE ( 'NONE', #2781, #805 ) ;
#1519 = EDGE_LOOP ( 'NONE', ( #1010, #2201, #76, #2578 ) ) ;
#1520 = CARTESIAN_POINT ( 'NONE',  ( 33.49999999999999289, 0.000000000000000000, -18.74999999999999645 ) ) ;
#1521 = EDGE_CURVE ( 'NONE', #3063, #691, #1116, .T. ) ;
#1522 = CIRCLE ( 'NONE', #1805, 2.999999999999999112 ) ;
#1523 = EDGE_CURVE ( 'NONE', #358, #743, #1392, .T. ) ;
#1524 = DIRECTION ( 'NONE',  ( -0.000000000000000000, 1.000000000000000000, -0.000000000000000000 ) ) ;
#1525 = VECTOR ( 'NONE', #2166, 1000.000000000000000 ) ;
#1526 = LINE ( 'NONE', #1486, #623 ) ;
#1527 = DIRECTION ( 'NONE',  ( 0.000000000000000000, 0.000000000000000000, 1.000000000000000000 ) ) ;
#1528 = VECTOR ( 'NONE', #1488, 1000.000000000000000 ) ;
#1529 = VECTOR ( 'NONE', #2519, 1000.000000000000000 ) ;
#1530 = ORIENTED_EDGE ( 'NONE', *, *, #1802, .T. ) ;
#1531 = VECTOR ( 'NONE', #2875, 1000.000000000000000 ) ;
#1532 = CIRCLE ( 'NONE', #2841, 2.500000000000002220 ) ;
#1533 = ORIENTED_EDGE ( 'NONE', *, *, #2177, .T. ) ;
#1534 = LINE ( 'NONE', #215, #1409 ) ;
#1535 = VECTOR ( 'NONE', #593, 1000.000000000000000 ) ;
#1536 = AXIS2_PLACEMENT_3D ( 'NONE', #916, #1989, #3030 ) ;
#1537 = DIRECTION ( 'NONE',  ( 1.000000000000000000, -0.000000000000000000, 0.000000000000000000 ) ) ;
#1538 = ORIENTED_EDGE ( 'NONE', *, *, #550, .F. ) ;
#1539 = DIRECTION ( 'NONE',  ( -1.000000000000000000, -0.000000000000000000, -0.000000000000000000 ) ) ;
#1540 = ORIENTED_EDGE ( 'NONE', *, *, #815, .T. ) ;
#1541 = AXIS2_PLACEMENT_3D ( 'NONE', #949, #2812, #2240 ) ;
#1542 = CARTESIAN_POINT ( 'NONE',  ( 19.08551248218999419, 27.00000000000000000, -24.49999999999999289 ) ) ;
#1543 = DIRECTION ( 'NONE',  ( 0.000000000000000000, 0.000000000000000000, 1.000000000000000000 ) ) ;
#1544 = DIRECTION ( 'NONE',  ( 0.000000000000000000, 0.000000000000000000, 1.000000000000000000 ) ) ;
#1545 = ORIENTED_EDGE ( 'NONE', *, *, #1992, .F. ) ;
#1546 = CARTESIAN_POINT ( 'NONE',  ( -29.49999999999999645, 0.000000000000000000, 5.750000000000003553 ) ) ;
#1547 = PRODUCT ( '030 Platinenhalter', '030 Platinenhalter', '', ( #3143 ) ) ;
#1548 = LINE ( 'NONE', #2842, #1464 ) ;
#1549 = ADVANCED_FACE ( 'NONE', ( #2709 ), #63, .F. ) ;
#1550 = EDGE_CURVE ( 'NONE', #1062, #391, #2684, .T. ) ;
#1551 = DIRECTION ( 'NONE',  ( -0.000000000000000000, 1.000000000000000000, -0.000000000000000000 ) ) ;
#1552 = CARTESIAN_POINT ( 'NONE',  ( -22.49999999999999645, 0.000000000000000000, 20.25000000000000355 ) ) ;
#1553 = CARTESIAN_POINT ( 'NONE',  ( 33.49999999999999289, 27.00000000000000000, 5.750000000000003553 ) ) ;
#1554 = EDGE_CURVE ( 'NONE', #2442, #999, #3175, .T. ) ;
#1555 = EDGE_CURVE ( 'NONE', #2244, #2630, #2208, .T. ) ;
#1556 = ORIENTED_EDGE ( 'NONE', *, *, #1899, .T. ) ;
#1557 = ORIENTED_EDGE ( 'NONE', *, *, #2438, .T. ) ;
#1558 = LINE ( 'NONE', #1779, #176 ) ;
#1559 = VERTEX_POINT ( 'NONE', #1931 ) ;
#1560 = DIRECTION ( 'NONE',  ( -0.000000000000000000, -1.000000000000000000, -0.000000000000000000 ) ) ;
#1561 = ORIENTED_EDGE ( 'NONE', *, *, #2362, .T. ) ;
#1562 = DIRECTION ( 'NONE',  ( 0.000000000000000000, 0.000000000000000000, 1.000000000000000000 ) ) ;
#1563 = ORIENTED_EDGE ( 'NONE', *, *, #487, .T. ) ;
#1564 = FACE_BOUND ( 'NONE', #1729, .T. ) ;
#1565 = DIRECTION ( 'NONE',  ( -0.000000000000000000, -1.000000000000000000, -0.000000000000000000 ) ) ;
#1566 = CARTESIAN_POINT ( 'NONE',  ( -33.49999999999999289, 27.00000000000000000, 7.250000000000004441 ) ) ;
#1567 = ADVANCED_FACE ( 'NONE', ( #3245 ), #2729, .F. ) ;
#1568 = ORIENTED_EDGE ( 'NONE', *, *, #234, .T. ) ;
#1569 = ORIENTED_EDGE ( 'NONE', *, *, #1228, .T. ) ;
#1570 = EDGE_CURVE ( 'NONE', #594, #544, #2245, .T. ) ;
#1571 = ADVANCED_FACE ( 'NONE', ( #882 ), #565, .F. ) ;
#1572 = DIRECTION ( 'NONE',  ( 0.000000000000000000, 0.000000000000000000, -1.000000000000000000 ) ) ;
#1573 = VERTEX_POINT ( 'NONE', #1972 ) ;
#1574 = CARTESIAN_POINT ( 'NONE',  ( 22.50000000000000000, 2.999999999999999112, 5.750000000000003553 ) ) ;
#1575 = ORIENTED_EDGE ( 'NONE', *, *, #1555, .T. ) ;
#1576 = DIRECTION ( 'NONE',  ( 0.000000000000000000, 0.000000000000000000, 1.000000000000000000 ) ) ;
#1577 = VERTEX_POINT ( 'NONE', #597 ) ;
#1578 = DIRECTION ( 'NONE',  ( -1.000000000000000000, 0.000000000000000000, 0.000000000000000000 ) ) ;
#1579 = VECTOR ( 'NONE', #2334, 1000.000000000000000 ) ;
#1580 = CARTESIAN_POINT ( 'NONE',  ( -39.00000000000000711, 27.00000000000000000, -25.86449971279399307 ) ) ;
#1581 = LINE ( 'NONE', #3082, #2454 ) ;
#1582 = VERTEX_POINT ( 'NONE', #3210 ) ;
#1583 = PLANE ( 'NONE',  #2622 ) ;
#1584 = EDGE_LOOP ( 'NONE', ( #2791, #2491, #2227, #2377 ) ) ;
#1585 = CARTESIAN_POINT ( 'NONE',  ( -39.00000000000000711, 27.00000000000000000, -26.99999999999999645 ) ) ;
#1586 = AXIS2_PLACEMENT_3D ( 'NONE', #1244, #2058, #1512 ) ;
#1587 = LINE ( 'NONE', #252, #569 ) ;
#1588 = CIRCLE ( 'NONE', #965, 1.364499712793999064 ) ;
#1589 = VECTOR ( 'NONE', #418, 1000.000000000000000 ) ;
#1590 = CARTESIAN_POINT ( 'NONE',  ( -45.00000000000000000, 0.000000000000000000, -32.50000000000000000 ) ) ;
#1591 = ORIENTED_EDGE ( 'NONE', *, *, #3062, .T. ) ;
#1592 = EDGE_CURVE ( 'NONE', #3328, #3396, #583, .T. ) ;
#1593 = ORIENTED_EDGE ( 'NONE', *, *, #1715, .T. ) ;
#1594 = EDGE_CURVE ( 'NONE', #2640, #2817, #634, .T. ) ;
#1595 = AXIS2_PLACEMENT_3D ( 'NONE', #3185, #1845, #497 ) ;
#1596 = CIRCLE ( 'NONE', #573, 12.50034799947463782 ) ;
#1597 = LINE ( 'NONE', #2869, #3115 ) ;
#1598 = CIRCLE ( 'NONE', #2092, 2.499999999999998668 ) ;
#1599 = CIRCLE ( 'NONE', #632, 2.500000000000002220 ) ;
#1600 = EDGE_LOOP ( 'NONE', ( #1265, #2532, #156, #831 ) ) ;
#1601 = DIRECTION ( 'NONE',  ( -1.000000000000000000, 0.000000000000000000, 0.000000000000000000 ) ) ;
#1602 = ORIENTED_EDGE ( 'NONE', *, *, #3363, .T. ) ;
#1603 = ORIENTED_EDGE ( 'NONE', *, *, #874, .F. ) ;
#1604 = PRODUCT_DEFINITION_SHAPE ( 'NONE', 'NONE',  #396 ) ;
#1605 = PLANE ( 'NONE',  #3051 ) ;
#1606 = FACE_OUTER_BOUND ( 'NONE', #636, .T. ) ;
#1607 = ORIENTED_EDGE ( 'NONE', *, *, #1388, .T. ) ;
#1608 = CARTESIAN_POINT ( 'NONE',  ( 19.08551248218999419, 4.000000000000000000, -24.49999999999999289 ) ) ;
#1609 = EDGE_LOOP ( 'NONE', ( #236, #1926, #2483, #3015 ) ) ;
#1610 = DIRECTION ( 'NONE',  ( 1.000000000000000000, 0.000000000000000000, -0.000000000000000000 ) ) ;
#1611 = FACE_OUTER_BOUND ( 'NONE', #2125, .T. ) ;
#1612 = EDGE_CURVE ( 'NONE', #1287, #1221, #1151, .T. ) ;
#1613 = CARTESIAN_POINT ( 'NONE',  ( -39.00000000000000711, 4.000000000000000000, -24.49999999999999289 ) ) ;
#1614 = DIRECTION ( 'NONE',  ( 0.000000000000000000, 1.000000000000000000, 0.000000000000000000 ) ) ;
#1615 = ORIENTED_EDGE ( 'NONE', *, *, #661, .F. ) ;
#1616 = EDGE_CURVE ( 'NONE', #1130, #1378, #1079, .T. ) ;
#1617 = LINE ( 'NONE', #194, #2665 ) ;
#1618 = ORIENTED_EDGE ( 'NONE', *, *, #1185, .T. ) ;
#1619 = ORIENTED_EDGE ( 'NONE', *, *, #1691, .F. ) ;
#1620 = DIRECTION ( 'NONE',  ( 1.000000000000000000, 0.000000000000000000, 0.000000000000000000 ) ) ;
#1621 = VERTEX_POINT ( 'NONE', #3257 ) ;
#1622 = DIRECTION ( 'NONE',  ( -1.000000000000000000, 0.000000000000000000, -0.000000000000000000 ) ) ;
#1623 = ORIENTED_EDGE ( 'NONE', *, *, #3196, .T. ) ;
#1624 = DIRECTION ( 'NONE',  ( 0.000000000000000000, 0.000000000000000000, 1.000000000000000000 ) ) ;
#1625 = CARTESIAN_POINT ( 'NONE',  ( 33.49999999999999289, 2.999999999999999112, -20.24999999999999645 ) ) ;
#1626 = ORIENTED_EDGE ( 'NONE', *, *, #3090, .F. ) ;
#1627 = CARTESIAN_POINT ( 'NONE',  ( 41.99999999999999289, 3.000000000000000000, -29.50000000000000711 ) ) ;
#1628 = EDGE_CURVE ( 'NONE', #199, #2531, #2660, .T. ) ;
#1629 = CARTESIAN_POINT ( 'NONE',  ( 19.08551248218999419, 27.00000000000000000, 24.50000000000000355 ) ) ;
#1630 = EDGE_CURVE ( 'NONE', #2823, #649, #1930, .T. ) ;
#1631 = VECTOR ( 'NONE', #604, 1000.000000000000000 ) ;
#1632 = ORIENTED_EDGE ( 'NONE', *, *, #3250, .F. ) ;
#1633 = FACE_OUTER_BOUND ( 'NONE', #1040, .T. ) ;
#1634 = CARTESIAN_POINT ( 'NONE',  ( 19.08551248218999419, 27.00000000000000000, 24.50000000000000355 ) ) ;
#1635 = CIRCLE ( 'NONE', #235, 1.364499712793995734 ) ;
#1636 = EDGE_LOOP ( 'NONE', ( #2027, #2047 ) ) ;
#1637 = DIRECTION ( 'NONE',  ( 1.000000000000000000, 0.000000000000000000, 0.000000000000000000 ) ) ;
#1638 = VECTOR ( 'NONE', #714, 1000.000000000000000 ) ;
#1639 = ORIENTED_EDGE ( 'NONE', *, *, #2770, .T. ) ;
#1640 = CARTESIAN_POINT ( 'NONE',  ( 0.000000000000000000, 3.000000000000000000, -18.74999999999999645 ) ) ;
#1641 = CARTESIAN_POINT ( 'NONE',  ( -40.50000000000000000, 27.00000000000000000, -7.249999999999996447 ) ) ;
#1642 = CIRCLE ( 'NONE', #1927, 3.499999999999999556 ) ;
#1643 = AXIS2_PLACEMENT_3D ( 'NONE', #2966, #1995, #2714 ) ;
#1644 = CARTESIAN_POINT ( 'NONE',  ( -39.00000000000000711, 4.000000000000000000, 24.50000000000000355 ) ) ;
#1645 = CARTESIAN_POINT ( 'NONE',  ( 29.50000000000000000, 0.000000000000000000, 5.750000000000003553 ) ) ;
#1646 = EDGE_LOOP ( 'NONE', ( #1902, #233, #2337, #39 ) ) ;
#1647 = TOROIDAL_SURFACE ( 'NONE', #406, 3.500000000000002665, 1.000000000000000000 ) ;
#1648 = AXIS2_PLACEMENT_3D ( 'NONE', #1358, #2415, #2978 ) ;
#1649 = VECTOR ( 'NONE', #2124, 1000.000000000000000 ) ;
#1650 = VECTOR ( 'NONE', #3243, 1000.000000000000000 ) ;
#1651 = DIRECTION ( 'NONE',  ( 0.000000000000000000, 0.000000000000000000, 1.000000000000000000 ) ) ;
#1652 = CARTESIAN_POINT ( 'NONE',  ( 22.50000000000000000, 27.00000000000000000, -18.74999999999999645 ) ) ;
#1653 = EDGE_CURVE ( 'NONE', #2915, #1192, #80, .T. ) ;
#1654 = EDGE_CURVE ( 'NONE', #3282, #3208, #1094, .T. ) ;
#1655 = ORIENTED_EDGE ( 'NONE', *, *, #1191, .F. ) ;
#1656 = DIRECTION ( 'NONE',  ( -0.000000000000000000, 1.000000000000000000, -0.000000000000000000 ) ) ;
#1657 = EDGE_LOOP ( 'NONE', ( #3354, #3101, #1719, #1660 ) ) ;
#1658 = EDGE_CURVE ( 'NONE', #499, #3154, #1692, .T. ) ;
#1659 = EDGE_CURVE ( 'NONE', #1279, #453, #1426, .T. ) ;
#1660 = ORIENTED_EDGE ( 'NONE', *, *, #2690, .F. ) ;
#1661 = ORIENTED_EDGE ( 'NONE', *, *, #3062, .F. ) ;
#1662 = DIRECTION ( 'NONE',  ( 0.000000000000000000, 1.000000000000000000, 0.000000000000000000 ) ) ;
#1663 = DIRECTION ( 'NONE',  ( 0.000000000000000000, 0.000000000000000000, -1.000000000000000000 ) ) ;
#1664 = CARTESIAN_POINT ( 'NONE',  ( 33.49999999999999289, 27.00000000000000000, -5.749999999999994671 ) ) ;
#1665 = LINE ( 'NONE', #2441, #3055 ) ;
#1666 = ORIENTED_EDGE ( 'NONE', *, *, #1048, .F. ) ;
#1667 = CARTESIAN_POINT ( 'NONE',  ( -1.000000000000006217, 0.000000000000000000, 19.00034799947464492 ) ) ;
#1668 = CARTESIAN_POINT ( 'NONE',  ( -29.49999999999999645, 3.000000000000000000, -13.00000000000000000 ) ) ;
#1669 = LINE ( 'NONE', #1465, #2242 ) ;
#1670 = CARTESIAN_POINT ( 'NONE',  ( 33.49999999999999289, 27.00000000000000000, 20.25000000000000355 ) ) ;
#1671 = FACE_BOUND ( 'NONE', #1636, .T. ) ;
#1672 = ORIENTED_EDGE ( 'NONE', *, *, #3066, .T. ) ;
#1673 = ORIENTED_EDGE ( 'NONE', *, *, #2794, .T. ) ;
#1674 = DIRECTION ( 'NONE',  ( -0.000000000000000000, -1.000000000000000000, -0.000000000000000000 ) ) ;
#1675 = EDGE_CURVE ( 'NONE', #2868, #2319, #1376, .T. ) ;
#1676 = EDGE_CURVE ( 'NONE', #991, #1513, #1391, .T. ) ;
#1677 = CARTESIAN_POINT ( 'NONE',  ( 29.50000000000000000, 27.00000000000000000, 5.750000000000003553 ) ) ;
#1678 = CARTESIAN_POINT ( 'NONE',  ( 33.49999999999999289, 27.00000000000000000, -5.749999999999994671 ) ) ;
#1679 = DIRECTION ( 'NONE',  ( 0.000000000000000000, -1.000000000000000000, 0.000000000000000000 ) ) ;
#1680 = ORIENTED_EDGE ( 'NONE', *, *, #590, .T. ) ;
#1681 = DIRECTION ( 'NONE',  ( 0.000000000000000000, 0.000000000000000000, -1.000000000000000000 ) ) ;
#1682 = LINE ( 'NONE', #376, #1875 ) ;
#1683 = DIRECTION ( 'NONE',  ( 0.000000000000000000, 0.000000000000000000, 1.000000000000000000 ) ) ;
#1684 = DIRECTION ( 'NONE',  ( 0.000000000000000000, -0.000000000000000000, 1.000000000000000000 ) ) ;
#1685 = DIRECTION ( 'NONE',  ( -0.000000000000000000, -1.000000000000000000, -0.000000000000000000 ) ) ;
#1686 = ORIENTED_EDGE ( 'NONE', *, *, #505, .F. ) ;
#1687 = CARTESIAN_POINT ( 'NONE',  ( -40.50000000000000000, 27.00000000000000000, -18.74999999999999645 ) ) ;
#1688 = ORIENTED_EDGE ( 'NONE', *, *, #703, .F. ) ;
#1689 = EDGE_CURVE ( 'NONE', #2248, #1096, #2440, .T. ) ;
#1690 = AXIS2_PLACEMENT_3D ( 'NONE', #2666, #2150, #1964 ) ;
#1691 = EDGE_CURVE ( 'NONE', #410, #2435, #1182, .T. ) ;
#1692 = LINE ( 'NONE', #2162, #3327 ) ;
#1693 = PLANE ( 'NONE',  #2783 ) ;
#1694 = ORIENTED_EDGE ( 'NONE', *, *, #986, .T. ) ;
#1695 = AXIS2_PLACEMENT_3D ( 'NONE', #2520, #2745, #2487 ) ;
#1696 = CIRCLE ( 'NONE', #3271, 2.999999999999999112 ) ;
#1697 = EDGE_CURVE ( 'NONE', #2354, #1133, #2145, .T. ) ;
#1698 = TOROIDAL_SURFACE ( 'NONE', #3270, 3.499999999999998224, 1.000000000000000000 ) ;
#1699 = AXIS2_PLACEMENT_3D ( 'NONE', #461, #2026, #1544 ) ;
#1700 = CIRCLE ( 'NONE', #2035, 1.000000000000000888 ) ;
#1701 = VECTOR ( 'NONE', #834, 1000.000000000000000 ) ;
#1702 = CIRCLE ( 'NONE', #2626, 2.499999999999998668 ) ;
#1703 = ORIENTED_EDGE ( 'NONE', *, *, #2381, .T. ) ;
#1704 = LINE ( 'NONE', #3025, #1528 ) ;
#1705 = ORIENTED_EDGE ( 'NONE', *, *, #192, .F. ) ;
#1706 = CARTESIAN_POINT ( 'NONE',  ( -39.00000000000000711, 27.00000000000000000, -24.49999999999999289 ) ) ;
#1707 = ORIENTED_EDGE ( 'NONE', *, *, #1592, .T. ) ;
#1708 = CARTESIAN_POINT ( 'NONE',  ( 33.49999999999999289, 27.00000000000000000, 7.250000000000004441 ) ) ;
#1709 = CARTESIAN_POINT ( 'NONE',  ( 40.49999999999999289, 27.00000000000000000, 5.750000000000003553 ) ) ;
#1710 = ORIENTED_EDGE ( 'NONE', *, *, #1142, .F. ) ;
#1711 = ADVANCED_FACE ( 'NONE', ( #3014 ), #128, .F. ) ;
#1712 = LINE ( 'NONE', #2749, #2093 ) ;
#1713 = EDGE_LOOP ( 'NONE', ( #1530, #1680, #1533, #2707 ) ) ;
#1714 = DIRECTION ( 'NONE',  ( 1.000000000000000000, 0.000000000000000000, -0.000000000000000000 ) ) ;
#1715 = EDGE_CURVE ( 'NONE', #1381, #3395, #1723, .T. ) ;
#1716 = CARTESIAN_POINT ( 'NONE',  ( -29.49999999999999645, 27.00000000000000000, 20.25000000000000355 ) ) ;
#1717 = LINE ( 'NONE', #3080, #2445 ) ;
#1718 = CARTESIAN_POINT ( 'NONE',  ( -40.50000000000000000, 0.000000000000000000, -18.74999999999999645 ) ) ;
#1719 = ORIENTED_EDGE ( 'NONE', *, *, #2078, .F. ) ;
#1720 = FACE_OUTER_BOUND ( 'NONE', #1085, .T. ) ;
#1721 = EDGE_LOOP ( 'NONE', ( #1830, #3083, #1440, #798 ) ) ;
#1722 = FACE_OUTER_BOUND ( 'NONE', #673, .T. ) ;
#1723 = LINE ( 'NONE', #1203, #1982 ) ;
#1724 = EDGE_LOOP ( 'NONE', ( #2171, #1204, #1001, #2864 ) ) ;
#1725 = ORIENTED_EDGE ( 'NONE', *, *, #955, .T. ) ;
#1726 = FACE_OUTER_BOUND ( 'NONE', #3125, .T. ) ;
#1727 = DIRECTION ( 'NONE',  ( -0.000000000000000000, -1.000000000000000000, -0.000000000000000000 ) ) ;
#1728 = LINE ( 'NONE', #1963, #624 ) ;
#1729 = EDGE_LOOP ( 'NONE', ( #3377, #2063, #1407, #1879 ) ) ;
#1730 = CARTESIAN_POINT ( 'NONE',  ( 19.08551248218999419, 3.000000000000000000, 21.00000000000000355 ) ) ;
#1731 = EDGE_CURVE ( 'NONE', #2379, #1062, #3069, .T. ) ;
#1732 = EDGE_CURVE ( 'NONE', #2868, #1511, #2776, .T. ) ;
#1733 = CARTESIAN_POINT ( 'NONE',  ( -29.49999999999999645, 0.000000000000000000, 7.250000000000004441 ) ) ;
#1734 = DIRECTION ( 'NONE',  ( 1.000000000000000000, 0.000000000000000000, -0.000000000000000000 ) ) ;
#1735 = CARTESIAN_POINT ( 'NONE',  ( -40.50000000000000000, 0.000000000000000000, 5.750000000000003553 ) ) ;
#1736 = CARTESIAN_POINT ( 'NONE',  ( 40.49999999999999289, 27.00000000000000000, -18.74999999999999645 ) ) ;
#1737 = EDGE_LOOP ( 'NONE', ( #3032, #3212 ) ) ;
#1738 = ORIENTED_EDGE ( 'NONE', *, *, #2648, .F. ) ;
#1739 = DIRECTION ( 'NONE',  ( 1.000000000000000000, 0.000000000000000000, 0.000000000000000000 ) ) ;
#1740 = ORIENTED_EDGE ( 'NONE', *, *, #3111, .F. ) ;
#1741 = VECTOR ( 'NONE', #3404, 1000.000000000000000 ) ;
#1742 = ORIENTED_EDGE ( 'NONE', *, *, #1092, .F. ) ;
#1743 = DIRECTION ( 'NONE',  ( -0.000000000000000000, -1.000000000000000000, -0.000000000000000000 ) ) ;
#1744 = LINE ( 'NONE', #1499, #1420 ) ;
#1745 = CARTESIAN_POINT ( 'NONE',  ( 19.08551248218999419, 4.000000000000000000, -24.49999999999999289 ) ) ;
#1746 = DIRECTION ( 'NONE',  ( 0.000000000000000000, 0.000000000000000000, -1.000000000000000000 ) ) ;
#1747 = EDGE_LOOP ( 'NONE', ( #2694, #3036, #2792, #327 ) ) ;
#1748 = VECTOR ( 'NONE', #272, 1000.000000000000000 ) ;
#1749 = LINE ( 'NONE', #3308, #1069 ) ;
#1750 = AXIS2_PLACEMENT_3D ( 'NONE', #3205, #2705, #843 ) ;
#1751 = VECTOR ( 'NONE', #923, 1000.000000000000000 ) ;
#1752 = CARTESIAN_POINT ( 'NONE',  ( -29.49999999999999645, 2.999999999999999112, -20.24999999999999645 ) ) ;
#1753 = CARTESIAN_POINT ( 'NONE',  ( 33.49999999999999289, 2.999999999999999112, -7.249999999999996447 ) ) ;
#1754 = DIRECTION ( 'NONE',  ( 0.000000000000000000, 0.000000000000000000, -1.000000000000000000 ) ) ;
#1755 = AXIS2_PLACEMENT_3D ( 'NONE', #38, #789, #1853 ) ;
#1756 = CARTESIAN_POINT ( 'NONE',  ( 19.08551248218999419, 4.000000000000000000, 27.00000000000000355 ) ) ;
#1757 = ADVANCED_FACE ( 'NONE', ( #144 ), #1220, .F. ) ;
#1758 = DIRECTION ( 'NONE',  ( 0.000000000000000000, 0.000000000000000000, -1.000000000000000000 ) ) ;
#1759 = VECTOR ( 'NONE', #2601, 1000.000000000000000 ) ;
#1760 = VECTOR ( 'NONE', #1913, 1000.000000000000000 ) ;
#1761 = ORIENTED_EDGE ( 'NONE', *, *, #3135, .F. ) ;
#1762 = CARTESIAN_POINT ( 'NONE',  ( 45.00000000000000000, 0.000000000000000000, 32.49999999999998579 ) ) ;
#1763 = EDGE_LOOP ( 'NONE', ( #1157, #2929, #736, #2867 ) ) ;
#1764 = CARTESIAN_POINT ( 'NONE',  ( 41.99999999999999289, 3.000000000000000000, 29.49999999999998934 ) ) ;
#1765 = EDGE_CURVE ( 'NONE', #1582, #1007, #2282, .T. ) ;
#1766 = EDGE_CURVE ( 'NONE', #1279, #1478, #2797, .T. ) ;
#1767 = LINE ( 'NONE', #1188, #402 ) ;
#1768 = ORIENTED_EDGE ( 'NONE', *, *, #2156, .T. ) ;
#1769 = ORIENTED_EDGE ( 'NONE', *, *, #1160, .T. ) ;
#1770 = DIRECTION ( 'NONE',  ( -0.000000000000000000, 1.000000000000000000, -0.000000000000000000 ) ) ;
#1771 = PLANE ( 'NONE',  #1362 ) ;
#1772 = ORIENTED_EDGE ( 'NONE', *, *, #216, .F. ) ;
#1773 = SURFACE_SIDE_STYLE ('',( #3077 ) ) ;
#1774 = CARTESIAN_POINT ( 'NONE',  ( 29.50000000000000000, 27.00000000000000000, 20.25000000000000355 ) ) ;
#1775 = CARTESIAN_POINT ( 'NONE',  ( -39.00000000000000711, 27.00000000000000000, 24.50000000000000355 ) ) ;
#1776 = ORIENTED_EDGE ( 'NONE', *, *, #1766, .F. ) ;
#1777 = DIRECTION ( 'NONE',  ( -1.000000000000000000, 0.000000000000000000, -0.000000000000000000 ) ) ;
#1778 = ORIENTED_EDGE ( 'NONE', *, *, #877, .F. ) ;
#1779 = CARTESIAN_POINT ( 'NONE',  ( 33.49999999999999289, 0.000000000000000000, 7.250000000000004441 ) ) ;
#1780 = LINE ( 'NONE', #94, #2137 ) ;
#1781 = CARTESIAN_POINT ( 'NONE',  ( 0.000000000000000000, 3.000000000000000000, -18.74999999999999645 ) ) ;
#1782 = ORIENTED_EDGE ( 'NONE', *, *, #2100, .F. ) ;
#1783 = EDGE_CURVE ( 'NONE', #3206, #2266, #2576, .T. ) ;
#1784 = ORIENTED_EDGE ( 'NONE', *, *, #398, .T. ) ;
#1785 = DIRECTION ( 'NONE',  ( 1.000000000000000000, 0.000000000000000000, -1.541976423090495387E-16 ) ) ;
#1786 = CARTESIAN_POINT ( 'NONE',  ( 19.08551248218999419, 3.000000000000000000, -24.49999999999999289 ) ) ;
#1787 = CARTESIAN_POINT ( 'NONE',  ( 33.49999999999999289, 0.000000000000000000, -18.74999999999999645 ) ) ;
#1788 = ORIENTED_EDGE ( 'NONE', *, *, #2814, .T. ) ;
#1789 = FACE_OUTER_BOUND ( 'NONE', #5, .T. ) ;
#1790 = FACE_BOUND ( 'NONE', #2593, .T. ) ;
#1791 = CARTESIAN_POINT ( 'NONE',  ( -29.49999999999999645, 27.00000000000000000, 5.750000000000003553 ) ) ;
#1792 = CARTESIAN_POINT ( 'NONE',  ( -29.49999999999999645, 27.00000000000000000, 7.250000000000004441 ) ) ;
#1793 = LINE ( 'NONE', #2569, #1981 ) ;
#1794 = DIRECTION ( 'NONE',  ( -1.000000000000000000, 0.000000000000000000, 0.000000000000000000 ) ) ;
#1795 = ORIENTED_EDGE ( 'NONE', *, *, #1521, .T. ) ;
#1796 = ORIENTED_EDGE ( 'NONE', *, *, #1167, .F. ) ;
#1797 = CARTESIAN_POINT ( 'NONE',  ( 33.49999999999999289, 27.00000000000000000, 7.250000000000004441 ) ) ;
#1798 = CARTESIAN_POINT ( 'NONE',  ( 33.49999999999999289, 27.00000000000000000, -7.249999999999996447 ) ) ;
#1799 = ORIENTED_EDGE ( 'NONE', *, *, #753, .F. ) ;
#1800 = CARTESIAN_POINT ( 'NONE',  ( -22.49999999999999645, 27.00000000000000000, 20.25000000000000355 ) ) ;
#1801 = ORIENTED_EDGE ( 'NONE', *, *, #2381, .F. ) ;
#1802 = EDGE_CURVE ( 'NONE', #1131, #1577, #795, .T. ) ;
#1803 = EDGE_CURVE ( 'NONE', #3398, #2057, #2462, .T. ) ;
#1804 = DIRECTION ( 'NONE',  ( 0.000000000000000000, 0.000000000000000000, 1.000000000000000000 ) ) ;
#1805 = AXIS2_PLACEMENT_3D ( 'NONE', #1487, #2769, #927 ) ;
#1806 = LINE ( 'NONE', #3074, #3385 ) ;
#1807 = CARTESIAN_POINT ( 'NONE',  ( 22.50000000000000000, 27.00000000000000000, -18.74999999999999645 ) ) ;
#1808 = VERTEX_POINT ( 'NONE', #1284 ) ;
#1809 = CARTESIAN_POINT ( 'NONE',  ( -22.49999999999999645, 3.000000000000000000, -26.00000000000000000 ) ) ;
#1810 = AXIS2_PLACEMENT_3D ( 'NONE', #1415, #1917, #16 ) ;
#1811 = ADVANCED_FACE ( 'NONE', ( #1606 ), #1825, .F. ) ;
#1812 = CARTESIAN_POINT ( 'NONE',  ( 19.08551248218999419, 0.000000000000000000, 25.86449971279400017 ) ) ;
#1813 = CARTESIAN_POINT ( 'NONE',  ( -39.00000000000000711, 0.000000000000000000, -24.49999999999999289 ) ) ;
#1814 = LINE ( 'NONE', #2301, #2194 ) ;
#1815 = VECTOR ( 'NONE', #1685, 1000.000000000000000 ) ;
#1816 = VECTOR ( 'NONE', #9, 1000.000000000000000 ) ;
#1817 = ORIENTED_EDGE ( 'NONE', *, *, #1046, .F. ) ;
#1818 = VECTOR ( 'NONE', #148, 1000.000000000000000 ) ;
#1819 = AXIS2_PLACEMENT_3D ( 'NONE', #1019, #3126, #762 ) ;
#1820 = ORIENTED_EDGE ( 'NONE', *, *, #467, .F. ) ;
#1821 = DIRECTION ( 'NONE',  ( -0.000000000000000000, -1.000000000000000000, -0.000000000000000000 ) ) ;
#1822 = VECTOR ( 'NONE', #3299, 1000.000000000000000 ) ;
#1823 = AXIS2_PLACEMENT_3D ( 'NONE', #2919, #1028, #3133 ) ;
#1824 = DIRECTION ( 'NONE',  ( 0.000000000000000000, 0.000000000000000000, -1.000000000000000000 ) ) ;
#1825 = PLANE ( 'NONE',  #1887 ) ;
#1826 = ORIENTED_EDGE ( 'NONE', *, *, #1836, .F. ) ;
#1827 = CARTESIAN_POINT ( 'NONE',  ( -40.50000000000000000, 2.999999999999999112, -20.24999999999999645 ) ) ;
#1828 = ORIENTED_EDGE ( 'NONE', *, *, #88, .F. ) ;
#1829 = CARTESIAN_POINT ( 'NONE',  ( 29.50000000000000000, 3.000000000000000000, 18.75000000000000355 ) ) ;
#1830 = ORIENTED_EDGE ( 'NONE', *, *, #2996, .T. ) ;
#1831 = EDGE_CURVE ( 'NONE', #844, #2050, #763, .T. ) ;
#1832 = DIRECTION ( 'NONE',  ( -0.000000000000000000, -1.000000000000000000, -0.000000000000000000 ) ) ;
#1833 = LINE ( 'NONE', #1791, #2090 ) ;
#1834 = EDGE_CURVE ( 'NONE', #1445, #2176, #742, .T. ) ;
#1835 = FACE_OUTER_BOUND ( 'NONE', #2041, .T. ) ;
#1836 = EDGE_CURVE ( 'NONE', #3070, #991, #1066, .T. ) ;
#1837 = CARTESIAN_POINT ( 'NONE',  ( -39.00000000000000711, 4.000000000000000000, 28.00000000000000711 ) ) ;
#1838 = EDGE_LOOP ( 'NONE', ( #2607, #1515 ) ) ;
#1839 = VERTEX_POINT ( 'NONE', #494 ) ;
#1840 = FACE_OUTER_BOUND ( 'NONE', #2320, .T. ) ;
#1841 = CARTESIAN_POINT ( 'NONE',  ( 33.49999999999999289, 27.00000000000000000, -20.24999999999999645 ) ) ;
#1842 = VERTEX_POINT ( 'NONE', #2122 ) ;
#1843 = ORIENTED_EDGE ( 'NONE', *, *, #1447, .F. ) ;
#1844 = DIRECTION ( 'NONE',  ( 0.000000000000000000, 1.000000000000000000, 0.000000000000000000 ) ) ;
#1845 = DIRECTION ( 'NONE',  ( -1.000000000000000000, 0.000000000000000000, 0.000000000000000000 ) ) ;
#1846 = DIRECTION ( 'NONE',  ( 0.000000000000000000, -1.000000000000000000, 0.000000000000000000 ) ) ;
#1847 = ORIENTED_EDGE ( 'NONE', *, *, #2296, .F. ) ;
#1848 = DIRECTION ( 'NONE',  ( 0.000000000000000000, 0.000000000000000000, 1.000000000000000000 ) ) ;
#1849 = PLANE ( 'NONE',  #1078 ) ;
#1850 = ADVANCED_FACE ( 'NONE', ( #232 ), #2358, .F. ) ;
#1851 = EDGE_CURVE ( 'NONE', #995, #1573, #779, .T. ) ;
#1852 = ORIENTED_EDGE ( 'NONE', *, *, #442, .T. ) ;
#1853 = DIRECTION ( 'NONE',  ( 0.000000000000000000, 0.000000000000000000, 1.000000000000000000 ) ) ;
#1854 = ORIENTED_EDGE ( 'NONE', *, *, #84, .T. ) ;
#1855 = CARTESIAN_POINT ( 'NONE',  ( -22.49999999999999645, 27.00000000000000000, -18.74999999999999645 ) ) ;
#1856 = CARTESIAN_POINT ( 'NONE',  ( -33.49999999999999289, 3.000000000000000000, -26.00000000000000000 ) ) ;
#1857 = ORIENTED_EDGE ( 'NONE', *, *, #2, .T. ) ;
#1858 = CARTESIAN_POINT ( 'NONE',  ( 40.49999999999999289, 0.000000000000000000, -7.249999999999996447 ) ) ;
#1859 = ORIENTED_EDGE ( 'NONE', *, *, #2691, .F. ) ;
#1860 = FACE_BOUND ( 'NONE', #1960, .T. ) ;
#1861 = DIRECTION ( 'NONE',  ( 0.000000000000000000, 0.000000000000000000, -1.000000000000000000 ) ) ;
#1862 = DIRECTION ( 'NONE',  ( -0.000000000000000000, -1.000000000000000000, -0.000000000000000000 ) ) ;
#1863 = EDGE_LOOP ( 'NONE', ( #2339, #1538, #829, #2021 ) ) ;
#1864 = AXIS2_PLACEMENT_3D ( 'NONE', #1775, #3312, #2013 ) ;
#1865 = DIRECTION ( 'NONE',  ( 0.000000000000000000, 0.000000000000000000, 1.000000000000000000 ) ) ;
#1866 = VECTOR ( 'NONE', #85, 1000.000000000000000 ) ;
#1867 = DIRECTION ( 'NONE',  ( 1.000000000000000000, 0.000000000000000000, 0.000000000000000000 ) ) ;
#1868 = ORIENTED_EDGE ( 'NONE', *, *, #1345, .F. ) ;
#1869 = ORIENTED_EDGE ( 'NONE', *, *, #1938, .T. ) ;
#1870 = VECTOR ( 'NONE', #1495, 1000.000000000000000 ) ;
#1871 = FACE_OUTER_BOUND ( 'NONE', #785, .T. ) ;
#1872 = EDGE_CURVE ( 'NONE', #782, #2157, #268, .T. ) ;
#1873 = VECTOR ( 'NONE', #3368, 1000.000000000000000 ) ;
#1874 = VECTOR ( 'NONE', #2357, 1000.000000000000000 ) ;
#1875 = VECTOR ( 'NONE', #2179, 1000.000000000000000 ) ;
#1876 = DIRECTION ( 'NONE',  ( 0.000000000000000000, 0.000000000000000000, 1.000000000000000000 ) ) ;
#1877 = ORIENTED_EDGE ( 'NONE', *, *, #2213, .F. ) ;
#1878 = FACE_OUTER_BOUND ( 'NONE', #229, .T. ) ;
#1879 = ORIENTED_EDGE ( 'NONE', *, *, #2770, .F. ) ;
#1880 = DIRECTION ( 'NONE',  ( -0.000000000000000000, -0.000000000000000000, 1.000000000000000000 ) ) ;
#1881 = EDGE_CURVE ( 'NONE', #579, #1334, #2912, .T. ) ;
#1882 = EDGE_CURVE ( 'NONE', #1498, #3407, #1350, .T. ) ;
#1883 = VECTOR ( 'NONE', #2577, 1000.000000000000000 ) ;
#1884 = AXIS2_PLACEMENT_3D ( 'NONE', #3400, #1614, #516 ) ;
#1885 = LINE ( 'NONE', #2596, #243 ) ;
#1886 = AXIS2_PLACEMENT_3D ( 'NONE', #610, #2725, #1663 ) ;
#1887 = AXIS2_PLACEMENT_3D ( 'NONE', #2866, #2606, #1320 ) ;
#1888 = ORIENTED_EDGE ( 'NONE', *, *, #1916, .F. ) ;
#1889 = DIRECTION ( 'NONE',  ( 0.000000000000000000, 0.000000000000000000, 1.000000000000000000 ) ) ;
#1890 = FILL_AREA_STYLE_COLOUR ( '', #3002 ) ;
#1891 = ORIENTED_EDGE ( 'NONE', *, *, #2710, .F. ) ;
#1892 = ORIENTED_EDGE ( 'NONE', *, *, #1501, .F. ) ;
#1893 = DIRECTION ( 'NONE',  ( -1.000000000000000000, -0.000000000000000000, -0.000000000000000000 ) ) ;
#1894 = DIRECTION ( 'NONE',  ( -0.000000000000000000, -0.000000000000000000, 1.000000000000000000 ) ) ;
#1895 = EDGE_LOOP ( 'NONE', ( #1854, #2000, #2662, #1924 ) ) ;
#1896 = ORIENTED_EDGE ( 'NONE', *, *, #1900, .T. ) ;
#1897 = DIRECTION ( 'NONE',  ( 1.000000000000000000, 0.000000000000000000, 0.000000000000000000 ) ) ;
#1898 = LINE ( 'NONE', #2682, #1470 ) ;
#1899 = EDGE_CURVE ( 'NONE', #952, #12, #1599, .T. ) ;
#1900 = EDGE_CURVE ( 'NONE', #281, #2359, #2571, .T. ) ;
#1901 = CARTESIAN_POINT ( 'NONE',  ( 22.50000000000000000, 2.999999999999999112, -20.24999999999999645 ) ) ;
#1902 = ORIENTED_EDGE ( 'NONE', *, *, #709, .T. ) ;
#1903 = DIRECTION ( 'NONE',  ( 1.000000000000000000, 0.000000000000000000, 0.000000000000000000 ) ) ;
#1904 = DIRECTION ( 'NONE',  ( -0.000000000000000000, -1.000000000000000000, -0.000000000000000000 ) ) ;
#1905 = ORIENTED_EDGE ( 'NONE', *, *, #2958, .F. ) ;
#1906 = DIRECTION ( 'NONE',  ( -0.000000000000000000, -1.000000000000000000, -0.000000000000000000 ) ) ;
#1907 = ORIENTED_EDGE ( 'NONE', *, *, #404, .T. ) ;
#1908 = LINE ( 'NONE', #3240, #2403 ) ;
#1909 = EDGE_LOOP ( 'NONE', ( #1955, #1888, #1190, #1067 ) ) ;
#1910 = DIRECTION ( 'NONE',  ( -0.000000000000000000, -1.000000000000000000, -0.000000000000000000 ) ) ;
#1911 = ORIENTED_EDGE ( 'NONE', *, *, #1386, .F. ) ;
#1912 = DIRECTION ( 'NONE',  ( 1.000000000000000000, 0.000000000000000000, 0.000000000000000000 ) ) ;
#1913 = DIRECTION ( 'NONE',  ( -0.000000000000000000, -1.000000000000000000, -0.000000000000000000 ) ) ;
#1914 = PLANE ( 'NONE',  #1823 ) ;
#1915 = EDGE_LOOP ( 'NONE', ( #628, #1330, #3176, #2017 ) ) ;
#1916 = EDGE_CURVE ( 'NONE', #2319, #389, #1480, .T. ) ;
#1917 = DIRECTION ( 'NONE',  ( 1.000000000000000000, -0.000000000000000000, 0.000000000000000000 ) ) ;
#1918 = EDGE_CURVE ( 'NONE', #2760, #1036, #2512, .T. ) ;
#1919 = ADVANCED_FACE ( 'NONE', ( #639 ), #3033, .F. ) ;
#1920 = ORIENTED_EDGE ( 'NONE', *, *, #2258, .T. ) ;
#1921 = CARTESIAN_POINT ( 'NONE',  ( -39.00000000000000711, 0.000000000000000000, -23.13550028720599627 ) ) ;
#1922 = DIRECTION ( 'NONE',  ( -0.000000000000000000, 1.000000000000000000, -0.000000000000000000 ) ) ;
#1923 = AXIS2_PLACEMENT_3D ( 'NONE', #3295, #1504, #1714 ) ;
#1924 = ORIENTED_EDGE ( 'NONE', *, *, #1026, .F. ) ;
#1925 = VECTOR ( 'NONE', #545, 1000.000000000000000 ) ;
#1926 = ORIENTED_EDGE ( 'NONE', *, *, #608, .T. ) ;
#1927 = AXIS2_PLACEMENT_3D ( 'NONE', #1786, #3304, #429 ) ;
#1928 = AXIS2_PLACEMENT_3D ( 'NONE', #2396, #1578, #2369 ) ;
#1929 = CARTESIAN_POINT ( 'NONE',  ( 33.49999999999999289, 0.000000000000000000, 20.25000000000000355 ) ) ;
#1930 = LINE ( 'NONE', #2683, #970 ) ;
#1931 = CARTESIAN_POINT ( 'NONE',  ( 19.08551248218999419, 3.000000000000000000, -27.99999999999999289 ) ) ;
#1932 = VERTEX_POINT ( 'NONE', #710 ) ;
#1933 = VECTOR ( 'NONE', #1196, 1000.000000000000000 ) ;
#1934 = VECTOR ( 'NONE', #1959, 1000.000000000000000 ) ;
#1935 = VECTOR ( 'NONE', #2206, 1000.000000000000000 ) ;
#1936 = DIRECTION ( 'NONE',  ( -0.000000000000000000, -0.000000000000000000, 1.000000000000000000 ) ) ;
#1937 = LINE ( 'NONE', #3019, #570 ) ;
#1938 = EDGE_CURVE ( 'NONE', #743, #606, #3017, .T. ) ;
#1939 = EDGE_CURVE ( 'NONE', #3226, #2915, #1744, .T. ) ;
#1940 = CARTESIAN_POINT ( 'NONE',  ( -29.49999999999999645, 2.999999999999999112, 18.75000000000000355 ) ) ;
#1941 = EDGE_LOOP ( 'NONE', ( #3056, #1217, #2452, #2656 ) ) ;
#1942 = ORIENTED_EDGE ( 'NONE', *, *, #1630, .F. ) ;
#1943 = DIRECTION ( 'NONE',  ( 0.000000000000000000, 0.000000000000000000, -1.000000000000000000 ) ) ;
#1944 = ORIENTED_EDGE ( 'NONE', *, *, #324, .T. ) ;
#1945 = CARTESIAN_POINT ( 'NONE',  ( 19.08551248218999419, 0.000000000000000000, -24.49999999999999289 ) ) ;
#1946 = DIRECTION ( 'NONE',  ( 0.000000000000000000, 1.000000000000000000, 0.000000000000000000 ) ) ;
#1947 = VERTEX_POINT ( 'NONE', #182 ) ;
#1948 = DIRECTION ( 'NONE',  ( 1.000000000000000000, 0.000000000000000000, 0.000000000000000000 ) ) ;
#1949 = DIRECTION ( 'NONE',  ( 1.000000000000000000, -0.000000000000000000, 0.000000000000000000 ) ) ;
#1950 = ORIENTED_EDGE ( 'NONE', *, *, #196, .F. ) ;
#1951 = EDGE_CURVE ( 'NONE', #482, #3395, #2195, .T. ) ;
#1952 = EDGE_CURVE ( 'NONE', #2854, #3031, #1516, .T. ) ;
#1953 = VERTEX_POINT ( 'NONE', #1224 ) ;
#1954 = DIRECTION ( 'NONE',  ( 0.000000000000000000, 1.000000000000000000, 0.000000000000000000 ) ) ;
#1955 = ORIENTED_EDGE ( 'NONE', *, *, #2253, .F. ) ;
#1956 = DIRECTION ( 'NONE',  ( -0.000000000000000000, -0.000000000000000000, 1.000000000000000000 ) ) ;
#1957 = EDGE_CURVE ( 'NONE', #1573, #1452, #1712, .T. ) ;
#1958 = CARTESIAN_POINT ( 'NONE',  ( 19.08551248218999419, 27.00000000000000000, -26.99999999999999289 ) ) ;
#1959 = DIRECTION ( 'NONE',  ( -0.000000000000000000, -0.000000000000000000, 1.000000000000000000 ) ) ;
#1960 = EDGE_LOOP ( 'NONE', ( #1799, #1619 ) ) ;
#1961 =( NAMED_UNIT ( * ) PLANE_ANGLE_UNIT ( ) SI_UNIT ( $, .RADIAN. ) );
#1962 = DIRECTION ( 'NONE',  ( -0.000000000000000000, 1.000000000000000000, -0.000000000000000000 ) ) ;
#1963 = CARTESIAN_POINT ( 'NONE',  ( -33.49999999999999289, 27.00000000000000000, -5.749999999999994671 ) ) ;
#1964 = DIRECTION ( 'NONE',  ( 1.000000000000000000, 0.000000000000000000, -0.000000000000000000 ) ) ;
#1965 = ORIENTED_EDGE ( 'NONE', *, *, #2116, .T. ) ;
#1966 = EDGE_LOOP ( 'NONE', ( #2829, #495, #317, #60 ) ) ;
#1967 = PLANE ( 'NONE',  #3330 ) ;
#1968 = EDGE_CURVE ( 'NONE', #2281, #2389, #2555, .T. ) ;
#1969 = VERTEX_POINT ( 'NONE', #3345 ) ;
#1970 = DIRECTION ( 'NONE',  ( -0.000000000000000000, -0.000000000000000000, 1.000000000000000000 ) ) ;
#1971 = CARTESIAN_POINT ( 'NONE',  ( 40.49999999999999289, 0.000000000000000000, -18.74999999999999645 ) ) ;
#1972 = CARTESIAN_POINT ( 'NONE',  ( -33.49999999999999289, 0.000000000000000000, -20.24999999999999645 ) ) ;
#1973 = DIRECTION ( 'NONE',  ( -1.000000000000000000, 0.000000000000000000, 0.000000000000000000 ) ) ;
#1974 = EDGE_CURVE ( 'NONE', #2763, #291, #359, .T. ) ;
#1975 = ORIENTED_EDGE ( 'NONE', *, *, #3022, .T. ) ;
#1976 = AXIS2_PLACEMENT_3D ( 'NONE', #1474, #3288, #687 ) ;
#1977 = VECTOR ( 'NONE', #2536, 1000.000000000000000 ) ;
#1978 = VECTOR ( 'NONE', #223, 1000.000000000000000 ) ;
#1979 = ORIENTED_EDGE ( 'NONE', *, *, #1289, .F. ) ;
#1980 = LINE ( 'NONE', #2030, #393 ) ;
#1981 = VECTOR ( 'NONE', #470, 1000.000000000000000 ) ;
#1982 = VECTOR ( 'NONE', #2534, 1000.000000000000000 ) ;
#1983 = DIRECTION ( 'NONE',  ( 1.000000000000000000, 0.000000000000000000, 0.000000000000000000 ) ) ;
#1984 = CARTESIAN_POINT ( 'NONE',  ( 33.49999999999999289, 0.000000000000000000, 18.75000000000000355 ) ) ;
#1985 = EDGE_LOOP ( 'NONE', ( #2402, #2720, #909, #2882 ) ) ;
#1986 = CARTESIAN_POINT ( 'NONE',  ( 22.50000000000000000, 2.999999999999999112, -5.749999999999994671 ) ) ;
#1987 = ORIENTED_EDGE ( 'NONE', *, *, #1731, .F. ) ;
#1988 = DIRECTION ( 'NONE',  ( 0.000000000000000000, 1.000000000000000000, 0.000000000000000000 ) ) ;
#1989 = DIRECTION ( 'NONE',  ( -1.000000000000000000, 0.000000000000000000, 0.000000000000000000 ) ) ;
#1990 = EDGE_LOOP ( 'NONE', ( #1944, #422, #1460, #3259 ) ) ;
#1991 = ORIENTED_EDGE ( 'NONE', *, *, #2037, .F. ) ;
#1992 = EDGE_CURVE ( 'NONE', #474, #389, #919, .T. ) ;
#1993 = EDGE_CURVE ( 'NONE', #2503, #1381, #1702, .T. ) ;
#1994 = CARTESIAN_POINT ( 'NONE',  ( -40.50000000000000000, 27.00000000000000000, 18.75000000000000355 ) ) ;
#1995 = DIRECTION ( 'NONE',  ( 0.000000000000000000, -1.000000000000000000, 0.000000000000000000 ) ) ;
#1996 = ORIENTED_EDGE ( 'NONE', *, *, #2814, .F. ) ;
#1997 = CARTESIAN_POINT ( 'NONE',  ( 29.50000000000000000, 3.000000000000000000, -20.24999999999999645 ) ) ;
#1998 = DIRECTION ( 'NONE',  ( 0.000000000000000000, 0.000000000000000000, -1.000000000000000000 ) ) ;
#1999 = DIRECTION ( 'NONE',  ( 0.000000000000000000, 1.000000000000000000, 0.000000000000000000 ) ) ;
#2000 = ORIENTED_EDGE ( 'NONE', *, *, #1659, .T. ) ;
#2001 = EDGE_LOOP ( 'NONE', ( #1569, #388, #1438, #2951 ) ) ;
#2002 = CARTESIAN_POINT ( 'NONE',  ( -22.49999999999999645, 27.00000000000000000, -5.749999999999994671 ) ) ;
#2003 = PLANE ( 'NONE',  #1695 ) ;
#2004 = ORIENTED_EDGE ( 'NONE', *, *, #2690, .T. ) ;
#2005 = ORIENTED_EDGE ( 'NONE', *, *, #379, .F. ) ;
#2006 = DIRECTION ( 'NONE',  ( 0.000000000000000000, 0.000000000000000000, 1.000000000000000000 ) ) ;
#2007 = ORIENTED_EDGE ( 'NONE', *, *, #277, .F. ) ;
#2008 = EDGE_CURVE ( 'NONE', #846, #782, #3381, .T. ) ;
#2009 = DIRECTION ( 'NONE',  ( -0.000000000000000000, -1.000000000000000000, -0.000000000000000000 ) ) ;
#2010 = ADVANCED_FACE ( 'NONE', ( #2855 ), #801, .F. ) ;
#2011 = LINE ( 'NONE', #1774, #1978 ) ;
#2012 = ADVANCED_FACE ( 'NONE', ( #1860, #2631 ), #3093, .T. ) ;
#2013 = DIRECTION ( 'NONE',  ( 0.000000000000000000, 0.000000000000000000, 1.000000000000000000 ) ) ;
#2014 = EDGE_CURVE ( 'NONE', #1360, #1096, #1270, .T. ) ;
#2015 = PLANE ( 'NONE',  #620 ) ;
#2016 = ORIENTED_EDGE ( 'NONE', *, *, #1065, .T. ) ;
#2017 = ORIENTED_EDGE ( 'NONE', *, *, #3039, .F. ) ;
#2018 = DIRECTION ( 'NONE',  ( 0.000000000000000000, 0.000000000000000000, -1.000000000000000000 ) ) ;
#2019 = PLANE ( 'NONE',  #524 ) ;
#2020 = DIRECTION ( 'NONE',  ( 0.000000000000000000, 0.000000000000000000, 1.000000000000000000 ) ) ;
#2021 = ORIENTED_EDGE ( 'NONE', *, *, #915, .F. ) ;
#2022 = CLOSED_SHELL ( 'NONE', ( #2838, #339, #2229, #2997, #3067, #1757, #2544, #1031, #1310, #2539, #50, #2877, #1061, #2466, #2317, #2756, #3376, #3197, #1288, #1369, #1060, #2010, #1411, #1207, #469, #2367, #3403, #217, #1494, #1435, #428, #1476, #2901, #2297, #300, #1571, #2753, #1811, #2976, #3311, #957, #3382, #2538, #1206, #3336, #3214, #1309, #3313, #3217, #1027, #3290, #2383, #23, #1432, #2012, #1262, #2366, #124, #1, #2669, #143, #24, #306, #2461, #1449, #1125, #2303, #2059, #2523, #769, #2733, #1850, #1711, #1282, #938, #1500, #1326, #380, #1032, #2795, #1104, #2936, #3218, #3137, #2758, #637, #2813, #1549, #2903, #1567, #305, #279, #2198, #512, #1919, #2479, #2651, #2178, #1343, #2467, #2323, #191, #2587, #166 ) ) ;
#2023 = VERTEX_POINT ( 'NONE', #2127 ) ;
#2024 = CARTESIAN_POINT ( 'NONE',  ( -45.00000000000000000, 3.000000000000000000, -32.50000000000000000 ) ) ;
#2025 = DIRECTION ( 'NONE',  ( 0.000000000000000000, 1.000000000000000000, 0.000000000000000000 ) ) ;
#2026 = DIRECTION ( 'NONE',  ( -1.000000000000000000, 0.000000000000000000, 0.000000000000000000 ) ) ;
#2027 = ORIENTED_EDGE ( 'NONE', *, *, #1974, .F. ) ;
#2028 = AXIS2_PLACEMENT_3D ( 'NONE', #3003, #375, #1443 ) ;
#2029 = VECTOR ( 'NONE', #1492, 1000.000000000000000 ) ;
#2030 = CARTESIAN_POINT ( 'NONE',  ( -33.49999999999999289, 27.00000000000000000, -7.249999999999996447 ) ) ;
#2031 = VECTOR ( 'NONE', #3105, 1000.000000000000000 ) ;
#2032 = CIRCLE ( 'NONE', #72, 2.999999999999999112 ) ;
#2033 = LINE ( 'NONE', #3079, #966 ) ;
#2034 = DIRECTION ( 'NONE',  ( 0.000000000000000000, -0.000000000000000000, 1.000000000000000000 ) ) ;
#2035 = AXIS2_PLACEMENT_3D ( 'NONE', #2956, #54, #875 ) ;
#2036 = AXIS2_PLACEMENT_3D ( 'NONE', #2190, #373, #2933 ) ;
#2037 = EDGE_CURVE ( 'NONE', #3208, #3415, #273, .T. ) ;
#2038 = EDGE_CURVE ( 'NONE', #999, #421, #2065, .T. ) ;
#2039 = PRESENTATION_LAYER_ASSIGNMENT (  '', '', ( #2734 ) ) ;
#2040 = AXIS2_PLACEMENT_3D ( 'NONE', #2796, #1454, #127 ) ;
#2041 = EDGE_LOOP ( 'NONE', ( #2992, #1707, #884, #1301 ) ) ;
#2042 = FACE_OUTER_BOUND ( 'NONE', #788, .T. ) ;
#2043 = ORIENTED_EDGE ( 'NONE', *, *, #1675, .T. ) ;
#2044 = CARTESIAN_POINT ( 'NONE',  ( 22.50000000000000000, 0.000000000000000000, 5.750000000000003553 ) ) ;
#2045 = EDGE_LOOP ( 'NONE', ( #1111, #283, #1149, #1479 ) ) ;
#2046 = CARTESIAN_POINT ( 'NONE',  ( 19.08551248218999419, 27.00000000000000000, 24.50000000000000355 ) ) ;
#2047 = ORIENTED_EDGE ( 'NONE', *, *, #3153, .F. ) ;
#2048 = CARTESIAN_POINT ( 'NONE',  ( -22.49999999999999645, 27.00000000000000000, -7.249999999999996447 ) ) ;
#2049 = CARTESIAN_POINT ( 'NONE',  ( -33.49999999999999289, 2.999999999999999112, 7.250000000000004441 ) ) ;
#2050 = VERTEX_POINT ( 'NONE', #62 ) ;
#2051 = FILL_AREA_STYLE ('',( #977 ) ) ;
#2052 = PLANE ( 'NONE',  #1022 ) ;
#2053 = CARTESIAN_POINT ( 'NONE',  ( -40.50000000000000000, 3.000000000000000000, -13.00000000000000000 ) ) ;
#2054 = CARTESIAN_POINT ( 'NONE',  ( -22.49999999999999645, 3.000000000000000000, -39.00000000000000000 ) ) ;
#2055 = DIRECTION ( 'NONE',  ( 0.000000000000000000, 0.000000000000000000, -1.000000000000000000 ) ) ;
#2056 = ORIENTED_EDGE ( 'NONE', *, *, #1550, .T. ) ;
#2057 = VERTEX_POINT ( 'NONE', #1958 ) ;
#2058 = DIRECTION ( 'NONE',  ( 0.000000000000000000, 1.000000000000000000, 0.000000000000000000 ) ) ;
#2059 = ADVANCED_FACE ( 'NONE', ( #1113 ), #3230, .F. ) ;
#2060 = EDGE_CURVE ( 'NONE', #2915, #3362, #2437, .T. ) ;
#2061 = LINE ( 'NONE', #778, #3114 ) ;
#2062 = ORIENTED_EDGE ( 'NONE', *, *, #3357, .F. ) ;
#2063 = ORIENTED_EDGE ( 'NONE', *, *, #1881, .F. ) ;
#2064 = EDGE_CURVE ( 'NONE', #3415, #2073, #2659, .T. ) ;
#2065 = LINE ( 'NONE', #2473, #1650 ) ;
#2066 = FACE_OUTER_BOUND ( 'NONE', #2371, .T. ) ;
#2067 = VERTEX_POINT ( 'NONE', #2728 ) ;
#2068 = CARTESIAN_POINT ( 'NONE',  ( 33.49999999999999289, 27.00000000000000000, 18.75000000000000355 ) ) ;
#2069 = FACE_BOUND ( 'NONE', #866, .T. ) ;
#2070 = DIRECTION ( 'NONE',  ( 0.000000000000000000, 0.000000000000000000, -1.000000000000000000 ) ) ;
#2071 = ORIENTED_EDGE ( 'NONE', *, *, #792, .F. ) ;
#2072 = LINE ( 'NONE', #3102, #904 ) ;
#2073 = VERTEX_POINT ( 'NONE', #819 ) ;
#2074 = EDGE_LOOP ( 'NONE', ( #2279, #1892 ) ) ;
#2075 = DIRECTION ( 'NONE',  ( 0.000000000000000000, 0.000000000000000000, -1.000000000000000000 ) ) ;
#2076 = ORIENTED_EDGE ( 'NONE', *, *, #2611, .T. ) ;
#2077 = CARTESIAN_POINT ( 'NONE',  ( 22.50000000000000000, 27.00000000000000000, -20.24999999999999645 ) ) ;
#2078 = EDGE_CURVE ( 'NONE', #1932, #1621, #611, .T. ) ;
#2079 = EDGE_CURVE ( 'NONE', #2261, #775, #577, .T. ) ;
#2080 = FACE_OUTER_BOUND ( 'NONE', #187, .T. ) ;
#2081 = ORIENTED_EDGE ( 'NONE', *, *, #2177, .F. ) ;
#2082 = AXIS2_PLACEMENT_3D ( 'NONE', #3170, #1047, #2070 ) ;
#2083 = DIRECTION ( 'NONE',  ( 0.000000000000000000, 0.000000000000000000, -1.000000000000000000 ) ) ;
#2084 = AXIS2_PLACEMENT_3D ( 'NONE', #529, #1280, #3374 ) ;
#2085 = DIRECTION ( 'NONE',  ( 0.000000000000000000, 0.000000000000000000, -1.000000000000000000 ) ) ;
#2086 = AXIS2_PLACEMENT_3D ( 'NONE', #1193, #2259, #1225 ) ;
#2087 = VECTOR ( 'NONE', #1903, 1000.000000000000000 ) ;
#2088 = FACE_OUTER_BOUND ( 'NONE', #1318, .T. ) ;
#2089 = ORIENTED_EDGE ( 'NONE', *, *, #3092, .F. ) ;
#2090 = VECTOR ( 'NONE', #484, 1000.000000000000000 ) ;
#2091 = ORIENTED_EDGE ( 'NONE', *, *, #1065, .F. ) ;
#2092 = AXIS2_PLACEMENT_3D ( 'NONE', #1608, #3181, #2914 ) ;
#2093 = VECTOR ( 'NONE', #2286, 1000.000000000000000 ) ;
#2094 = FACE_OUTER_BOUND ( 'NONE', #1239, .T. ) ;
#2095 = ORIENTED_EDGE ( 'NONE', *, *, #2398, .F. ) ;
#2096 = PLANE ( 'NONE',  #247 ) ;
#2097 = ORIENTED_EDGE ( 'NONE', *, *, #3307, .T. ) ;
#2098 = PLANE ( 'NONE',  #807 ) ;
#2099 = ORIENTED_EDGE ( 'NONE', *, *, #3117, .F. ) ;
#2100 = EDGE_CURVE ( 'NONE', #594, #2354, #2146, .T. ) ;
#2101 = EDGE_CURVE ( 'NONE', #1030, #3173, #2696, .T. ) ;
#2102 = CYLINDRICAL_SURFACE ( 'NONE', #3167, 1.364499712793999064 ) ;
#2103 = EDGE_LOOP ( 'NONE', ( #3294, #892, #2699, #1632 ) ) ;
#2104 = LINE ( 'NONE', #841, #1308 ) ;
#2105 = ORIENTED_EDGE ( 'NONE', *, *, #551, .F. ) ;
#2106 = FACE_OUTER_BOUND ( 'NONE', #1985, .T. ) ;
#2107 = CARTESIAN_POINT ( 'NONE',  ( -29.49999999999999645, 0.000000000000000000, 20.25000000000000355 ) ) ;
#2108 = ORIENTED_EDGE ( 'NONE', *, *, #2906, .F. ) ;
#2109 = DIRECTION ( 'NONE',  ( -1.000000000000000000, 0.000000000000000000, -0.000000000000000000 ) ) ;
#2110 = VERTEX_POINT ( 'NONE', #1103 ) ;
#2111 = CARTESIAN_POINT ( 'NONE',  ( -22.49999999999999645, 2.999999999999999112, -5.749999999999994671 ) ) ;
#2112 = ORIENTED_EDGE ( 'NONE', *, *, #1143, .F. ) ;
#2113 = FACE_OUTER_BOUND ( 'NONE', #1322, .T. ) ;
#2114 = DIRECTION ( 'NONE',  ( 0.000000000000000000, 1.000000000000000000, 0.000000000000000000 ) ) ;
#2115 = EDGE_CURVE ( 'NONE', #2186, #1251, #1898, .T. ) ;
#2116 = EDGE_CURVE ( 'NONE', #1947, #790, #868, .T. ) ;
#2117 = ORIENTED_EDGE ( 'NONE', *, *, #2400, .F. ) ;
#2118 = DIRECTION ( 'NONE',  ( -1.000000000000000000, -0.000000000000000000, -0.000000000000000000 ) ) ;
#2119 = ORIENTED_EDGE ( 'NONE', *, *, #426, .F. ) ;
#2120 = DIRECTION ( 'NONE',  ( 0.000000000000000000, 0.000000000000000000, -1.000000000000000000 ) ) ;
#2121 = LINE ( 'NONE', #739, #518 ) ;
#2122 = CARTESIAN_POINT ( 'NONE',  ( 22.50000000000000000, 0.000000000000000000, -18.74999999999999645 ) ) ;
#2123 = ORIENTED_EDGE ( 'NONE', *, *, #2038, .T. ) ;
#2124 = DIRECTION ( 'NONE',  ( -0.000000000000000000, -1.000000000000000000, -0.000000000000000000 ) ) ;
#2125 = EDGE_LOOP ( 'NONE', ( #1471, #670, #2548, #102 ) ) ;
#2126 = CARTESIAN_POINT ( 'NONE',  ( 19.08551248218999419, 27.00000000000000000, 22.00000000000000711 ) ) ;
#2127 = CARTESIAN_POINT ( 'NONE',  ( -39.00000000000000711, 3.000000000000000000, 28.00000000000000711 ) ) ;
#2128 = DIRECTION ( 'NONE',  ( 0.000000000000000000, 0.000000000000000000, -1.000000000000000000 ) ) ;
#2129 = ORIENTED_EDGE ( 'NONE', *, *, #1048, .T. ) ;
#2130 = CARTESIAN_POINT ( 'NONE',  ( 40.49999999999999289, 27.00000000000000000, -20.24999999999999645 ) ) ;
#2131 = VECTOR ( 'NONE', #2478, 1000.000000000000000 ) ;
#2132 = ORIENTED_EDGE ( 'NONE', *, *, #3278, .F. ) ;
#2133 = DIRECTION ( 'NONE',  ( 1.000000000000000000, 0.000000000000000000, 0.000000000000000000 ) ) ;
#2134 = VERTEX_POINT ( 'NONE', #2931 ) ;
#2135 = VECTOR ( 'NONE', #2590, 1000.000000000000000 ) ;
#2136 = EDGE_CURVE ( 'NONE', #1200, #1498, #32, .T. ) ;
#2137 = VECTOR ( 'NONE', #1053, 1000.000000000000000 ) ;
#2138 = AXIS2_PLACEMENT_3D ( 'NONE', #290, #1324, #2128 ) ;
#2139 = DIRECTION ( 'NONE',  ( 0.000000000000000000, -0.000000000000000000, 1.000000000000000000 ) ) ;
#2140 = ORIENTED_EDGE ( 'NONE', *, *, #2610, .T. ) ;
#2141 = CARTESIAN_POINT ( 'NONE',  ( -22.49999999999999645, 3.000000000000000000, 18.75000000000000355 ) ) ;
#2142 = ORIENTED_EDGE ( 'NONE', *, *, #3092, .T. ) ;
#2143 = DIRECTION ( 'NONE',  ( -0.000000000000000000, -1.000000000000000000, -0.000000000000000000 ) ) ;
#2144 = AXIS2_PLACEMENT_3D ( 'NONE', #198, #1240, #1777 ) ;
#2145 = CIRCLE ( 'NONE', #3001, 12.50034799947463782 ) ;
#2146 = LINE ( 'NONE', #563, #1313 ) ;
#2147 = CARTESIAN_POINT ( 'NONE',  ( -40.50000000000000000, 2.999999999999999112, -5.749999999999994671 ) ) ;
#2148 = AXIS2_PLACEMENT_3D ( 'NONE', #1003, #1333, #1876 ) ;
#2149 = VERTEX_POINT ( 'NONE', #3195 ) ;
#2150 = DIRECTION ( 'NONE',  ( 0.000000000000000000, 0.000000000000000000, 1.000000000000000000 ) ) ;
#2151 = EDGE_LOOP ( 'NONE', ( #356, #3277, #3150, #99 ) ) ;
#2152 = DIRECTION ( 'NONE',  ( -0.000000000000000000, -1.000000000000000000, -0.000000000000000000 ) ) ;
#2153 = PLANE ( 'NONE',  #2983 ) ;
#2154 = ORIENTED_EDGE ( 'NONE', *, *, #486, .T. ) ;
#2155 = FACE_OUTER_BOUND ( 'NONE', #2001, .T. ) ;
#2156 = EDGE_CURVE ( 'NONE', #3395, #482, #2450, .T. ) ;
#2157 = VERTEX_POINT ( 'NONE', #2173 ) ;
#2158 = EDGE_CURVE ( 'NONE', #2947, #1932, #2963, .T. ) ;
#2159 = CARTESIAN_POINT ( 'NONE',  ( -39.00000000000000711, 0.000000000000000000, 25.86449971279400373 ) ) ;
#2160 = PLANE ( 'NONE',  #692 ) ;
#2161 = CARTESIAN_POINT ( 'NONE',  ( -29.49999999999999645, 27.00000000000000000, 18.75000000000000355 ) ) ;
#2162 = CARTESIAN_POINT ( 'NONE',  ( 40.49999999999999289, 27.00000000000000000, -7.249999999999996447 ) ) ;
#2163 = CARTESIAN_POINT ( 'NONE',  ( 19.08551248218999419, 3.000000000000000000, -20.99999999999999289 ) ) ;
#2164 = EDGE_CURVE ( 'NONE', #846, #1360, #310, .T. ) ;
#2165 = ORIENTED_EDGE ( 'NONE', *, *, #84, .F. ) ;
#2166 = DIRECTION ( 'NONE',  ( -0.000000000000000000, -1.000000000000000000, -0.000000000000000000 ) ) ;
#2167 = ORIENTED_EDGE ( 'NONE', *, *, #1851, .T. ) ;
#2168 = ORIENTED_EDGE ( 'NONE', *, *, #1006, .F. ) ;
#2169 = PLANE ( 'NONE',  #1750 ) ;
#2170 = EDGE_LOOP ( 'NONE', ( #644, #2209, #663, #164 ) ) ;
#2171 = ORIENTED_EDGE ( 'NONE', *, *, #260, .T. ) ;
#2172 = CARTESIAN_POINT ( 'NONE',  ( 0.000000000000000000, 3.000000000000000000, -20.24999999999999645 ) ) ;
#2173 = CARTESIAN_POINT ( 'NONE',  ( -33.49999999999999289, 0.000000000000000000, -7.249999999999996447 ) ) ;
#2174 = DIRECTION ( 'NONE',  ( 1.000000000000000000, 0.000000000000000000, 0.000000000000000000 ) ) ;
#2175 = CARTESIAN_POINT ( 'NONE',  ( 0.000000000000000000, 3.000000000000000000, 5.750000000000003553 ) ) ;
#2176 = VERTEX_POINT ( 'NONE', #45 ) ;
#2177 = EDGE_CURVE ( 'NONE', #2157, #2248, #79, .T. ) ;
#2178 = ADVANCED_FACE ( 'NONE', ( #3256 ), #2003, .F. ) ;
#2179 = DIRECTION ( 'NONE',  ( -0.000000000000000000, -1.000000000000000000, -0.000000000000000000 ) ) ;
#2180 = CARTESIAN_POINT ( 'NONE',  ( 19.08551248218999419, 4.000000000000000000, 22.00000000000000711 ) ) ;
#2181 = CIRCLE ( 'NONE', #1864, 2.500000000000002220 ) ;
#2182 = DIRECTION ( 'NONE',  ( 0.000000000000000000, 0.000000000000000000, -1.000000000000000000 ) ) ;
#2183 = VERTEX_POINT ( 'NONE', #1971 ) ;
#2184 = DIRECTION ( 'NONE',  ( 1.000000000000000000, -0.000000000000000000, 0.000000000000000000 ) ) ;
#2185 = VECTOR ( 'NONE', #2948, 1000.000000000000000 ) ;
#2186 = VERTEX_POINT ( 'NONE', #2251 ) ;
#2187 = AXIS2_PLACEMENT_3D ( 'NONE', #2719, #2470, #942 ) ;
#2188 = AXIS2_PLACEMENT_3D ( 'NONE', #2378, #767, #1095 ) ;
#2189 = DIRECTION ( 'NONE',  ( -0.000000000000000000, -1.000000000000000000, -0.000000000000000000 ) ) ;
#2190 = CARTESIAN_POINT ( 'NONE',  ( -40.50000000000000000, 27.00000000000000000, 18.75000000000000355 ) ) ;
#2191 = ORIENTED_EDGE ( 'NONE', *, *, #3152, .F. ) ;
#2192 = AXIS2_PLACEMENT_3D ( 'NONE', #3052, #460, #1543 ) ;
#2193 = AXIS2_PLACEMENT_3D ( 'NONE', #1137, #897, #3233 ) ;
#2194 = VECTOR ( 'NONE', #3081, 1000.000000000000000 ) ;
#2195 = CIRCLE ( 'NONE', #1541, 2.499999999999998668 ) ;
#2196 = DIRECTION ( 'NONE',  ( 1.000000000000000000, -0.000000000000000000, 0.000000000000000000 ) ) ;
#2197 = DIRECTION ( 'NONE',  ( 0.000000000000000000, 0.000000000000000000, 1.000000000000000000 ) ) ;
#2198 = ADVANCED_FACE ( 'NONE', ( #142 ), #2019, .F. ) ;
#2199 = CARTESIAN_POINT ( 'NONE',  ( 29.50000000000000000, 0.000000000000000000, 18.75000000000000355 ) ) ;
#2200 = EDGE_CURVE ( 'NONE', #1513, #1200, #633, .T. ) ;
#2201 = ORIENTED_EDGE ( 'NONE', *, *, #1555, .F. ) ;
#2202 = ORIENTED_EDGE ( 'NONE', *, *, #2424, .T. ) ;
#2203 = FACE_BOUND ( 'NONE', #1657, .T. ) ;
#2204 = ORIENTED_EDGE ( 'NONE', *, *, #261, .T. ) ;
#2205 = CARTESIAN_POINT ( 'NONE',  ( 40.49999999999999289, 0.000000000000000000, -5.749999999999994671 ) ) ;
#2206 = DIRECTION ( 'NONE',  ( -0.000000000000000000, -0.000000000000000000, 1.000000000000000000 ) ) ;
#2207 = DIRECTION ( 'NONE',  ( 0.000000000000000000, -0.000000000000000000, 1.000000000000000000 ) ) ;
#2208 = LINE ( 'NONE', #2175, #1247 ) ;
#2209 = ORIENTED_EDGE ( 'NONE', *, *, #2060, .T. ) ;
#2210 = DIRECTION ( 'NONE',  ( 0.000000000000000000, 0.000000000000000000, -1.000000000000000000 ) ) ;
#2211 = CARTESIAN_POINT ( 'NONE',  ( -40.50000000000000000, 0.000000000000000000, 18.75000000000000355 ) ) ;
#2212 = CYLINDRICAL_SURFACE ( 'NONE', #2716, 2.499999999999998668 ) ;
#2213 = EDGE_CURVE ( 'NONE', #943, #1452, #2233, .T. ) ;
#2214 = LINE ( 'NONE', #662, #3222 ) ;
#2215 = ORIENTED_EDGE ( 'NONE', *, *, #2955, .T. ) ;
#2216 = FACE_BOUND ( 'NONE', #135, .T. ) ;
#2217 = VERTEX_POINT ( 'NONE', #2809 ) ;
#2218 = CARTESIAN_POINT ( 'NONE',  ( -40.50000000000000000, 0.000000000000000000, -7.249999999999996447 ) ) ;
#2219 = CARTESIAN_POINT ( 'NONE',  ( -45.00000000000000000, 3.000000000000000000, 32.50000000000000000 ) ) ;
#2220 = CARTESIAN_POINT ( 'NONE',  ( -1.000000000000007772, 2.999999999999999112, 6.500000000000005329 ) ) ;
#2221 = EDGE_LOOP ( 'NONE', ( #35, #3401, #1801, #2604 ) ) ;
#2222 = CARTESIAN_POINT ( 'NONE',  ( -29.49999999999999645, 27.00000000000000000, 20.25000000000000355 ) ) ;
#2223 = ORIENTED_EDGE ( 'NONE', *, *, #3022, .F. ) ;
#2224 = CARTESIAN_POINT ( 'NONE',  ( 40.49999999999999289, 2.999999999999999112, 20.25000000000000355 ) ) ;
#2225 = FACE_OUTER_BOUND ( 'NONE', #104, .T. ) ;
#2226 = ORIENTED_EDGE ( 'NONE', *, *, #1550, .F. ) ;
#2227 = ORIENTED_EDGE ( 'NONE', *, *, #256, .T. ) ;
#2228 = LINE ( 'NONE', #912, #678 ) ;
#2229 = ADVANCED_FACE ( 'NONE', ( #387 ), #248, .F. ) ;
#2230 = AXIS2_PLACEMENT_3D ( 'NONE', #2954, #1342, #619 ) ;
#2231 = EDGE_CURVE ( 'NONE', #3303, #2183, #1767, .T. ) ;
#2232 = CARTESIAN_POINT ( 'NONE',  ( 29.50000000000000000, 0.000000000000000000, 7.250000000000004441 ) ) ;
#2233 = LINE ( 'NONE', #3068, #131 ) ;
#2234 = CIRCLE ( 'NONE', #2940, 2.999999999999999112 ) ;
#2235 = DIRECTION ( 'NONE',  ( 0.000000000000000000, 1.000000000000000000, 0.000000000000000000 ) ) ;
#2236 = FACE_OUTER_BOUND ( 'NONE', #336, .T. ) ;
#2237 = ORIENTED_EDGE ( 'NONE', *, *, #2136, .F. ) ;
#2238 = VECTOR ( 'NONE', #1936, 1000.000000000000000 ) ;
#2239 = AXIS2_PLACEMENT_3D ( 'NONE', #3075, #1271, #1576 ) ;
#2240 = DIRECTION ( 'NONE',  ( 0.000000000000000000, 0.000000000000000000, 1.000000000000000000 ) ) ;
#2241 = LINE ( 'NONE', #3281, #1751 ) ;
#2242 = VECTOR ( 'NONE', #2768, 1000.000000000000000 ) ;
#2243 = VECTOR ( 'NONE', #728, 1000.000000000000000 ) ;
#2244 = VERTEX_POINT ( 'NONE', #424 ) ;
#2245 = CIRCLE ( 'NONE', #73, 12.50034799947463782 ) ;
#2246 = DIRECTION ( 'NONE',  ( -0.000000000000000000, -1.000000000000000000, -0.000000000000000000 ) ) ;
#2247 = APPLICATION_CONTEXT ( 'automotive_design' ) ;
#2248 = VERTEX_POINT ( 'NONE', #1493 ) ;
#2249 = FACE_BOUND ( 'NONE', #2417, .T. ) ;
#2250 = VERTEX_POINT ( 'NONE', #1219 ) ;
#2251 = CARTESIAN_POINT ( 'NONE',  ( -29.49999999999999645, 2.999999999999999112, -18.74999999999999645 ) ) ;
#2252 = EDGE_CURVE ( 'NONE', #479, #2688, #1780, .T. ) ;
#2253 = EDGE_CURVE ( 'NONE', #389, #321, #2061, .T. ) ;
#2254 = ORIENTED_EDGE ( 'NONE', *, *, #3021, .T. ) ;
#2255 = EDGE_LOOP ( 'NONE', ( #318, #2202, #3162, #1996 ) ) ;
#2256 = DIRECTION ( 'NONE',  ( 0.000000000000000000, 1.000000000000000000, 0.000000000000000000 ) ) ;
#2257 = EDGE_CURVE ( 'NONE', #2863, #49, #476, .T. ) ;
#2258 = EDGE_CURVE ( 'NONE', #1325, #49, #721, .T. ) ;
#2259 = DIRECTION ( 'NONE',  ( -1.000000000000000000, 0.000000000000000000, 0.000000000000000000 ) ) ;
#2260 = LINE ( 'NONE', #712, #2674 ) ;
#2261 = VERTEX_POINT ( 'NONE', #794 ) ;
#2262 = DIRECTION ( 'NONE',  ( -1.000000000000000000, 0.000000000000000000, -0.000000000000000000 ) ) ;
#2263 = CARTESIAN_POINT ( 'NONE',  ( -29.49999999999999645, 2.999999999999999112, 7.250000000000004441 ) ) ;
#2264 = ORIENTED_EDGE ( 'NONE', *, *, #963, .T. ) ;
#2265 = FACE_BOUND ( 'NONE', #3187, .T. ) ;
#2266 = VERTEX_POINT ( 'NONE', #2306 ) ;
#2267 = DIRECTION ( 'NONE',  ( 0.000000000000000000, 0.000000000000000000, -1.000000000000000000 ) ) ;
#2268 = DIRECTION ( 'NONE',  ( 0.000000000000000000, 0.000000000000000000, -1.000000000000000000 ) ) ;
#2269 = VERTEX_POINT ( 'NONE', #218 ) ;
#2270 = ORIENTED_EDGE ( 'NONE', *, *, #1475, .F. ) ;
#2271 = DIRECTION ( 'NONE',  ( 0.000000000000000000, 0.000000000000000000, -1.000000000000000000 ) ) ;
#2272 = DIRECTION ( 'NONE',  ( 1.000000000000000000, 0.000000000000000000, 0.000000000000000000 ) ) ;
#2273 = ORIENTED_EDGE ( 'NONE', *, *, #2605, .T. ) ;
#2274 = CARTESIAN_POINT ( 'NONE',  ( -1.000000000000006217, 2.999999999999999112, 19.00034799947464492 ) ) ;
#2275 = EDGE_CURVE ( 'NONE', #2050, #3031, #1021, .T. ) ;
#2276 = EDGE_CURVE ( 'NONE', #49, #790, #2121, .T. ) ;
#2277 = FACE_BOUND ( 'NONE', #2386, .T. ) ;
#2278 = DIRECTION ( 'NONE',  ( -0.000000000000000000, 1.000000000000000000, -0.000000000000000000 ) ) ;
#2279 = ORIENTED_EDGE ( 'NONE', *, *, #1570, .F. ) ;
#2280 = CARTESIAN_POINT ( 'NONE',  ( 19.08551248218999419, 27.00000000000000000, 25.86449971279400017 ) ) ;
#2281 = VERTEX_POINT ( 'NONE', #530 ) ;
#2282 = LINE ( 'NONE', #1781, #2413 ) ;
#2283 = EDGE_LOOP ( 'NONE', ( #1826, #840, #3124, #1277 ) ) ;
#2284 = DIRECTION ( 'NONE',  ( 0.000000000000000000, 0.000000000000000000, 1.000000000000000000 ) ) ;
#2285 = ORIENTED_EDGE ( 'NONE', *, *, #88, .T. ) ;
#2286 = DIRECTION ( 'NONE',  ( -0.000000000000000000, -0.000000000000000000, 1.000000000000000000 ) ) ;
#2287 = DIRECTION ( 'NONE',  ( -0.000000000000000000, 1.000000000000000000, -0.000000000000000000 ) ) ;
#2288 = CARTESIAN_POINT ( 'NONE',  ( -22.49999999999999645, 27.00000000000000000, -5.749999999999994671 ) ) ;
#2289 = ORIENTED_EDGE ( 'NONE', *, *, #1654, .F. ) ;
#2290 = VECTOR ( 'NONE', #3128, 1000.000000000000000 ) ;
#2291 = VECTOR ( 'NONE', #1273, 1000.000000000000000 ) ;
#2292 = DIRECTION ( 'NONE',  ( -0.000000000000000000, -1.000000000000000000, -0.000000000000000000 ) ) ;
#2293 = VECTOR ( 'NONE', #1572, 1000.000000000000000 ) ;
#2294 = VECTOR ( 'NONE', #935, 1000.000000000000000 ) ;
#2295 = DIRECTION ( 'NONE',  ( 0.000000000000000000, -0.000000000000000000, 1.000000000000000000 ) ) ;
#2296 = EDGE_CURVE ( 'NONE', #3011, #1083, #3375, .T. ) ;
#2297 = ADVANCED_FACE ( 'NONE', ( #3127 ), #2879, .F. ) ;
#2298 = DIRECTION ( 'NONE',  ( 0.000000000000000000, 0.000000000000000000, -1.000000000000000000 ) ) ;
#2299 = AXIS2_PLACEMENT_3D ( 'NONE', #588, #1949, #2968 ) ;
#2300 = VECTOR ( 'NONE', #2174, 1000.000000000000000 ) ;
#2301 = CARTESIAN_POINT ( 'NONE',  ( 0.000000000000000000, 3.000000000000000000, -7.249999999999996447 ) ) ;
#2302 = VECTOR ( 'NONE', #1727, 1000.000000000000000 ) ;
#2303 = ADVANCED_FACE ( 'NONE', ( #1840 ), #2324, .T. ) ;
#2304 = ORIENTED_EDGE ( 'NONE', *, *, #1881, .T. ) ;
#2305 = ORIENTED_EDGE ( 'NONE', *, *, #2400, .T. ) ;
#2306 = CARTESIAN_POINT ( 'NONE',  ( -29.49999999999999645, 0.000000000000000000, 20.25000000000000355 ) ) ;
#2307 = PLANE ( 'NONE',  #459 ) ;
#2308 = ORIENTED_EDGE ( 'NONE', *, *, #792, .T. ) ;
#2309 = ADVANCED_BREP_SHAPE_REPRESENTATION ( '030 Platinenhalter', ( #605, #2511 ), #2786 ) ;
#2310 = CARTESIAN_POINT ( 'NONE',  ( 40.49999999999999289, 27.00000000000000000, 7.250000000000004441 ) ) ;
#2311 = DIRECTION ( 'NONE',  ( 0.000000000000000000, 0.000000000000000000, -1.000000000000000000 ) ) ;
#2312 = DIRECTION ( 'NONE',  ( 0.000000000000000000, 0.000000000000000000, 1.000000000000000000 ) ) ;
#2313 = ORIENTED_EDGE ( 'NONE', *, *, #48, .T. ) ;
#2314 = DIRECTION ( 'NONE',  ( 0.000000000000000000, 1.000000000000000000, 0.000000000000000000 ) ) ;
#2315 = LINE ( 'NONE', #698, #2944 ) ;
#2316 = LINE ( 'NONE', #2130, #66 ) ;
#2317 = ADVANCED_FACE ( 'NONE', ( #2094 ), #2549, .F. ) ;
#2318 = CARTESIAN_POINT ( 'NONE',  ( 19.08551248218999419, 0.000000000000000000, -25.86449971279398952 ) ) ;
#2319 = VERTEX_POINT ( 'NONE', #2865 ) ;
#2320 = EDGE_LOOP ( 'NONE', ( #2980, #1738, #2091, #1761 ) ) ;
#2321 = DIRECTION ( 'NONE',  ( 1.000000000000000000, 0.000000000000000000, 0.000000000000000000 ) ) ;
#2322 = EDGE_CURVE ( 'NONE', #2436, #706, #493, .T. ) ;
#2323 = ADVANCED_FACE ( 'NONE', ( #2106 ), #1266, .F. ) ;
#2324 = CYLINDRICAL_SURFACE ( 'NONE', #1303, 2.999999999999999112 ) ;
#2325 = DIRECTION ( 'NONE',  ( 0.000000000000000000, 0.000000000000000000, -1.000000000000000000 ) ) ;
#2326 = VERTEX_POINT ( 'NONE', #507 ) ;
#2327 = DIRECTION ( 'NONE',  ( 0.000000000000000000, 0.000000000000000000, 1.000000000000000000 ) ) ;
#2328 = ORIENTED_EDGE ( 'NONE', *, *, #86, .F. ) ;
#2329 = DIRECTION ( 'NONE',  ( 1.000000000000000000, 0.000000000000000000, -0.000000000000000000 ) ) ;
#2330 = ORIENTED_EDGE ( 'NONE', *, *, #2480, .F. ) ;
#2331 = CARTESIAN_POINT ( 'NONE',  ( -40.50000000000000000, 27.00000000000000000, 20.25000000000000355 ) ) ;
#2332 = CARTESIAN_POINT ( 'NONE',  ( 19.08551248218999419, 27.00000000000000000, -21.99999999999999645 ) ) ;
#2333 = DIRECTION ( 'NONE',  ( 0.000000000000000000, -0.000000000000000000, 1.000000000000000000 ) ) ;
#2334 = DIRECTION ( 'NONE',  ( -0.000000000000000000, -1.000000000000000000, -0.000000000000000000 ) ) ;
#2335 = DIRECTION ( 'NONE',  ( -1.000000000000000000, 0.000000000000000000, 0.000000000000000000 ) ) ;
#2336 = EDGE_LOOP ( 'NONE', ( #2132, #249, #2537, #2743 ) ) ;
#2337 = ORIENTED_EDGE ( 'NONE', *, *, #2916, .T. ) ;
#2338 = PLANE ( 'NONE',  #738 ) ;
#2339 = ORIENTED_EDGE ( 'NONE', *, *, #65, .F. ) ;
#2340 = DIRECTION ( 'NONE',  ( 0.000000000000000000, 1.000000000000000000, 0.000000000000000000 ) ) ;
#2341 = EDGE_CURVE ( 'NONE', #700, #2436, #1587, .T. ) ;
#2342 = VERTEX_POINT ( 'NONE', #2374 ) ;
#2343 = EDGE_CURVE ( 'NONE', #111, #1165, #1383, .T. ) ;
#2344 = AXIS2_PLACEMENT_3D ( 'NONE', #2757, #382, #1754 ) ;
#2345 = CARTESIAN_POINT ( 'NONE',  ( 29.50000000000000000, 27.00000000000000000, -18.74999999999999645 ) ) ;
#2346 = ORIENTED_EDGE ( 'NONE', *, *, #921, .T. ) ;
#2347 = AXIS2_PLACEMENT_3D ( 'NONE', #2982, #1365, #3189 ) ;
#2348 = FACE_OUTER_BOUND ( 'NONE', #2045, .T. ) ;
#2349 = DIRECTION ( 'NONE',  ( 0.000000000000000000, 0.000000000000000000, 1.000000000000000000 ) ) ;
#2350 = CARTESIAN_POINT ( 'NONE',  ( 19.08551248218999419, 0.000000000000000000, -24.49999999999999289 ) ) ;
#2351 = AXIS2_PLACEMENT_3D ( 'NONE', #3216, #1962, #787 ) ;
#2352 = VECTOR ( 'NONE', #653, 1000.000000000000000 ) ;
#2353 = CARTESIAN_POINT ( 'NONE',  ( 19.08551248218999419, 27.00000000000000000, 22.00000000000000711 ) ) ;
#2354 = VERTEX_POINT ( 'NONE', #26 ) ;
#2355 = AXIS2_PLACEMENT_3D ( 'NONE', #3390, #1565, #2349 ) ;
#2356 = ORIENTED_EDGE ( 'NONE', *, *, #1281, .T. ) ;
#2357 = DIRECTION ( 'NONE',  ( -0.000000000000000000, -1.000000000000000000, -0.000000000000000000 ) ) ;
#2358 = CYLINDRICAL_SURFACE ( 'NONE', #1029, 12.50034799947463782 ) ;
#2359 = VERTEX_POINT ( 'NONE', #57 ) ;
#2360 = LINE ( 'NONE', #1514, #1025 ) ;
#2361 = ORIENTED_EDGE ( 'NONE', *, *, #754, .F. ) ;
#2362 = EDGE_CURVE ( 'NONE', #995, #3160, #1908, .T. ) ;
#2363 = FACE_OUTER_BOUND ( 'NONE', #3269, .T. ) ;
#2364 = DIRECTION ( 'NONE',  ( 0.000000000000000000, 0.000000000000000000, -1.000000000000000000 ) ) ;
#2365 = ORIENTED_EDGE ( 'NONE', *, *, #1395, .T. ) ;
#2366 = ADVANCED_FACE ( 'NONE', ( #1671, #267 ), #2169, .T. ) ;
#2367 = ADVANCED_FACE ( 'NONE', ( #2970 ), #1605, .F. ) ;
#2368 = UNCERTAINTY_MEASURE_WITH_UNIT (LENGTH_MEASURE( 1.000000000000000082E-05 ), #1424, 'distance_accuracy_value', 'NONE');
#2369 = DIRECTION ( 'NONE',  ( 0.000000000000000000, 0.000000000000000000, 1.000000000000000000 ) ) ;
#2370 = CARTESIAN_POINT ( 'NONE',  ( -29.49999999999999645, 0.000000000000000000, -20.24999999999999645 ) ) ;
#2371 = EDGE_LOOP ( 'NONE', ( #1673, #1975, #1942, #1054 ) ) ;
#2372 = DIRECTION ( 'NONE',  ( -0.000000000000000000, -1.000000000000000000, -0.000000000000000000 ) ) ;
#2373 = ORIENTED_EDGE ( 'NONE', *, *, #147, .F. ) ;
#2374 = CARTESIAN_POINT ( 'NONE',  ( -22.49999999999999645, 2.999999999999999112, 7.250000000000004441 ) ) ;
#2375 = DIRECTION ( 'NONE',  ( -1.000000000000000000, -0.000000000000000000, 7.709882115452476934E-17 ) ) ;
#2376 = ORIENTED_EDGE ( 'NONE', *, *, #1592, .F. ) ;
#2377 = ORIENTED_EDGE ( 'NONE', *, *, #554, .F. ) ;
#2378 = CARTESIAN_POINT ( 'NONE',  ( -1.000000000000007772, 0.000000000000000000, 6.500000000000005329 ) ) ;
#2379 = VERTEX_POINT ( 'NONE', #1162 ) ;
#2380 = LINE ( 'NONE', #3188, #2087 ) ;
#2381 = EDGE_CURVE ( 'NONE', #2389, #1099, #962, .T. ) ;
#2382 = DIRECTION ( 'NONE',  ( 1.000000000000000000, -0.000000000000000000, 0.000000000000000000 ) ) ;
#2383 = ADVANCED_FACE ( 'NONE', ( #155 ), #906, .T. ) ;
#2384 = ORIENTED_EDGE ( 'NONE', *, *, #237, .T. ) ;
#2385 = CARTESIAN_POINT ( 'NONE',  ( -40.50000000000000000, 27.00000000000000000, 7.250000000000004441 ) ) ;
#2386 = EDGE_LOOP ( 'NONE', ( #177, #1394 ) ) ;
#2387 = CARTESIAN_POINT ( 'NONE',  ( -40.50000000000000000, 27.00000000000000000, -18.74999999999999645 ) ) ;
#2388 = CARTESIAN_POINT ( 'NONE',  ( 22.50000000000000000, 27.00000000000000000, -7.249999999999996447 ) ) ;
#2389 = VERTEX_POINT ( 'NONE', #2482 ) ;
#2390 = ORIENTED_EDGE ( 'NONE', *, *, #1836, .T. ) ;
#2391 = LINE ( 'NONE', #2837, #1176 ) ;
#2392 = DIRECTION ( 'NONE',  ( -0.000000000000000000, -1.000000000000000000, -0.000000000000000000 ) ) ;
#2393 = DIRECTION ( 'NONE',  ( 0.000000000000000000, 0.000000000000000000, 1.000000000000000000 ) ) ;
#2394 = FACE_OUTER_BOUND ( 'NONE', #451, .T. ) ;
#2395 = ORIENTED_EDGE ( 'NONE', *, *, #1851, .F. ) ;
#2396 = CARTESIAN_POINT ( 'NONE',  ( -29.49999999999999645, 27.00000000000000000, -5.749999999999994671 ) ) ;
#2397 = CARTESIAN_POINT ( 'NONE',  ( -39.00000000000000711, 27.00000000000000000, 23.13550028720600693 ) ) ;
#2398 = EDGE_CURVE ( 'NONE', #1334, #2581, #420, .T. ) ;
#2399 = VECTOR ( 'NONE', #1446, 1000.000000000000000 ) ;
#2400 = EDGE_CURVE ( 'NONE', #474, #2868, #889, .T. ) ;
#2401 = VERTEX_POINT ( 'NONE', #643 ) ;
#2402 = ORIENTED_EDGE ( 'NONE', *, *, #441, .T. ) ;
#2403 = VECTOR ( 'NONE', #40, 1000.000000000000000 ) ;
#2404 = VECTOR ( 'NONE', #2143, 1000.000000000000000 ) ;
#2405 = EDGE_CURVE ( 'NONE', #2448, #350, #1704, .T. ) ;
#2406 = VECTOR ( 'NONE', #394, 1000.000000000000000 ) ;
#2407 = VECTOR ( 'NONE', #3369, 1000.000000000000000 ) ;
#2408 = VERTEX_POINT ( 'NONE', #2759 ) ;
#2409 = DIRECTION ( 'NONE',  ( 0.000000000000000000, 0.000000000000000000, -1.000000000000000000 ) ) ;
#2410 = ORIENTED_EDGE ( 'NONE', *, *, #1616, .F. ) ;
#2411 = LINE ( 'NONE', #208, #3110 ) ;
#2412 = CIRCLE ( 'NONE', #3177, 1.364499712793995734 ) ;
#2413 = VECTOR ( 'NONE', #3087, 1000.000000000000000 ) ;
#2414 = CARTESIAN_POINT ( 'NONE',  ( -40.50000000000000000, 27.00000000000000000, 7.250000000000004441 ) ) ;
#2415 = DIRECTION ( 'NONE',  ( -1.000000000000000000, 0.000000000000000000, 0.000000000000000000 ) ) ;
#2416 = DIRECTION ( 'NONE',  ( 0.000000000000000000, 0.000000000000000000, 1.000000000000000000 ) ) ;
#2417 = EDGE_LOOP ( 'NONE', ( #1987, #871, #3246, #2226 ) ) ;
#2418 = CARTESIAN_POINT ( 'NONE',  ( 19.08551248218999419, 27.00000000000000000, -25.86449971279398952 ) ) ;
#2419 = EDGE_LOOP ( 'NONE', ( #1340, #3372, #3384, #3202 ) ) ;
#2420 = EDGE_LOOP ( 'NONE', ( #2909, #3248, #2089, #936 ) ) ;
#2421 = ORIENTED_EDGE ( 'NONE', *, *, #1370, .T. ) ;
#2422 = ORIENTED_EDGE ( 'NONE', *, *, #379, .T. ) ;
#2423 = LINE ( 'NONE', #534, #1925 ) ;
#2424 = EDGE_CURVE ( 'NONE', #1205, #253, #2214, .T. ) ;
#2425 = DIRECTION ( 'NONE',  ( -1.000000000000000000, 0.000000000000000000, -0.000000000000000000 ) ) ;
#2426 = CARTESIAN_POINT ( 'NONE',  ( -40.50000000000000000, 3.000000000000000000, -26.00000000000000000 ) ) ;
#2427 = CARTESIAN_POINT ( 'NONE',  ( -40.50000000000000000, 27.00000000000000000, 20.25000000000000355 ) ) ;
#2428 = CARTESIAN_POINT ( 'NONE',  ( -41.99999999999999289, 3.000000000000000000, 32.50000000000000000 ) ) ;
#2429 = ORIENTED_EDGE ( 'NONE', *, *, #3111, .T. ) ;
#2430 = CYLINDRICAL_SURFACE ( 'NONE', #684, 2.500000000000002220 ) ;
#2431 = CARTESIAN_POINT ( 'NONE',  ( -40.50000000000000000, 3.000000000000000000, -39.00000000000000000 ) ) ;
#2432 = CARTESIAN_POINT ( 'NONE',  ( -40.50000000000000000, 2.999999999999999112, 18.75000000000000355 ) ) ;
#2433 = VERTEX_POINT ( 'NONE', #2263 ) ;
#2434 = CARTESIAN_POINT ( 'NONE',  ( 33.49999999999999289, 2.999999999999999112, 20.25000000000000355 ) ) ;
#2435 = VERTEX_POINT ( 'NONE', #3251 ) ;
#2436 = VERTEX_POINT ( 'NONE', #1718 ) ;
#2437 = LINE ( 'NONE', #2161, #862 ) ;
#2438 = EDGE_CURVE ( 'NONE', #1007, #2183, #1451, .T. ) ;
#2439 = EDGE_CURVE ( 'NONE', #999, #2442, #294, .T. ) ;
#2440 = LINE ( 'NONE', #1115, #186 ) ;
#2441 = CARTESIAN_POINT ( 'NONE',  ( -29.49999999999999645, 0.000000000000000000, 7.250000000000004441 ) ) ;
#2442 = VERTEX_POINT ( 'NONE', #1469 ) ;
#2443 = LINE ( 'NONE', #2751, #2352 ) ;
#2444 = DIRECTION ( 'NONE',  ( 0.000000000000000000, 0.000000000000000000, 1.000000000000000000 ) ) ;
#2445 = VECTOR ( 'NONE', #2246, 1000.000000000000000 ) ;
#2446 = DIRECTION ( 'NONE',  ( -1.000000000000000000, -0.000000000000000000, -0.000000000000000000 ) ) ;
#2447 = CYLINDRICAL_SURFACE ( 'NONE', #562, 1.364499712793995734 ) ;
#2448 = VERTEX_POINT ( 'NONE', #2515 ) ;
#2449 = CARTESIAN_POINT ( 'NONE',  ( 0.000000000000000000, 0.000000000000000000, 0.000000000000000000 ) ) ;
#2450 = CIRCLE ( 'NONE', #3392, 2.499999999999998668 ) ;
#2451 = VECTOR ( 'NONE', #791, 1000.000000000000000 ) ;
#2452 = ORIENTED_EDGE ( 'NONE', *, *, #1802, .F. ) ;
#2453 = CARTESIAN_POINT ( 'NONE',  ( 19.08551248218999419, 3.000000000000000000, -24.49999999999999289 ) ) ;
#2454 = VECTOR ( 'NONE', #501, 1000.000000000000000 ) ;
#2455 = CIRCLE ( 'NONE', #121, 2.999999999999999112 ) ;
#2456 = DIRECTION ( 'NONE',  ( 1.000000000000000000, 0.000000000000000000, 0.000000000000000000 ) ) ;
#2457 = DIRECTION ( 'NONE',  ( 1.000000000000000000, 0.000000000000000000, -0.000000000000000000 ) ) ;
#2458 = DIRECTION ( 'NONE',  ( 0.000000000000000000, -1.000000000000000000, 0.000000000000000000 ) ) ;
#2459 = ORIENTED_EDGE ( 'NONE', *, *, #616, .T. ) ;
#2460 = AXIS2_PLACEMENT_3D ( 'NONE', #760, #436, #1278 ) ;
#2461 = ADVANCED_FACE ( 'NONE', ( #1199 ), #3297, .T. ) ;
#2462 = CIRCLE ( 'NONE', #2148, 2.499999999999998668 ) ;
#2463 = FACE_OUTER_BOUND ( 'NONE', #2518, .T. ) ;
#2464 = CARTESIAN_POINT ( 'NONE',  ( 40.49999999999999289, 0.000000000000000000, -5.749999999999994671 ) ) ;
#2465 = PLANE ( 'NONE',  #1810 ) ;
#2466 = ADVANCED_FACE ( 'NONE', ( #1214 ), #2015, .F. ) ;
#2467 = ADVANCED_FACE ( 'NONE', ( #89 ), #1146, .F. ) ;
#2468 = DIRECTION ( 'NONE',  ( 1.000000000000000000, 0.000000000000000000, 0.000000000000000000 ) ) ;
#2469 = ORIENTED_EDGE ( 'NONE', *, *, #2258, .F. ) ;
#2470 = DIRECTION ( 'NONE',  ( 0.000000000000000000, -1.000000000000000000, 0.000000000000000000 ) ) ;
#2471 = VERTEX_POINT ( 'NONE', #2873 ) ;
#2472 = EDGE_LOOP ( 'NONE', ( #3353, #719, #1857, #1038 ) ) ;
#2473 = CARTESIAN_POINT ( 'NONE',  ( -39.00000000000000711, 0.000000000000000000, 23.13550028720600693 ) ) ;
#2474 = CARTESIAN_POINT ( 'NONE',  ( -40.50000000000000000, 27.00000000000000000, 7.250000000000004441 ) ) ;
#2475 = EDGE_LOOP ( 'NONE', ( #162, #2313, #509, #214 ) ) ;
#2476 = PLANE ( 'NONE',  #2558 ) ;
#2477 = CARTESIAN_POINT ( 'NONE',  ( -29.49999999999999645, 27.00000000000000000, 20.25000000000000355 ) ) ;
#2478 = DIRECTION ( 'NONE',  ( -1.000000000000000000, -0.000000000000000000, -0.000000000000000000 ) ) ;
#2479 = ADVANCED_FACE ( 'NONE', ( #2088 ), #1508, .F. ) ;
#2480 = EDGE_CURVE ( 'NONE', #511, #2023, #1122, .T. ) ;
#2481 = ORIENTED_EDGE ( 'NONE', *, *, #323, .F. ) ;
#2482 = CARTESIAN_POINT ( 'NONE',  ( -22.49999999999999645, 0.000000000000000000, -7.249999999999996447 ) ) ;
#2483 = ORIENTED_EDGE ( 'NONE', *, *, #1261, .T. ) ;
#2484 = FACE_BOUND ( 'NONE', #542, .T. ) ;
#2485 = EDGE_LOOP ( 'NONE', ( #972, #1907 ) ) ;
#2486 = LINE ( 'NONE', #322, #116 ) ;
#2487 = DIRECTION ( 'NONE',  ( 1.000000000000000000, 0.000000000000000000, -0.000000000000000000 ) ) ;
#2488 = CARTESIAN_POINT ( 'NONE',  ( 22.50000000000000000, 2.999999999999999112, 18.75000000000000355 ) ) ;
#2489 = ORIENTED_EDGE ( 'NONE', *, *, #1612, .F. ) ;
#2490 = CARTESIAN_POINT ( 'NONE',  ( 22.50000000000000000, 0.000000000000000000, -5.749999999999994671 ) ) ;
#2491 = ORIENTED_EDGE ( 'NONE', *, *, #2156, .F. ) ;
#2492 = DIRECTION ( 'NONE',  ( -0.000000000000000000, -1.000000000000000000, -0.000000000000000000 ) ) ;
#2493 = EDGE_CURVE ( 'NONE', #700, #943, #1581, .T. ) ;
#2494 = EDGE_CURVE ( 'NONE', #775, #410, #772, .T. ) ;
#2495 = DIRECTION ( 'NONE',  ( 0.000000000000000000, 0.000000000000000000, -1.000000000000000000 ) ) ;
#2496 = ORIENTED_EDGE ( 'NONE', *, *, #1126, .F. ) ;
#2497 = DIRECTION ( 'NONE',  ( 0.000000000000000000, -0.000000000000000000, 1.000000000000000000 ) ) ;
#2498 = ORIENTED_EDGE ( 'NONE', *, *, #1554, .F. ) ;
#2499 = STYLED_ITEM ( 'NONE', ( #925 ), #605 ) ;
#2500 = EDGE_CURVE ( 'NONE', #499, #3011, #227, .T. ) ;
#2501 = EDGE_CURVE ( 'NONE', #2760, #291, #2821, .T. ) ;
#2502 = ORIENTED_EDGE ( 'NONE', *, *, #1732, .T. ) ;
#2503 = VERTEX_POINT ( 'NONE', #2353 ) ;
#2504 = AXIS2_PLACEMENT_3D ( 'NONE', #1009, #749, #3293 ) ;
#2505 = CARTESIAN_POINT ( 'NONE',  ( 19.08551248218999419, 27.00000000000000000, 24.50000000000000355 ) ) ;
#2506 = CARTESIAN_POINT ( 'NONE',  ( 33.49999999999999289, 0.000000000000000000, 20.25000000000000355 ) ) ;
#2507 = DIRECTION ( 'NONE',  ( 1.000000000000000000, 0.000000000000000000, -0.000000000000000000 ) ) ;
#2508 = AXIS2_PLACEMENT_3D ( 'NONE', #1613, #783, #2393 ) ;
#2509 = AXIS2_PLACEMENT_3D ( 'NONE', #3199, #11, #3414 ) ;
#2510 = EDGE_LOOP ( 'NONE', ( #766, #1694, #139, #37 ) ) ;
#2511 = AXIS2_PLACEMENT_3D ( 'NONE', #56, #3221, #1436 ) ;
#2512 = CIRCLE ( 'NONE', #3004, 1.364499712793995734 ) ;
#2513 = CARTESIAN_POINT ( 'NONE',  ( 29.50000000000000000, 3.000000000000000000, -7.249999999999996447 ) ) ;
#2514 = CARTESIAN_POINT ( 'NONE',  ( 19.08551248218999419, 0.000000000000000000, 24.50000000000000355 ) ) ;
#2515 = CARTESIAN_POINT ( 'NONE',  ( 29.50000000000000000, 0.000000000000000000, -20.24999999999999645 ) ) ;
#2516 = ORIENTED_EDGE ( 'NONE', *, *, #1388, .F. ) ;
#2517 = LINE ( 'NONE', #119, #1822 ) ;
#2518 = EDGE_LOOP ( 'NONE', ( #822, #3026, #2876, #1049 ) ) ;
#2519 = DIRECTION ( 'NONE',  ( 0.000000000000000000, 0.000000000000000000, -1.000000000000000000 ) ) ;
#2520 = CARTESIAN_POINT ( 'NONE',  ( 22.50000000000000000, 27.00000000000000000, 7.250000000000004441 ) ) ;
#2521 = EDGE_CURVE ( 'NONE', #2266, #3362, #1263, .T. ) ;
#2522 = EDGE_LOOP ( 'NONE', ( #145, #735, #1869, #2988 ) ) ;
#2523 = ADVANCED_FACE ( 'NONE', ( #1035 ), #1698, .F. ) ;
#2524 = FACE_OUTER_BOUND ( 'NONE', #2834, .T. ) ;
#2525 = FACE_OUTER_BOUND ( 'NONE', #2573, .T. ) ;
#2526 = ORIENTED_EDGE ( 'NONE', *, *, #1628, .T. ) ;
#2527 = DIRECTION ( 'NONE',  ( 0.000000000000000000, 0.000000000000000000, 1.000000000000000000 ) ) ;
#2528 = DIRECTION ( 'NONE',  ( 0.000000000000000000, -0.000000000000000000, 1.000000000000000000 ) ) ;
#2529 = LINE ( 'NONE', #3310, #1933 ) ;
#2530 = PLANE ( 'NONE',  #112 ) ;
#2531 = VERTEX_POINT ( 'NONE', #3138 ) ;
#2532 = ORIENTED_EDGE ( 'NONE', *, *, #1447, .T. ) ;
#2533 = FACE_OUTER_BOUND ( 'NONE', #286, .T. ) ;
#2534 = DIRECTION ( 'NONE',  ( -0.000000000000000000, -1.000000000000000000, -0.000000000000000000 ) ) ;
#2535 = ORIENTED_EDGE ( 'NONE', *, *, #2078, .T. ) ;
#2536 = DIRECTION ( 'NONE',  ( 0.000000000000000000, 0.000000000000000000, -1.000000000000000000 ) ) ;
#2537 = ORIENTED_EDGE ( 'NONE', *, *, #3356, .F. ) ;
#2538 = ADVANCED_FACE ( 'NONE', ( #364 ), #2952, .F. ) ;
#2539 = ADVANCED_FACE ( 'NONE', ( #1139 ), #2430, .T. ) ;
#2540 = DIRECTION ( 'NONE',  ( -1.000000000000000000, -0.000000000000000000, 7.709882115452476934E-17 ) ) ;
#2541 = FACE_OUTER_BOUND ( 'NONE', #220, .T. ) ;
#2542 = LINE ( 'NONE', #672, #1178 ) ;
#2543 = ORIENTED_EDGE ( 'NONE', *, *, #574, .T. ) ;
#2544 = ADVANCED_FACE ( 'NONE', ( #2463 ), #328, .F. ) ;
#2545 = FACE_BOUND ( 'NONE', #1348, .T. ) ;
#2546 = LINE ( 'NONE', #3266, #288 ) ;
#2547 = ORIENTED_EDGE ( 'NONE', *, *, #704, .T. ) ;
#2548 = ORIENTED_EDGE ( 'NONE', *, *, #1872, .T. ) ;
#2549 = PLANE ( 'NONE',  #2943 ) ;
#2550 = CARTESIAN_POINT ( 'NONE',  ( -1.000000000000007772, 0.000000000000000000, 6.500000000000005329 ) ) ;
#2551 = ORIENTED_EDGE ( 'NONE', *, *, #1689, .F. ) ;
#2552 = VECTOR ( 'NONE', #2492, 1000.000000000000000 ) ;
#2553 = ORIENTED_EDGE ( 'NONE', *, *, #1968, .T. ) ;
#2554 = VECTOR ( 'NONE', #3201, 1000.000000000000000 ) ;
#2555 = LINE ( 'NONE', #2048, #693 ) ;
#2556 = FACE_OUTER_BOUND ( 'NONE', #3050, .T. ) ;
#2557 = ORIENTED_EDGE ( 'NONE', *, *, #2859, .T. ) ;
#2558 = AXIS2_PLACEMENT_3D ( 'NONE', #525, #2686, #97 ) ;
#2559 = AXIS2_PLACEMENT_3D ( 'NONE', #2560, #2314, #595 ) ;
#2560 = CARTESIAN_POINT ( 'NONE',  ( 19.08551248218999419, 27.00000000000000000, -24.49999999999999289 ) ) ;
#2561 = TOROIDAL_SURFACE ( 'NONE', #2508, 3.500000000000002665, 1.000000000000000000 ) ;
#2562 = AXIS2_PLACEMENT_3D ( 'NONE', #221, #2416, #1339 ) ;
#2563 = FACE_BOUND ( 'NONE', #930, .T. ) ;
#2564 = DIRECTION ( 'NONE',  ( -0.000000000000000000, -1.000000000000000000, -0.000000000000000000 ) ) ;
#2565 = EDGE_CURVE ( 'NONE', #342, #2724, #51, .T. ) ;
#2566 = DIRECTION ( 'NONE',  ( 1.000000000000000000, 0.000000000000000000, -0.000000000000000000 ) ) ;
#2567 = VECTOR ( 'NONE', #1656, 1000.000000000000000 ) ;
#2568 = VECTOR ( 'NONE', #3211, 1000.000000000000000 ) ;
#2569 = CARTESIAN_POINT ( 'NONE',  ( -33.49999999999999289, 27.00000000000000000, 5.750000000000003553 ) ) ;
#2570 = DIRECTION ( 'NONE',  ( -1.000000000000000000, 0.000000000000000000, -0.000000000000000000 ) ) ;
#2571 = CIRCLE ( 'NONE', #347, 1.364499712793999064 ) ;
#2572 = VERTEX_POINT ( 'NONE', #83 ) ;
#2573 = EDGE_LOOP ( 'NONE', ( #3020, #816, #2535, #2874 ) ) ;
#2574 = LINE ( 'NONE', #423, #292 ) ;
#2575 = DIRECTION ( 'NONE',  ( 0.000000000000000000, 0.000000000000000000, -1.000000000000000000 ) ) ;
#2576 = LINE ( 'NONE', #2107, #1129 ) ;
#2577 = DIRECTION ( 'NONE',  ( -0.000000000000000000, -1.000000000000000000, -0.000000000000000000 ) ) ;
#2578 = ORIENTED_EDGE ( 'NONE', *, *, #657, .F. ) ;
#2579 = LINE ( 'NONE', #3280, #1072 ) ;
#2580 = FACE_OUTER_BOUND ( 'NONE', #1915, .T. ) ;
#2581 = VERTEX_POINT ( 'NONE', #872 ) ;
#2582 = LINE ( 'NONE', #188, #1816 ) ;
#2583 = CARTESIAN_POINT ( 'NONE',  ( 0.000000000000000000, 3.000000000000000000, 5.750000000000003553 ) ) ;
#2584 = CARTESIAN_POINT ( 'NONE',  ( -39.00000000000000711, 0.000000000000000000, -25.86449971279399307 ) ) ;
#2585 = LINE ( 'NONE', #226, #1252 ) ;
#2586 = EDGE_CURVE ( 'NONE', #3306, #496, #2736, .T. ) ;
#2587 = ADVANCED_FACE ( 'NONE', ( #2891 ), #2476, .F. ) ;
#2588 = ORIENTED_EDGE ( 'NONE', *, *, #261, .F. ) ;
#2589 = ORIENTED_EDGE ( 'NONE', *, *, #2501, .F. ) ;
#2590 = DIRECTION ( 'NONE',  ( -0.000000000000000000, -0.000000000000000000, 1.000000000000000000 ) ) ;
#2591 = ORIENTED_EDGE ( 'NONE', *, *, #1916, .T. ) ;
#2592 = LINE ( 'NONE', #990, #859 ) ;
#2593 = EDGE_LOOP ( 'NONE', ( #745, #1776, #2165, #2946 ) ) ;
#2594 = CARTESIAN_POINT ( 'NONE',  ( -29.49999999999999645, 27.00000000000000000, -18.74999999999999645 ) ) ;
#2595 = DIRECTION ( 'NONE',  ( 0.000000000000000000, 0.000000000000000000, -1.000000000000000000 ) ) ;
#2596 = CARTESIAN_POINT ( 'NONE',  ( -45.00000000000000000, 3.000000000000000000, -29.50000000000000000 ) ) ;
#2597 = ORIENTED_EDGE ( 'NONE', *, *, #2959, .T. ) ;
#2598 = LINE ( 'NONE', #2583, #1589 ) ;
#2599 = CARTESIAN_POINT ( 'NONE',  ( -39.00000000000000711, 27.00000000000000000, 22.00000000000000355 ) ) ;
#2600 = LINE ( 'NONE', #1296, #564 ) ;
#2601 = DIRECTION ( 'NONE',  ( 0.000000000000000000, 0.000000000000000000, -1.000000000000000000 ) ) ;
#2602 = ORIENTED_EDGE ( 'NONE', *, *, #774, .T. ) ;
#2603 = LINE ( 'NONE', #2847, #3387 ) ;
#2604 = ORIENTED_EDGE ( 'NONE', *, *, #1281, .F. ) ;
#2605 = EDGE_CURVE ( 'NONE', #579, #2448, #314, .T. ) ;
#2606 = DIRECTION ( 'NONE',  ( 0.000000000000000000, 0.000000000000000000, -1.000000000000000000 ) ) ;
#2607 = ORIENTED_EDGE ( 'NONE', *, *, #1554, .T. ) ;
#2608 = CARTESIAN_POINT ( 'NONE',  ( 33.49999999999999289, 0.000000000000000000, -5.749999999999994671 ) ) ;
#2609 = ORIENTED_EDGE ( 'NONE', *, *, #3109, .T. ) ;
#2610 = EDGE_CURVE ( 'NONE', #1036, #2763, #3260, .T. ) ;
#2611 = EDGE_CURVE ( 'NONE', #863, #2531, #711, .T. ) ;
#2612 = CARTESIAN_POINT ( 'NONE',  ( -29.49999999999999645, 27.00000000000000000, -18.74999999999999645 ) ) ;
#2613 = CARTESIAN_POINT ( 'NONE',  ( 19.08551248218999419, 27.00000000000000000, 27.00000000000000355 ) ) ;
#2614 = ORIENTED_EDGE ( 'NONE', *, *, #1142, .T. ) ;
#2615 = VECTOR ( 'NONE', #1739, 1000.000000000000000 ) ;
#2616 = DIRECTION ( 'NONE',  ( 0.000000000000000000, 0.000000000000000000, -1.000000000000000000 ) ) ;
#2617 = VECTOR ( 'NONE', #2271, 1000.000000000000000 ) ;
#2618 = VECTOR ( 'NONE', #1846, 1000.000000000000000 ) ;
#2619 = CARTESIAN_POINT ( 'NONE',  ( 0.000000000000000000, 3.000000000000000000, -7.249999999999996447 ) ) ;
#2620 = ORIENTED_EDGE ( 'NONE', *, *, #655, .F. ) ;
#2621 = DIRECTION ( 'NONE',  ( 0.000000000000000000, 0.000000000000000000, 1.000000000000000000 ) ) ;
#2622 = AXIS2_PLACEMENT_3D ( 'NONE', #2385, #4, #2621 ) ;
#2623 = ORIENTED_EDGE ( 'NONE', *, *, #192, .T. ) ;
#2624 = CARTESIAN_POINT ( 'NONE',  ( -33.49999999999999289, 2.999999999999999112, -18.74999999999999645 ) ) ;
#2625 = VECTOR ( 'NONE', #1910, 1000.000000000000000 ) ;
#2626 = AXIS2_PLACEMENT_3D ( 'NONE', #2505, #132, #1804 ) ;
#2627 = CARTESIAN_POINT ( 'NONE',  ( -33.49999999999999289, 27.00000000000000000, -20.24999999999999645 ) ) ;
#2628 = ORIENTED_EDGE ( 'NONE', *, *, #856, .T. ) ;
#2629 = LINE ( 'NONE', #3411, #1649 ) ;
#2630 = VERTEX_POINT ( 'NONE', #1481 ) ;
#2631 = FACE_OUTER_BOUND ( 'NONE', #8, .T. ) ;
#2632 = EDGE_CURVE ( 'NONE', #1969, #2134, #1806, .T. ) ;
#2633 = EDGE_CURVE ( 'NONE', #1621, #179, #727, .T. ) ;
#2634 = CARTESIAN_POINT ( 'NONE',  ( 29.50000000000000000, 3.000000000000000000, -26.00000000000000000 ) ) ;
#2635 = VERTEX_POINT ( 'NONE', #2815 ) ;
#2636 = DIRECTION ( 'NONE',  ( -0.000000000000000000, -1.000000000000000000, -0.000000000000000000 ) ) ;
#2637 = CARTESIAN_POINT ( 'NONE',  ( -39.00000000000000711, 4.000000000000000000, -24.49999999999999289 ) ) ;
#2638 = ORIENTED_EDGE ( 'NONE', *, *, #1167, .T. ) ;
#2639 = DIRECTION ( 'NONE',  ( 0.000000000000000000, 0.000000000000000000, -1.000000000000000000 ) ) ;
#2640 = VERTEX_POINT ( 'NONE', #133 ) ;
#2641 = LINE ( 'NONE', #3142, #1461 ) ;
#2642 = DIRECTION ( 'NONE',  ( -0.000000000000000000, -1.000000000000000000, -0.000000000000000000 ) ) ;
#2643 = EDGE_LOOP ( 'NONE', ( #2099, #929, #2852, #58 ) ) ;
#2644 = ORIENTED_EDGE ( 'NONE', *, *, #1957, .F. ) ;
#2645 = DIRECTION ( 'NONE',  ( 1.000000000000000000, -0.000000000000000000, 0.000000000000000000 ) ) ;
#2646 = EDGE_LOOP ( 'NONE', ( #2373, #2927, #1661, #82 ) ) ;
#2647 =( LENGTH_UNIT ( ) NAMED_UNIT ( * ) SI_UNIT ( .MILLI., .METRE. ) );
#2648 = EDGE_CURVE ( 'NONE', #606, #3262, #3018, .T. ) ;
#2649 = EDGE_CURVE ( 'NONE', #1559, #1378, #1642, .T. ) ;
#2650 = DIRECTION ( 'NONE',  ( -1.000000000000000000, 0.000000000000000000, 0.000000000000000000 ) ) ;
#2651 = ADVANCED_FACE ( 'NONE', ( #2541 ), #444, .F. ) ;
#2652 = EDGE_LOOP ( 'NONE', ( #301, #1456 ) ) ;
#2653 = CARTESIAN_POINT ( 'NONE',  ( 45.00000000000000000, 3.000000000000000000, 29.49999999999998934 ) ) ;
#2654 = ORIENTED_EDGE ( 'NONE', *, *, #1831, .F. ) ;
#2655 = DIRECTION ( 'NONE',  ( -1.000000000000000000, 0.000000000000000000, 0.000000000000000000 ) ) ;
#2656 = ORIENTED_EDGE ( 'NONE', *, *, #2939, .F. ) ;
#2657 = EDGE_LOOP ( 'NONE', ( #2108, #3348, #150, #1400 ) ) ;
#2658 = CARTESIAN_POINT ( 'NONE',  ( -33.49999999999999289, 3.000000000000000000, 5.750000000000003553 ) ) ;
#2659 = LINE ( 'NONE', #596, #799 ) ;
#2660 = LINE ( 'NONE', #2219, #355 ) ;
#2661 = CYLINDRICAL_SURFACE ( 'NONE', #2509, 2.499999999999998668 ) ;
#2662 = ORIENTED_EDGE ( 'NONE', *, *, #2922, .T. ) ;
#2663 = CIRCLE ( 'NONE', #1012, 1.364499712793995734 ) ;
#2664 = DIRECTION ( 'NONE',  ( 0.000000000000000000, 0.000000000000000000, 1.000000000000000000 ) ) ;
#2665 = VECTOR ( 'NONE', #1948, 1000.000000000000000 ) ;
#2666 = CARTESIAN_POINT ( 'NONE',  ( 22.50000000000000000, 27.00000000000000000, 20.25000000000000355 ) ) ;
#2667 = CIRCLE ( 'NONE', #2084, 1.364499712793999064 ) ;
#2668 = EDGE_CURVE ( 'NONE', #2773, #421, #1588, .T. ) ;
#2669 = ADVANCED_FACE ( 'NONE', ( #993 ), #3292, .F. ) ;
#2670 = EDGE_LOOP ( 'NONE', ( #1098, #2097, #1316, #477 ) ) ;
#2671 = CYLINDRICAL_SURFACE ( 'NONE', #2731, 2.499999999999998668 ) ;
#2672 = EDGE_LOOP ( 'NONE', ( #386, #2273, #3360, #1820 ) ) ;
#2673 = VECTOR ( 'NONE', #758, 1000.000000000000000 ) ;
#2674 = VECTOR ( 'NONE', #2272, 1000.000000000000000 ) ;
#2675 = VECTOR ( 'NONE', #1861, 1000.000000000000000 ) ;
#2676 = VECTOR ( 'NONE', #160, 1000.000000000000000 ) ;
#2677 = ORIENTED_EDGE ( 'NONE', *, *, #3276, .T. ) ;
#2678 = ORIENTED_EDGE ( 'NONE', *, *, #487, .F. ) ;
#2679 = DIRECTION ( 'NONE',  ( -0.000000000000000000, -0.000000000000000000, 1.000000000000000000 ) ) ;
#2680 = VECTOR ( 'NONE', #1539, 1000.000000000000000 ) ;
#2681 = VECTOR ( 'NONE', #1679, 1000.000000000000000 ) ;
#2682 = CARTESIAN_POINT ( 'NONE',  ( -29.49999999999999645, 27.00000000000000000, -18.74999999999999645 ) ) ;
#2683 = CARTESIAN_POINT ( 'NONE',  ( 45.00000000000000000, 3.000000000000000000, 32.49999999999998579 ) ) ;
#2684 = LINE ( 'NONE', #312, #1934 ) ;
#2685 = ORIENTED_EDGE ( 'NONE', *, *, #2252, .F. ) ;
#2686 = DIRECTION ( 'NONE',  ( 1.000000000000000000, -0.000000000000000000, 0.000000000000000000 ) ) ;
#2687 = DIRECTION ( 'NONE',  ( 0.000000000000000000, 0.000000000000000000, 1.000000000000000000 ) ) ;
#2688 = VERTEX_POINT ( 'NONE', #1255 ) ;
#2689 = PLANE ( 'NONE',  #1344 ) ;
#2690 = EDGE_CURVE ( 'NONE', #1221, #1932, #2579, .T. ) ;
#2691 = EDGE_CURVE ( 'NONE', #1130, #3006, #746, .T. ) ;
#2692 = ORIENTED_EDGE ( 'NONE', *, *, #1329, .T. ) ;
#2693 = DIRECTION ( 'NONE',  ( 0.000000000000000000, 0.000000000000000000, -1.000000000000000000 ) ) ;
#2694 = ORIENTED_EDGE ( 'NONE', *, *, #2101, .T. ) ;
#2695 = CARTESIAN_POINT ( 'NONE',  ( -45.00000000000000000, 3.000000000000000000, 32.50000000000000000 ) ) ;
#2696 = LINE ( 'NONE', #1375, #1237 ) ;
#2697 = DIRECTION ( 'NONE',  ( -0.000000000000000000, -1.000000000000000000, -0.000000000000000000 ) ) ;
#2698 = CARTESIAN_POINT ( 'NONE',  ( 29.50000000000000000, 2.999999999999999112, 7.250000000000004441 ) ) ;
#2699 = ORIENTED_EDGE ( 'NONE', *, *, #167, .T. ) ;
#2700 = CARTESIAN_POINT ( 'NONE',  ( -29.49999999999999645, 2.999999999999999112, 20.25000000000000355 ) ) ;
#2701 = FACE_OUTER_BOUND ( 'NONE', #1990, .T. ) ;
#2702 = FILL_AREA_STYLE ('',( #1890 ) ) ;
#2703 = CARTESIAN_POINT ( 'NONE',  ( -29.49999999999999645, 0.000000000000000000, -18.74999999999999645 ) ) ;
#2704 = ORIENTED_EDGE ( 'NONE', *, *, #146, .T. ) ;
#2705 = DIRECTION ( 'NONE',  ( 0.000000000000000000, 1.000000000000000000, 0.000000000000000000 ) ) ;
#2706 = ORIENTED_EDGE ( 'NONE', *, *, #793, .T. ) ;
#2707 = ORIENTED_EDGE ( 'NONE', *, *, #1160, .F. ) ;
#2708 = CARTESIAN_POINT ( 'NONE',  ( 40.49999999999999289, 27.00000000000000000, 20.25000000000000355 ) ) ;
#2709 = FACE_OUTER_BOUND ( 'NONE', #947, .T. ) ;
#2710 = EDGE_CURVE ( 'NONE', #1042, #342, #1173, .T. ) ;
#2711 = ORIENTED_EDGE ( 'NONE', *, *, #1957, .T. ) ;
#2712 = EDGE_CURVE ( 'NONE', #1325, #686, #2780, .T. ) ;
#2713 = CARTESIAN_POINT ( 'NONE',  ( -22.49999999999999645, 0.000000000000000000, 7.250000000000004441 ) ) ;
#2714 = DIRECTION ( 'NONE',  ( 0.000000000000000000, 0.000000000000000000, -1.000000000000000000 ) ) ;
#2715 = LINE ( 'NONE', #553, #1525 ) ;
#2716 = AXIS2_PLACEMENT_3D ( 'NONE', #1634, #1434, #888 ) ;
#2717 = LINE ( 'NONE', #1670, #392 ) ;
#2718 = VECTOR ( 'NONE', #857, 1000.000000000000000 ) ;
#2719 = CARTESIAN_POINT ( 'NONE',  ( 41.99999999999999289, 3.000000000000000000, -29.50000000000000711 ) ) ;
#2720 = ORIENTED_EDGE ( 'NONE', *, *, #43, .T. ) ;
#2721 = CARTESIAN_POINT ( 'NONE',  ( -45.00000000000000000, 3.000000000000000000, -32.50000000000000000 ) ) ;
#2722 = AXIS2_PLACEMENT_3D ( 'NONE', #1644, #848, #1357 ) ;
#2723 = CIRCLE ( 'NONE', #2559, 1.364499712793995734 ) ;
#2724 = VERTEX_POINT ( 'NONE', #3346 ) ;
#2725 = DIRECTION ( 'NONE',  ( 1.000000000000000000, -0.000000000000000000, 0.000000000000000000 ) ) ;
#2726 = AXIS2_PLACEMENT_3D ( 'NONE', #3010, #2740, #2495 ) ;
#2727 = AXIS2_PLACEMENT_3D ( 'NONE', #430, #415, #1502 ) ;
#2728 = CARTESIAN_POINT ( 'NONE',  ( -33.49999999999999289, 3.000000000000000000, 18.75000000000000355 ) ) ;
#2729 = PLANE ( 'NONE',  #3120 ) ;
#2730 = ORIENTED_EDGE ( 'NONE', *, *, #3021, .F. ) ;
#2731 = AXIS2_PLACEMENT_3D ( 'NONE', #302, #2372, #3406 ) ;
#2732 = CIRCLE ( 'NONE', #1181, 3.500000000000003109 ) ;
#2733 = ADVANCED_FACE ( 'NONE', ( #414 ), #2561, .F. ) ;
#2734 = STYLED_ITEM ( 'NONE', ( #2935 ), #2309 ) ;
#2735 = VECTOR ( 'NONE', #1620, 1000.000000000000000 ) ;
#2736 = LINE ( 'NONE', #2713, #2238 ) ;
#2737 = DIRECTION ( 'NONE',  ( 0.000000000000000000, 0.000000000000000000, 1.000000000000000000 ) ) ;
#2738 = CARTESIAN_POINT ( 'NONE',  ( -1.000000000000007772, 2.999999999999999112, -6.000347999474632488 ) ) ;
#2739 = FACE_OUTER_BOUND ( 'NONE', #3146, .T. ) ;
#2740 = DIRECTION ( 'NONE',  ( -0.000000000000000000, -1.000000000000000000, -0.000000000000000000 ) ) ;
#2741 = ORIENTED_EDGE ( 'NONE', *, *, #1653, .F. ) ;
#2742 = FACE_BOUND ( 'NONE', #1838, .T. ) ;
#2743 = ORIENTED_EDGE ( 'NONE', *, *, #709, .F. ) ;
#2744 = CARTESIAN_POINT ( 'NONE',  ( -39.00000000000000711, 27.00000000000000000, -26.99999999999999645 ) ) ;
#2745 = DIRECTION ( 'NONE',  ( 0.000000000000000000, 0.000000000000000000, 1.000000000000000000 ) ) ;
#2746 = DIRECTION ( 'NONE',  ( 0.000000000000000000, 0.000000000000000000, 1.000000000000000000 ) ) ;
#2747 = DIRECTION ( 'NONE',  ( 0.000000000000000000, 0.000000000000000000, -1.000000000000000000 ) ) ;
#2748 = ORIENTED_EDGE ( 'NONE', *, *, #1900, .F. ) ;
#2749 = CARTESIAN_POINT ( 'NONE',  ( -33.49999999999999289, 0.000000000000000000, -18.74999999999999645 ) ) ;
#2750 = DIRECTION ( 'NONE',  ( -0.000000000000000000, -1.000000000000000000, -0.000000000000000000 ) ) ;
#2751 = CARTESIAN_POINT ( 'NONE',  ( 19.08551248218999419, 0.000000000000000000, -23.13550028720599983 ) ) ;
#2752 = ORIENTED_EDGE ( 'NONE', *, *, #1345, .T. ) ;
#2753 = ADVANCED_FACE ( 'NONE', ( #2524 ), #480, .F. ) ;
#2754 = SURFACE_STYLE_USAGE ( .BOTH. , #1773 ) ;
#2755 = EDGE_CURVE ( 'NONE', #1165, #253, #3365, .T. ) ;
#2756 = ADVANCED_FACE ( 'NONE', ( #2883 ), #2918, .F. ) ;
#2757 = CARTESIAN_POINT ( 'NONE',  ( -39.00000000000000711, 27.00000000000000000, 24.50000000000000355 ) ) ;
#2758 = ADVANCED_FACE ( 'NONE', ( #2363 ), #3399, .F. ) ;
#2759 = CARTESIAN_POINT ( 'NONE',  ( -29.49999999999999645, 0.000000000000000000, 5.750000000000003553 ) ) ;
#2760 = VERTEX_POINT ( 'NONE', #489 ) ;
#2761 = CARTESIAN_POINT ( 'NONE',  ( -29.49999999999999645, 3.000000000000000000, -39.00000000000000000 ) ) ;
#2762 = ORIENTED_EDGE ( 'NONE', *, *, #1968, .F. ) ;
#2763 = VERTEX_POINT ( 'NONE', #2280 ) ;
#2764 = ORIENTED_EDGE ( 'NONE', *, *, #3109, .F. ) ;
#2765 = PLANE ( 'NONE',  #1886 ) ;
#2766 = CARTESIAN_POINT ( 'NONE',  ( -33.49999999999999289, 3.000000000000000000, -13.00000000000000000 ) ) ;
#2767 = ORIENTED_EDGE ( 'NONE', *, *, #1731, .T. ) ;
#2768 = DIRECTION ( 'NONE',  ( -0.000000000000000000, -1.000000000000000000, -0.000000000000000000 ) ) ;
#2769 = DIRECTION ( 'NONE',  ( 0.000000000000000000, 1.000000000000000000, 0.000000000000000000 ) ) ;
#2770 = EDGE_CURVE ( 'NONE', #1953, #439, #2603, .T. ) ;
#2771 = VERTEX_POINT ( 'NONE', #3338 ) ;
#2772 = FACE_BOUND ( 'NONE', #2221, .T. ) ;
#2773 = VERTEX_POINT ( 'NONE', #683 ) ;
#2774 = CARTESIAN_POINT ( 'NONE',  ( 22.50000000000000000, 0.000000000000000000, 20.25000000000000355 ) ) ;
#2775 = PRESENTATION_LAYER_ASSIGNMENT (  '', '', ( #2499 ) ) ;
#2776 = LINE ( 'NONE', #1248, #2676 ) ;
#2777 = ORIENTED_EDGE ( 'NONE', *, *, #1008, .F. ) ;
#2778 = ORIENTED_EDGE ( 'NONE', *, *, #43, .F. ) ;
#2779 = VECTOR ( 'NONE', #3261, 1000.000000000000000 ) ;
#2780 = LINE ( 'NONE', #2766, #185 ) ;
#2781 = CARTESIAN_POINT ( 'NONE',  ( -40.50000000000000000, 0.000000000000000000, -5.749999999999994671 ) ) ;
#2782 = AXIS2_PLACEMENT_3D ( 'NONE', #2612, #205, #239 ) ;
#2783 = AXIS2_PLACEMENT_3D ( 'NONE', #1168, #341, #326 ) ;
#2784 = ORIENTED_EDGE ( 'NONE', *, *, #1570, .T. ) ;
#2785 = CARTESIAN_POINT ( 'NONE',  ( 40.49999999999999289, 3.000000000000000000, -7.249999999999996447 ) ) ;
#2786 =( GEOMETRIC_REPRESENTATION_CONTEXT ( 3 ) GLOBAL_UNCERTAINTY_ASSIGNED_CONTEXT ( ( #2368 ) ) GLOBAL_UNIT_ASSIGNED_CONTEXT ( ( #1424, #1245, #125 ) ) REPRESENTATION_CONTEXT ( 'NONE', 'WORKASPACE' ) );
#2787 = VECTOR ( 'NONE', #2375, 1000.000000000000000 ) ;
#2788 = FACE_BOUND ( 'NONE', #1941, .T. ) ;
#2789 = LINE ( 'NONE', #979, #3326 ) ;
#2790 = DIRECTION ( 'NONE',  ( 0.000000000000000000, 1.000000000000000000, 0.000000000000000000 ) ) ;
#2791 = ORIENTED_EDGE ( 'NONE', *, *, #2975, .F. ) ;
#2792 = ORIENTED_EDGE ( 'NONE', *, *, #2632, .T. ) ;
#2793 = CARTESIAN_POINT ( 'NONE',  ( 33.49999999999999289, 0.000000000000000000, -20.24999999999999645 ) ) ;
#2794 = EDGE_CURVE ( 'NONE', #2217, #2635, #1216, .T. ) ;
#2795 = ADVANCED_FACE ( 'NONE', ( #1000 ), #1490, .F. ) ;
#2796 = CARTESIAN_POINT ( 'NONE',  ( 19.08551248218999419, 4.000000000000000000, -24.49999999999999289 ) ) ;
#2797 = LINE ( 'NONE', #3049, #1870 ) ;
#2798 = ORIENTED_EDGE ( 'NONE', *, *, #1616, .T. ) ;
#2799 = ORIENTED_EDGE ( 'NONE', *, *, #837, .T. ) ;
#2800 = DIRECTION ( 'NONE',  ( 0.000000000000000000, 0.000000000000000000, -1.000000000000000000 ) ) ;
#2801 = CARTESIAN_POINT ( 'NONE',  ( -45.00000000000000000, 3.000000000000000000, 29.50000000000000355 ) ) ;
#2802 = CARTESIAN_POINT ( 'NONE',  ( 33.49999999999999289, 27.00000000000000000, 20.25000000000000355 ) ) ;
#2803 = ORIENTED_EDGE ( 'NONE', *, *, #65, .T. ) ;
#2804 = FACE_BOUND ( 'NONE', #560, .T. ) ;
#2805 = FACE_OUTER_BOUND ( 'NONE', #1227, .T. ) ;
#2806 = EDGE_LOOP ( 'NONE', ( #2422, #2799, #400, #1991 ) ) ;
#2807 = PLANE ( 'NONE',  #969 ) ;
#2808 = EDGE_LOOP ( 'NONE', ( #2614, #826, #2706, #3394 ) ) ;
#2809 = CARTESIAN_POINT ( 'NONE',  ( 45.00000000000000000, 0.000000000000000000, 29.49999999999998934 ) ) ;
#2810 = DIRECTION ( 'NONE',  ( 0.000000000000000000, 1.000000000000000000, 0.000000000000000000 ) ) ;
#2811 = ORIENTED_EDGE ( 'NONE', *, *, #2276, .T. ) ;
#2812 = DIRECTION ( 'NONE',  ( 0.000000000000000000, 1.000000000000000000, 0.000000000000000000 ) ) ;
#2813 = ADVANCED_FACE ( 'NONE', ( #2042 ), #2807, .F. ) ;
#2814 = EDGE_CURVE ( 'NONE', #3016, #1017, #2072, .T. ) ;
#2815 = CARTESIAN_POINT ( 'NONE',  ( 45.00000000000000000, 0.000000000000000000, -29.50000000000001066 ) ) ;
#2816 = CARTESIAN_POINT ( 'NONE',  ( -40.50000000000000000, 27.00000000000000000, -5.749999999999994671 ) ) ;
#2817 = VERTEX_POINT ( 'NONE', #1037 ) ;
#2818 = CARTESIAN_POINT ( 'NONE',  ( 19.08551248218999419, 4.000000000000000000, -27.99999999999999289 ) ) ;
#2819 = CARTESIAN_POINT ( 'NONE',  ( 29.50000000000000000, 0.000000000000000000, -7.249999999999996447 ) ) ;
#2820 = CARTESIAN_POINT ( 'NONE',  ( -45.00000000000000000, 3.000000000000000000, -29.50000000000000000 ) ) ;
#2821 = LINE ( 'NONE', #195, #2835 ) ;
#2822 = ORIENTED_EDGE ( 'NONE', *, *, #1410, .F. ) ;
#2823 = VERTEX_POINT ( 'NONE', #2653 ) ;
#2824 = LINE ( 'NONE', #2774, #69 ) ;
#2825 = DIRECTION ( 'NONE',  ( 1.000000000000000000, 0.000000000000000000, 0.000000000000000000 ) ) ;
#2826 = ORIENTED_EDGE ( 'NONE', *, *, #837, .F. ) ;
#2827 = CARTESIAN_POINT ( 'NONE',  ( 29.50000000000000000, 2.999999999999999112, 20.25000000000000355 ) ) ;
#2828 = VECTOR ( 'NONE', #2034, 1000.000000000000000 ) ;
#2829 = ORIENTED_EDGE ( 'NONE', *, *, #1261, .F. ) ;
#2830 = CIRCLE ( 'NONE', #1349, 3.499999999999999556 ) ;
#2831 = DIRECTION ( 'NONE',  ( -1.000000000000000000, 0.000000000000000000, -0.000000000000000000 ) ) ;
#2832 = CARTESIAN_POINT ( 'NONE',  ( -39.00000000000000711, 27.00000000000000000, 24.50000000000000355 ) ) ;
#2833 = DIRECTION ( 'NONE',  ( 0.000000000000000000, 0.000000000000000000, 1.000000000000000000 ) ) ;
#2834 = EDGE_LOOP ( 'NONE', ( #2254, #558, #718, #1847 ) ) ;
#2835 = VECTOR ( 'NONE', #1299, 1000.000000000000000 ) ;
#2836 = VECTOR ( 'NONE', #818, 1000.000000000000000 ) ;
#2837 = CARTESIAN_POINT ( 'NONE',  ( 0.000000000000000000, 3.000000000000000000, 7.250000000000004441 ) ) ;
#2838 = ADVANCED_FACE ( 'NONE', ( #3155 ), #2910, .F. ) ;
#2839 = EDGE_CURVE ( 'NONE', #790, #3396, #2893, .T. ) ;
#2840 = VECTOR ( 'NONE', #3203, 1000.000000000000000 ) ;
#2841 = AXIS2_PLACEMENT_3D ( 'NONE', #240, #1311, #1562 ) ;
#2842 = CARTESIAN_POINT ( 'NONE',  ( 33.49999999999999289, 3.000000000000000000, 0.000000000000000000 ) ) ;
#2843 = DIRECTION ( 'NONE',  ( -0.000000000000000000, -0.000000000000000000, 1.000000000000000000 ) ) ;
#2844 = AXIS2_PLACEMENT_3D ( 'NONE', #1189, #2235, #2746 ) ;
#2845 = DIRECTION ( 'NONE',  ( 0.000000000000000000, 0.000000000000000000, 1.000000000000000000 ) ) ;
#2846 = EDGE_LOOP ( 'NONE', ( #2117, #2071, #1267, #764 ) ) ;
#2847 = CARTESIAN_POINT ( 'NONE',  ( 0.000000000000000000, 3.000000000000000000, -18.74999999999999645 ) ) ;
#2848 = ORIENTED_EDGE ( 'NONE', *, *, #823, .T. ) ;
#2849 = DIRECTION ( 'NONE',  ( 1.000000000000000000, 0.000000000000000000, 0.000000000000000000 ) ) ;
#2850 = CARTESIAN_POINT ( 'NONE',  ( -40.50000000000000000, 0.000000000000000000, -18.74999999999999645 ) ) ;
#2851 = DIRECTION ( 'NONE',  ( -1.000000000000000000, -0.000000000000000000, -0.000000000000000000 ) ) ;
#2852 = ORIENTED_EDGE ( 'NONE', *, *, #324, .F. ) ;
#2853 = LINE ( 'NONE', #3361, #1977 ) ;
#2854 = VERTEX_POINT ( 'NONE', #265 ) ;
#2855 = FACE_OUTER_BOUND ( 'NONE', #810, .T. ) ;
#2856 = DIRECTION ( 'NONE',  ( 0.000000000000000000, 0.000000000000000000, -1.000000000000000000 ) ) ;
#2857 = ORIENTED_EDGE ( 'NONE', *, *, #1715, .F. ) ;
#2858 = DIRECTION ( 'NONE',  ( 0.000000000000000000, 0.000000000000000000, -1.000000000000000000 ) ) ;
#2859 = EDGE_CURVE ( 'NONE', #2572, #2379, #1347, .T. ) ;
#2860 = CARTESIAN_POINT ( 'NONE',  ( 22.50000000000000000, 0.000000000000000000, -7.249999999999996447 ) ) ;
#2861 = EDGE_CURVE ( 'NONE', #384, #2023, #806, .T. ) ;
#2862 = EDGE_CURVE ( 'NONE', #391, #2771, #2104, .T. ) ;
#2863 = VERTEX_POINT ( 'NONE', #556 ) ;
#2864 = ORIENTED_EDGE ( 'NONE', *, *, #2424, .F. ) ;
#2865 = CARTESIAN_POINT ( 'NONE',  ( -40.50000000000000000, 0.000000000000000000, 20.25000000000000355 ) ) ;
#2866 = CARTESIAN_POINT ( 'NONE',  ( -40.50000000000000000, 27.00000000000000000, -20.24999999999999645 ) ) ;
#2867 = ORIENTED_EDGE ( 'NONE', *, *, #2275, .T. ) ;
#2868 = VERTEX_POINT ( 'NONE', #1331 ) ;
#2869 = CARTESIAN_POINT ( 'NONE',  ( 0.000000000000000000, 3.000000000000000000, -5.749999999999994671 ) ) ;
#2870 = ORIENTED_EDGE ( 'NONE', *, *, #914, .F. ) ;
#2871 = PRODUCT_DEFINITION_CONTEXT ( 'detailed design', #2247, 'design' ) ;
#2872 = DIRECTION ( 'NONE',  ( 0.000000000000000000, -0.000000000000000000, 1.000000000000000000 ) ) ;
#2873 = CARTESIAN_POINT ( 'NONE',  ( -22.49999999999999645, 2.999999999999999112, 20.25000000000000355 ) ) ;
#2874 = ORIENTED_EDGE ( 'NONE', *, *, #48, .F. ) ;
#2875 = DIRECTION ( 'NONE',  ( 0.000000000000000000, 0.000000000000000000, -1.000000000000000000 ) ) ;
#2876 = ORIENTED_EDGE ( 'NONE', *, *, #1691, .T. ) ;
#2877 = ADVANCED_FACE ( 'NONE', ( #1633 ), #2671, .T. ) ;
#2878 = EDGE_CURVE ( 'NONE', #2359, #2269, #1367, .T. ) ;
#2879 = PLANE ( 'NONE',  #351 ) ;
#2880 = ORIENTED_EDGE ( 'NONE', *, *, #2958, .T. ) ;
#2881 = LINE ( 'NONE', #765, #3000 ) ;
#2882 = ORIENTED_EDGE ( 'NONE', *, *, #3005, .F. ) ;
#2883 = FACE_OUTER_BOUND ( 'NONE', #1646, .T. ) ;
#2884 = DIRECTION ( 'NONE',  ( 0.000000000000000000, 0.000000000000000000, 1.000000000000000000 ) ) ;
#2885 = ORIENTED_EDGE ( 'NONE', *, *, #2398, .T. ) ;
#2886 = VECTOR ( 'NONE', #538, 1000.000000000000000 ) ;
#2887 = DIRECTION ( 'NONE',  ( 0.000000000000000000, 0.000000000000000000, -1.000000000000000000 ) ) ;
#2888 = VECTOR ( 'NONE', #1894, 1000.000000000000000 ) ;
#2889 = DIRECTION ( 'NONE',  ( 0.000000000000000000, 0.000000000000000000, -1.000000000000000000 ) ) ;
#2890 = AXIS2_PLACEMENT_3D ( 'NONE', #1259, #755, #2083 ) ;
#2891 = FACE_OUTER_BOUND ( 'NONE', #3141, .T. ) ;
#2892 = ORIENTED_EDGE ( 'NONE', *, *, #2213, .T. ) ;
#2893 = LINE ( 'NONE', #1317, #1531 ) ;
#2894 = VECTOR ( 'NONE', #2207, 1000.000000000000000 ) ;
#2895 = EDGE_LOOP ( 'NONE', ( #3084, #3045, #1100, #269 ) ) ;
#2896 = DIRECTION ( 'NONE',  ( -1.000000000000000000, 0.000000000000000000, 0.000000000000000000 ) ) ;
#2897 = AXIS2_PLACEMENT_3D ( 'NONE', #845, #1068, #320 ) ;
#2898 = VECTOR ( 'NONE', #2655, 1000.000000000000000 ) ;
#2899 = ORIENTED_EDGE ( 'NONE', *, *, #1803, .F. ) ;
#2900 = CARTESIAN_POINT ( 'NONE',  ( 41.99999999999996447, 3.000000000000000000, 32.49999999999998579 ) ) ;
#2901 = ADVANCED_FACE ( 'NONE', ( #3140 ), #776, .F. ) ;
#2902 = ORIENTED_EDGE ( 'NONE', *, *, #2115, .T. ) ;
#2903 = ADVANCED_FACE ( 'NONE', ( #503 ), #1583, .F. ) ;
#2904 = DIRECTION ( 'NONE',  ( -1.000000000000000000, 0.000000000000000000, 0.000000000000000000 ) ) ;
#2905 = ORIENTED_EDGE ( 'NONE', *, *, #2253, .T. ) ;
#2906 = EDGE_CURVE ( 'NONE', #3362, #1442, #527, .T. ) ;
#2907 = CARTESIAN_POINT ( 'NONE',  ( -41.99999999999999289, 3.000000000000000000, 32.50000000000000000 ) ) ;
#2908 = SURFACE_STYLE_FILL_AREA ( #2702 ) ;
#2909 = ORIENTED_EDGE ( 'NONE', *, *, #823, .F. ) ;
#2910 = CYLINDRICAL_SURFACE ( 'NONE', #688, 12.50034799947463782 ) ;
#2911 = ORIENTED_EDGE ( 'NONE', *, *, #1653, .T. ) ;
#2912 = LINE ( 'NONE', #1086, #2898 ) ;
#2913 = ORIENTED_EDGE ( 'NONE', *, *, #1697, .T. ) ;
#2914 = DIRECTION ( 'NONE',  ( 0.000000000000000000, 0.000000000000000000, 1.000000000000000000 ) ) ;
#2915 = VERTEX_POINT ( 'NONE', #1940 ) ;
#2916 = EDGE_CURVE ( 'NONE', #271, #1251, #3238, .T. ) ;
#2917 = DIRECTION ( 'NONE',  ( 0.000000000000000000, 1.000000000000000000, 0.000000000000000000 ) ) ;
#2918 = PLANE ( 'NONE',  #2782 ) ;
#2919 = CARTESIAN_POINT ( 'NONE',  ( 33.49999999999999289, 27.00000000000000000, -20.24999999999999645 ) ) ;
#2920 = ORIENTED_EDGE ( 'NONE', *, *, #2712, .T. ) ;
#2921 = EDGE_CURVE ( 'NONE', #1577, #846, #3023, .T. ) ;
#2922 = EDGE_CURVE ( 'NONE', #453, #1969, #2984, .T. ) ;
#2923 = DIRECTION ( 'NONE',  ( -1.000000000000000000, 0.000000000000000000, 0.000000000000000000 ) ) ;
#2924 = VERTEX_POINT ( 'NONE', #1433 ) ;
#2925 = DIRECTION ( 'NONE',  ( 0.000000000000000000, 0.000000000000000000, 1.000000000000000000 ) ) ;
#2926 = FACE_OUTER_BOUND ( 'NONE', #170, .T. ) ;
#2927 = ORIENTED_EDGE ( 'NONE', *, *, #2275, .F. ) ;
#2928 = CARTESIAN_POINT ( 'NONE',  ( 22.50000000000000000, 27.00000000000000000, 7.250000000000004441 ) ) ;
#2929 = ORIENTED_EDGE ( 'NONE', *, *, #1386, .T. ) ;
#2930 = LINE ( 'NONE', #561, #1356 ) ;
#2931 = CARTESIAN_POINT ( 'NONE',  ( 22.50000000000000000, 0.000000000000000000, 20.25000000000000355 ) ) ;
#2932 = CARTESIAN_POINT ( 'NONE',  ( -1.000000000000007772, 2.999999999999999112, 6.500000000000005329 ) ) ;
#2933 = DIRECTION ( 'NONE',  ( -1.000000000000000000, 0.000000000000000000, -0.000000000000000000 ) ) ;
#2934 = ORIENTED_EDGE ( 'NONE', *, *, #1993, .F. ) ;
#2935 = PRESENTATION_STYLE_ASSIGNMENT (( #3078 ) ) ;
#2936 = ADVANCED_FACE ( 'NONE', ( #3219 ), #603, .F. ) ;
#2937 = VECTOR ( 'NONE', #1904, 1000.000000000000000 ) ;
#2938 = CARTESIAN_POINT ( 'NONE',  ( 29.50000000000000000, 27.00000000000000000, -18.74999999999999645 ) ) ;
#2939 = EDGE_CURVE ( 'NONE', #1360, #1131, #114, .T. ) ;
#2940 = AXIS2_PLACEMENT_3D ( 'NONE', #1764, #3065, #3355 ) ;
#2941 = EDGE_LOOP ( 'NONE', ( #796, #1070, #1427, #425 ) ) ;
#2942 = EDGE_LOOP ( 'NONE', ( #1655, #1305, #2777, #488 ) ) ;
#2943 = AXIS2_PLACEMENT_3D ( 'NONE', #1855, #1537, #2575 ) ;
#2944 = VECTOR ( 'NONE', #2858, 1000.000000000000000 ) ;
#2945 = VECTOR ( 'NONE', #161, 1000.000000000000000 ) ;
#2946 = ORIENTED_EDGE ( 'NONE', *, *, #2101, .F. ) ;
#2947 = VERTEX_POINT ( 'NONE', #2224 ) ;
#2948 = DIRECTION ( 'NONE',  ( -1.000000000000000000, 0.000000000000000000, 0.000000000000000000 ) ) ;
#2949 = AXIS2_PLACEMENT_3D ( 'NONE', #1945, #3231, #1074 ) ;
#2950 = PLANE ( 'NONE',  #860 ) ;
#2951 = ORIENTED_EDGE ( 'NONE', *, *, #3066, .F. ) ;
#2952 = PLANE ( 'NONE',  #120 ) ;
#2953 = DIRECTION ( 'NONE',  ( -0.000000000000000000, -1.000000000000000000, -0.000000000000000000 ) ) ;
#2954 = CARTESIAN_POINT ( 'NONE',  ( 19.08551248218999419, 3.000000000000000000, 24.50000000000000355 ) ) ;
#2955 = EDGE_CURVE ( 'NONE', #706, #1573, #658, .T. ) ;
#2956 = CARTESIAN_POINT ( 'NONE',  ( 19.08551248218999419, 4.000000000000000000, 21.00000000000000355 ) ) ;
#2957 = ORIENTED_EDGE ( 'NONE', *, *, #591, .T. ) ;
#2958 = EDGE_CURVE ( 'NONE', #496, #2149, #3008, .T. ) ;
#2959 = EDGE_CURVE ( 'NONE', #2057, #3006, #1669, .T. ) ;
#2960 = EDGE_LOOP ( 'NONE', ( #864, #2892, #1623, #1210 ) ) ;
#2961 = PLANE ( 'NONE',  #412 ) ;
#2962 = VERTEX_POINT ( 'NONE', #381 ) ;
#2963 = LINE ( 'NONE', #2708, #1760 ) ;
#2964 = CARTESIAN_POINT ( 'NONE',  ( -41.99999999999999289, 3.000000000000000000, -29.50000000000000000 ) ) ;
#2965 = ORIENTED_EDGE ( 'NONE', *, *, #1450, .T. ) ;
#2966 = CARTESIAN_POINT ( 'NONE',  ( -41.99999999999999289, 3.000000000000000000, 29.50000000000000355 ) ) ;
#2967 = CARTESIAN_POINT ( 'NONE',  ( 0.000000000000000000, 3.000000000000000000, -20.24999999999999645 ) ) ;
#2968 = DIRECTION ( 'NONE',  ( 0.000000000000000000, 0.000000000000000000, -1.000000000000000000 ) ) ;
#2969 = LINE ( 'NONE', #3239, #506 ) ;
#2970 = FACE_OUTER_BOUND ( 'NONE', #2255, .T. ) ;
#2971 = ORIENTED_EDGE ( 'NONE', *, *, #2878, .F. ) ;
#2972 = FACE_OUTER_BOUND ( 'NONE', #1763, .T. ) ;
#2973 = ORIENTED_EDGE ( 'NONE', *, *, #2494, .F. ) ;
#2974 = DIRECTION ( 'NONE',  ( 0.000000000000000000, 0.000000000000000000, -1.000000000000000000 ) ) ;
#2975 = EDGE_CURVE ( 'NONE', #482, #504, #1700, .T. ) ;
#2976 = ADVANCED_FACE ( 'NONE', ( #1398 ), #1109, .F. ) ;
#2977 = DIRECTION ( 'NONE',  ( -0.000000000000000000, -1.000000000000000000, -0.000000000000000000 ) ) ;
#2978 = DIRECTION ( 'NONE',  ( 0.000000000000000000, 0.000000000000000000, 1.000000000000000000 ) ) ;
#2979 = CYLINDRICAL_SURFACE ( 'NONE', #3388, 3.000000000000002665 ) ;
#2980 = ORIENTED_EDGE ( 'NONE', *, *, #920, .F. ) ;
#2981 = CARTESIAN_POINT ( 'NONE',  ( -29.49999999999999645, 0.000000000000000000, -20.24999999999999645 ) ) ;
#2982 = CARTESIAN_POINT ( 'NONE',  ( -39.00000000000000711, 4.000000000000000000, -20.99999999999998934 ) ) ;
#2983 = AXIS2_PLACEMENT_3D ( 'NONE', #3191, #876, #1684 ) ;
#2984 = LINE ( 'NONE', #926, #297 ) ;
#2985 = FACE_BOUND ( 'NONE', #228, .T. ) ;
#2986 = CIRCLE ( 'NONE', #1232, 2.500000000000002220 ) ;
#2987 = CARTESIAN_POINT ( 'NONE',  ( 22.50000000000000000, 27.00000000000000000, -20.24999999999999645 ) ) ;
#2988 = ORIENTED_EDGE ( 'NONE', *, *, #2648, .T. ) ;
#2989 = DIRECTION ( 'NONE',  ( 0.000000000000000000, 0.000000000000000000, 1.000000000000000000 ) ) ;
#2990 = VECTOR ( 'NONE', #1283, 1000.000000000000000 ) ;
#2991 = CIRCLE ( 'NONE', #1976, 1.000000000000000888 ) ;
#2992 = ORIENTED_EDGE ( 'NONE', *, *, #1006, .T. ) ;
#2993 = AXIS2_PLACEMENT_3D ( 'NONE', #3130, #1560, #971 ) ;
#2994 = CIRCLE ( 'NONE', #2188, 12.50034799947463782 ) ;
#2995 = DIRECTION ( 'NONE',  ( -1.000000000000000000, 0.000000000000000000, 0.000000000000000000 ) ) ;
#2996 = EDGE_CURVE ( 'NONE', #2572, #780, #1275, .T. ) ;
#2997 = ADVANCED_FACE ( 'NONE', ( #1506 ), #1416, .F. ) ;
#2998 = DIRECTION ( 'NONE',  ( 1.000000000000000000, 0.000000000000000000, -0.000000000000000000 ) ) ;
#2999 = ORIENTED_EDGE ( 'NONE', *, *, #2712, .F. ) ;
#3000 = VECTOR ( 'NONE', #1497, 1000.000000000000000 ) ;
#3001 = AXIS2_PLACEMENT_3D ( 'NONE', #2550, #409, #2268 ) ;
#3002 = COLOUR_RGB ( '',0.7529411764705882248, 0.7529411764705882248, 0.7529411764705882248 ) ;
#3003 = CARTESIAN_POINT ( 'NONE',  ( 19.08551248218999419, 27.00000000000000000, 24.50000000000000355 ) ) ;
#3004 = AXIS2_PLACEMENT_3D ( 'NONE', #3073, #2256, #934 ) ;
#3005 = EDGE_CURVE ( 'NONE', #2630, #2408, #1833, .T. ) ;
#3006 = VERTEX_POINT ( 'NONE', #210 ) ;
#3007 =( NAMED_UNIT ( * ) PLANE_ANGLE_UNIT ( ) SI_UNIT ( $, .RADIAN. ) );
#3008 = LINE ( 'NONE', #1733, #354 ) ;
#3009 = CARTESIAN_POINT ( 'NONE',  ( 29.50000000000000000, 0.000000000000000000, -5.749999999999994671 ) ) ;
#3010 = CARTESIAN_POINT ( 'NONE',  ( -39.00000000000000711, 27.00000000000000000, -24.49999999999999289 ) ) ;
#3011 = VERTEX_POINT ( 'NONE', #1753 ) ;
#3012 = CARTESIAN_POINT ( 'NONE',  ( -40.50000000000000000, 2.999999999999999112, 5.750000000000003553 ) ) ;
#3013 = EDGE_LOOP ( 'NONE', ( #768, #3344, #1366, #1772 ) ) ;
#3014 = FACE_OUTER_BOUND ( 'NONE', #2475, .T. ) ;
#3015 = ORIENTED_EDGE ( 'NONE', *, *, #1834, .F. ) ;
#3016 = VERTEX_POINT ( 'NONE', #2513 ) ;
#3017 = LINE ( 'NONE', #651, #973 ) ;
#3018 = LINE ( 'NONE', #652, #180 ) ;
#3019 = CARTESIAN_POINT ( 'NONE',  ( 40.49999999999999289, 3.000000000000000000, -26.00000000000000000 ) ) ;
#3020 = ORIENTED_EDGE ( 'NONE', *, *, #874, .T. ) ;
#3021 = EDGE_CURVE ( 'NONE', #3011, #2640, #2529, .T. ) ;
#3022 = EDGE_CURVE ( 'NONE', #2635, #649, #2789, .T. ) ;
#3023 = LINE ( 'NONE', #887, #2406 ) ;
#3024 = LINE ( 'NONE', #941, #10 ) ;
#3025 = CARTESIAN_POINT ( 'NONE',  ( 29.50000000000000000, 0.000000000000000000, -18.74999999999999645 ) ) ;
#3026 = ORIENTED_EDGE ( 'NONE', *, *, #2494, .T. ) ;
#3027 = FACE_BOUND ( 'NONE', #464, .T. ) ;
#3028 = ORIENTED_EDGE ( 'NONE', *, *, #1938, .F. ) ;
#3029 = LINE ( 'NONE', #2044, #2615 ) ;
#3030 = DIRECTION ( 'NONE',  ( 0.000000000000000000, 0.000000000000000000, 1.000000000000000000 ) ) ;
#3031 = VERTEX_POINT ( 'NONE', #1233 ) ;
#3032 = ORIENTED_EDGE ( 'NONE', *, *, #1697, .F. ) ;
#3033 = PLANE ( 'NONE',  #25 ) ;
#3034 = DIRECTION ( 'NONE',  ( -0.000000000000000000, -0.000000000000000000, 1.000000000000000000 ) ) ;
#3035 = LINE ( 'NONE', #1787, #1123 ) ;
#3036 = ORIENTED_EDGE ( 'NONE', *, *, #1026, .T. ) ;
#3037 = DIRECTION ( 'NONE',  ( 0.000000000000000000, 1.000000000000000000, 0.000000000000000000 ) ) ;
#3038 = FACE_BOUND ( 'NONE', #2652, .T. ) ;
#3039 = EDGE_CURVE ( 'NONE', #1478, #2924, #1526, .T. ) ;
#3040 = EDGE_CURVE ( 'NONE', #2067, #321, #3099, .T. ) ;
#3041 = CARTESIAN_POINT ( 'NONE',  ( 19.08551248218999419, 4.000000000000000000, 24.50000000000000355 ) ) ;
#3042 = DIRECTION ( 'NONE',  ( 0.000000000000000000, 0.000000000000000000, 1.000000000000000000 ) ) ;
#3043 = AXIS2_PLACEMENT_3D ( 'NONE', #225, #1601, #3151 ) ;
#3044 = CARTESIAN_POINT ( 'NONE',  ( -29.49999999999999645, 27.00000000000000000, -20.24999999999999645 ) ) ;
#3045 = ORIENTED_EDGE ( 'NONE', *, *, #894, .F. ) ;
#3046 = EDGE_LOOP ( 'NONE', ( #2459, #7, #2803, #2095 ) ) ;
#3047 = VECTOR ( 'NONE', #3283, 1000.000000000000000 ) ;
#3048 = VECTOR ( 'NONE', #475, 1000.000000000000000 ) ;
#3049 = CARTESIAN_POINT ( 'NONE',  ( 0.000000000000000000, 3.000000000000000000, 18.75000000000000355 ) ) ;
#3050 = EDGE_LOOP ( 'NONE', ( #90, #2553, #1703, #2826 ) ) ;
#3051 = AXIS2_PLACEMENT_3D ( 'NONE', #2388, #1758, #383 ) ;
#3052 = CARTESIAN_POINT ( 'NONE',  ( -39.00000000000000711, 0.000000000000000000, 24.50000000000000355 ) ) ;
#3053 = CARTESIAN_POINT ( 'NONE',  ( 40.49999999999999289, 0.000000000000000000, 18.75000000000000355 ) ) ;
#3054 = VECTOR ( 'NONE', #3351, 1000.000000000000000 ) ;
#3055 = VECTOR ( 'NONE', #1441, 1000.000000000000000 ) ;
#3056 = ORIENTED_EDGE ( 'NONE', *, *, #2164, .F. ) ;
#3057 = DIRECTION ( 'NONE',  ( -1.000000000000000000, -0.000000000000000000, -0.000000000000000000 ) ) ;
#3058 = VECTOR ( 'NONE', #1637, 1000.000000000000000 ) ;
#3059 = VECTOR ( 'NONE', #3413, 1000.000000000000000 ) ;
#3060 = CARTESIAN_POINT ( 'NONE',  ( -39.00000000000000711, 0.000000000000000000, 23.13550028720600693 ) ) ;
#3061 = CARTESIAN_POINT ( 'NONE',  ( 29.50000000000000000, 3.000000000000000000, 0.000000000000000000 ) ) ;
#3062 = EDGE_CURVE ( 'NONE', #22, #2050, #572, .T. ) ;
#3063 = VERTEX_POINT ( 'NONE', #2599 ) ;
#3064 = VERTEX_POINT ( 'NONE', #224 ) ;
#3065 = DIRECTION ( 'NONE',  ( 0.000000000000000000, 1.000000000000000000, 0.000000000000000000 ) ) ;
#3066 = EDGE_CURVE ( 'NONE', #2471, #3206, #1294, .T. ) ;
#3067 = ADVANCED_FACE ( 'NONE', ( #1306 ), #1647, .F. ) ;
#3068 = CARTESIAN_POINT ( 'NONE',  ( -33.49999999999999289, 27.00000000000000000, -18.74999999999999645 ) ) ;
#3069 = LINE ( 'NONE', #668, #463 ) ;
#3070 = VERTEX_POINT ( 'NONE', #1574 ) ;
#3071 = CARTESIAN_POINT ( 'NONE',  ( -29.49999999999999645, 0.000000000000000000, -5.749999999999994671 ) ) ;
#3072 = ORIENTED_EDGE ( 'NONE', *, *, #770, .F. ) ;
#3073 = CARTESIAN_POINT ( 'NONE',  ( 19.08551248218999419, 0.000000000000000000, 24.50000000000000355 ) ) ;
#3074 = CARTESIAN_POINT ( 'NONE',  ( 22.50000000000000000, 0.000000000000000000, 20.25000000000000355 ) ) ;
#3075 = CARTESIAN_POINT ( 'NONE',  ( 22.50000000000000000, 27.00000000000000000, 20.25000000000000355 ) ) ;
#3076 = EDGE_LOOP ( 'NONE', ( #3088, #2498, #2547, #1346 ) ) ;
#3077 = SURFACE_STYLE_FILL_AREA ( #2051 ) ;
#3078 = SURFACE_STYLE_USAGE ( .BOTH. , #280 ) ;
#3079 = CARTESIAN_POINT ( 'NONE',  ( 40.49999999999999289, 27.00000000000000000, -5.749999999999994671 ) ) ;
#3080 = CARTESIAN_POINT ( 'NONE',  ( 22.50000000000000000, 27.00000000000000000, -5.749999999999994671 ) ) ;
#3081 = DIRECTION ( 'NONE',  ( -1.000000000000000000, 0.000000000000000000, 0.000000000000000000 ) ) ;
#3082 = CARTESIAN_POINT ( 'NONE',  ( 0.000000000000000000, 3.000000000000000000, -18.74999999999999645 ) ) ;
#3083 = ORIENTED_EDGE ( 'NONE', *, *, #858, .T. ) ;
#3084 = ORIENTED_EDGE ( 'NONE', *, *, #895, .F. ) ;
#3085 = DIRECTION ( 'NONE',  ( 0.000000000000000000, 0.000000000000000000, 1.000000000000000000 ) ) ;
#3086 = CARTESIAN_POINT ( 'NONE',  ( -33.49999999999999289, 0.000000000000000000, 7.250000000000004441 ) ) ;
#3087 = DIRECTION ( 'NONE',  ( 1.000000000000000000, 0.000000000000000000, 0.000000000000000000 ) ) ;
#3088 = ORIENTED_EDGE ( 'NONE', *, *, #2038, .F. ) ;
#3089 = CARTESIAN_POINT ( 'NONE',  ( 45.00000000000000000, 3.000000000000000000, 29.49999999999998934 ) ) ;
#3090 = EDGE_CURVE ( 'NONE', #1953, #1842, #2360, .T. ) ;
#3091 = ORIENTED_EDGE ( 'NONE', *, *, #1939, .F. ) ;
#3092 = EDGE_CURVE ( 'NONE', #743, #863, #1180, .T. ) ;
#3093 = PLANE ( 'NONE',  #3178 ) ;
#3094 = DIRECTION ( 'NONE',  ( 0.000000000000000000, 1.000000000000000000, -0.000000000000000000 ) ) ;
#3095 = DIRECTION ( 'NONE',  ( 1.000000000000000000, 0.000000000000000000, -0.000000000000000000 ) ) ;
#3096 = ORIENTED_EDGE ( 'NONE', *, *, #1450, .F. ) ;
#3097 = CARTESIAN_POINT ( 'NONE',  ( 45.00000000000000000, 3.000000000000000000, -29.50000000000001066 ) ) ;
#3098 = CARTESIAN_POINT ( 'NONE',  ( 22.50000000000000000, 2.999999999999999112, 20.25000000000000355 ) ) ;
#3099 = LINE ( 'NONE', #193, #3054 ) ;
#3100 = CARTESIAN_POINT ( 'NONE',  ( 41.99999999999999289, 0.000000000000000000, -29.50000000000000711 ) ) ;
#3101 = ORIENTED_EDGE ( 'NONE', *, *, #2633, .F. ) ;
#3102 = CARTESIAN_POINT ( 'NONE',  ( 29.50000000000000000, 27.00000000000000000, -7.249999999999996447 ) ) ;
#3103 = EDGE_LOOP ( 'NONE', ( #1843, #2764, #1795, #1607 ) ) ;
#3104 = VECTOR ( 'NONE', #2182, 1000.000000000000000 ) ;
#3105 = DIRECTION ( 'NONE',  ( -0.000000000000000000, 1.000000000000000000, -0.000000000000000000 ) ) ;
#3106 = EDGE_LOOP ( 'NONE', ( #2748, #592, #2264, #2971 ) ) ;
#3107 = DIRECTION ( 'NONE',  ( 0.000000000000000000, 0.000000000000000000, 1.000000000000000000 ) ) ;
#3108 = ORIENTED_EDGE ( 'NONE', *, *, #2691, .T. ) ;
#3109 = EDGE_CURVE ( 'NONE', #3063, #1147, #1077, .T. ) ;
#3110 = VECTOR ( 'NONE', #1897, 1000.000000000000000 ) ;
#3111 = EDGE_CURVE ( 'NONE', #2947, #1287, #2853, .T. ) ;
#3112 = FACE_OUTER_BOUND ( 'NONE', #42, .T. ) ;
#3113 = ORIENTED_EDGE ( 'NONE', *, *, #1091, .F. ) ;
#3114 = VECTOR ( 'NONE', #2825, 1000.000000000000000 ) ;
#3115 = VECTOR ( 'NONE', #34, 1000.000000000000000 ) ;
#3116 = EDGE_CURVE ( 'NONE', #1153, #2817, #178, .T. ) ;
#3117 = EDGE_CURVE ( 'NONE', #1445, #1582, #1041, .T. ) ;
#3118 = UNCERTAINTY_MEASURE_WITH_UNIT (LENGTH_MEASURE( 1.000000000000000082E-05 ), #2647, 'distance_accuracy_value', 'NONE');
#3119 = VECTOR ( 'NONE', #1983, 1000.000000000000000 ) ;
#3120 = AXIS2_PLACEMENT_3D ( 'NONE', #2474, #95, #2998 ) ;
#3121 = PLANE ( 'NONE',  #1928 ) ;
#3122 = CARTESIAN_POINT ( 'NONE',  ( 22.50000000000000000, 3.000000000000000000, 0.000000000000000000 ) ) ;
#3123 = VECTOR ( 'NONE', #107, 1000.000000000000000 ) ;
#3124 = ORIENTED_EDGE ( 'NONE', *, *, #2200, .F. ) ;
#3125 = EDGE_LOOP ( 'NONE', ( #1223, #1788, #1336, #722 ) ) ;
#3126 = DIRECTION ( 'NONE',  ( 0.000000000000000000, 1.000000000000000000, 0.000000000000000000 ) ) ;
#3127 = FACE_OUTER_BOUND ( 'NONE', #2472, .T. ) ;
#3128 = DIRECTION ( 'NONE',  ( 0.000000000000000000, 0.000000000000000000, -1.000000000000000000 ) ) ;
#3129 = EDGE_LOOP ( 'NONE', ( #1387, #1509, #2644, #517 ) ) ;
#3130 = CARTESIAN_POINT ( 'NONE',  ( -41.99999999999999289, 0.000000000000000000, 29.50000000000000355 ) ) ;
#3131 = VERTEX_POINT ( 'NONE', #1005 ) ;
#3132 = DIRECTION ( 'NONE',  ( -0.000000000000000000, -1.000000000000000000, -0.000000000000000000 ) ) ;
#3133 = DIRECTION ( 'NONE',  ( -1.000000000000000000, 0.000000000000000000, -0.000000000000000000 ) ) ;
#3134 = ORIENTED_EDGE ( 'NONE', *, *, #2839, .F. ) ;
#3135 = EDGE_CURVE ( 'NONE', #2823, #2217, #744, .T. ) ;
#3136 = FACE_OUTER_BOUND ( 'NONE', #761, .T. ) ;
#3137 = ADVANCED_FACE ( 'NONE', ( #1222 ), #2307, .F. ) ;
#3138 = CARTESIAN_POINT ( 'NONE',  ( -45.00000000000000000, 3.000000000000000000, 29.50000000000000355 ) ) ;
#3139 = ORIENTED_EDGE ( 'NONE', *, *, #895, .T. ) ;
#3140 = FACE_OUTER_BOUND ( 'NONE', #1609, .T. ) ;
#3141 = EDGE_LOOP ( 'NONE', ( #92, #3320, #665, #2588 ) ) ;
#3142 = CARTESIAN_POINT ( 'NONE',  ( 40.49999999999999289, 3.000000000000000000, -13.00000000000000000 ) ) ;
#3143 = PRODUCT_CONTEXT ( 'NONE', #363, 'mechanical' ) ;
#3144 = DIRECTION ( 'NONE',  ( 0.000000000000000000, 0.000000000000000000, 1.000000000000000000 ) ) ;
#3145 = DIRECTION ( 'NONE',  ( -0.000000000000000000, -1.000000000000000000, -0.000000000000000000 ) ) ;
#3146 = EDGE_LOOP ( 'NONE', ( #2973, #308, #122, #842 ) ) ;
#3147 = DIRECTION ( 'NONE',  ( -1.000000000000000000, -0.000000000000000000, -0.000000000000000000 ) ) ;
#3148 = EDGE_LOOP ( 'NONE', ( #2516, #2365, #109, #2330 ) ) ;
#3149 = DIRECTION ( 'NONE',  ( 0.000000000000000000, 0.000000000000000000, -1.000000000000000000 ) ) ;
#3150 = ORIENTED_EDGE ( 'NONE', *, *, #793, .F. ) ;
#3151 = DIRECTION ( 'NONE',  ( 0.000000000000000000, 0.000000000000000000, 1.000000000000000000 ) ) ;
#3152 = EDGE_CURVE ( 'NONE', #1017, #111, #2592, .T. ) ;
#3153 = EDGE_CURVE ( 'NONE', #291, #2763, #2412, .T. ) ;
#3154 = VERTEX_POINT ( 'NONE', #1858 ) ;
#3155 = FACE_OUTER_BOUND ( 'NONE', #537, .T. ) ;
#3156 = ORIENTED_EDGE ( 'NONE', *, *, #1951, .F. ) ;
#3157 = EDGE_CURVE ( 'NONE', #1099, #3415, #1286, .T. ) ;
#3158 = CARTESIAN_POINT ( 'NONE',  ( -33.49999999999999289, 27.00000000000000000, 7.250000000000004441 ) ) ;
#3159 = CARTESIAN_POINT ( 'NONE',  ( -1.000000000000007772, 27.00000000000000000, 6.500000000000005329 ) ) ;
#3160 = VERTEX_POINT ( 'NONE', #1827 ) ;
#3161 = LINE ( 'NONE', #814, #3058 ) ;
#3162 = ORIENTED_EDGE ( 'NONE', *, *, #1236, .T. ) ;
#3163 = PLANE ( 'NONE',  #3319 ) ;
#3164 = VECTOR ( 'NONE', #2278, 1000.000000000000000 ) ;
#3165 = DIRECTION ( 'NONE',  ( -0.000000000000000000, -1.000000000000000000, 0.000000000000000000 ) ) ;
#3166 = ORIENTED_EDGE ( 'NONE', *, *, #86, .T. ) ;
#3167 = AXIS2_PLACEMENT_3D ( 'NONE', #1813, #246, #786 ) ;
#3168 = VECTOR ( 'NONE', #1403, 1000.000000000000000 ) ;
#3169 = VECTOR ( 'NONE', #1970, 1000.000000000000000 ) ;
#3170 = CARTESIAN_POINT ( 'NONE',  ( 40.49999999999999289, 27.00000000000000000, -5.749999999999994671 ) ) ;
#3171 = AXIS2_PLACEMENT_3D ( 'NONE', #117, #1999, #399 ) ;
#3172 = AXIS2_PLACEMENT_3D ( 'NONE', #1807, #2006, #2329 ) ;
#3173 = VERTEX_POINT ( 'NONE', #2827 ) ;
#3174 = VECTOR ( 'NONE', #2468, 1000.000000000000000 ) ;
#3175 = CIRCLE ( 'NONE', #2193, 1.364499712793999064 ) ;
#3176 = ORIENTED_EDGE ( 'NONE', *, *, #894, .T. ) ;
#3177 = AXIS2_PLACEMENT_3D ( 'NONE', #2046, #2340, #3107 ) ;
#3178 = AXIS2_PLACEMENT_3D ( 'NONE', #1542, #1844, #257 ) ;
#3179 = CARTESIAN_POINT ( 'NONE',  ( -39.00000000000000711, 27.00000000000000000, -24.49999999999999289 ) ) ;
#3180 = ORIENTED_EDGE ( 'NONE', *, *, #1161, .F. ) ;
#3181 = DIRECTION ( 'NONE',  ( 0.000000000000000000, 1.000000000000000000, 0.000000000000000000 ) ) ;
#3182 = EDGE_LOOP ( 'NONE', ( #2609, #1455 ) ) ;
#3183 = LINE ( 'NONE', #1546, #2836 ) ;
#3184 = EDGE_CURVE ( 'NONE', #780, #2962, #2881, .T. ) ;
#3185 = CARTESIAN_POINT ( 'NONE',  ( 33.49999999999999289, 27.00000000000000000, -5.749999999999994671 ) ) ;
#3186 = CARTESIAN_POINT ( 'NONE',  ( 41.99999999999999289, 3.000000000000000000, -32.50000000000000711 ) ) ;
#3187 = EDGE_LOOP ( 'NONE', ( #3204, #2685, #918, #1202 ) ) ;
#3188 = CARTESIAN_POINT ( 'NONE',  ( 0.000000000000000000, 3.000000000000000000, 7.250000000000004441 ) ) ;
#3189 = DIRECTION ( 'NONE',  ( 0.000000000000000000, 0.000000000000000000, 1.000000000000000000 ) ) ;
#3190 = ORIENTED_EDGE ( 'NONE', *, *, #1501, .T. ) ;
#3191 = CARTESIAN_POINT ( 'NONE',  ( -39.00000000000000711, 27.00000000000000000, 24.50000000000000355 ) ) ;
#3192 = ORIENTED_EDGE ( 'NONE', *, *, #877, .T. ) ;
#3193 = ORIENTED_EDGE ( 'NONE', *, *, #1834, .T. ) ;
#3194 = CARTESIAN_POINT ( 'NONE',  ( -40.50000000000000000, 0.000000000000000000, -20.24999999999999645 ) ) ;
#3195 = CARTESIAN_POINT ( 'NONE',  ( -29.49999999999999645, 0.000000000000000000, 7.250000000000004441 ) ) ;
#3196 = EDGE_CURVE ( 'NONE', #1452, #2436, #707, .T. ) ;
#3197 = ADVANCED_FACE ( 'NONE', ( #3378 ), #2096, .F. ) ;
#3198 = CARTESIAN_POINT ( 'NONE',  ( 29.50000000000000000, 27.00000000000000000, 18.75000000000000355 ) ) ;
#3199 = CARTESIAN_POINT ( 'NONE',  ( 19.08551248218999419, 27.00000000000000000, -24.49999999999999289 ) ) ;
#3200 = VERTEX_POINT ( 'NONE', #59 ) ;
#3201 = DIRECTION ( 'NONE',  ( -0.000000000000000000, -1.000000000000000000, -0.000000000000000000 ) ) ;
#3202 = ORIENTED_EDGE ( 'NONE', *, *, #2861, .F. ) ;
#3203 = DIRECTION ( 'NONE',  ( -0.000000000000000000, -1.000000000000000000, -0.000000000000000000 ) ) ;
#3204 = ORIENTED_EDGE ( 'NONE', *, *, #856, .F. ) ;
#3205 = CARTESIAN_POINT ( 'NONE',  ( 19.08551248218999419, 27.00000000000000000, 24.50000000000000355 ) ) ;
#3206 = VERTEX_POINT ( 'NONE', #270 ) ;
#3207 = CARTESIAN_POINT ( 'NONE',  ( -29.49999999999999645, 2.999999999999999112, -5.749999999999994671 ) ) ;
#3208 = VERTEX_POINT ( 'NONE', #3207 ) ;
#3209 = CARTESIAN_POINT ( 'NONE',  ( 33.49999999999999289, 2.999999999999999112, 7.250000000000004441 ) ) ;
#3210 = CARTESIAN_POINT ( 'NONE',  ( 33.49999999999999289, 2.999999999999999112, -18.74999999999999645 ) ) ;
#3211 = DIRECTION ( 'NONE',  ( -0.000000000000000000, -1.000000000000000000, -0.000000000000000000 ) ) ;
#3212 = ORIENTED_EDGE ( 'NONE', *, *, #1370, .F. ) ;
#3213 = PRODUCT_RELATED_PRODUCT_CATEGORY ( 'part', '', ( #1547 ) ) ;
#3214 = ADVANCED_FACE ( 'NONE', ( #532 ), #254, .F. ) ;
#3215 = VECTOR ( 'NONE', #450, 1000.000000000000000 ) ;
#3216 = CARTESIAN_POINT ( 'NONE',  ( 19.08551248218999419, 0.000000000000000000, -24.49999999999999289 ) ) ;
#3217 = ADVANCED_FACE ( 'NONE', ( #1878 ), #1385, .F. ) ;
#3218 = ADVANCED_FACE ( 'NONE', ( #2155 ), #1335, .F. ) ;
#3219 = FACE_OUTER_BOUND ( 'NONE', #852, .T. ) ;
#3220 = CARTESIAN_POINT ( 'NONE',  ( -29.49999999999999645, 27.00000000000000000, 7.250000000000004441 ) ) ;
#3221 = DIRECTION ( 'NONE',  ( 0.000000000000000000, 0.000000000000000000, 1.000000000000000000 ) ) ;
#3222 = VECTOR ( 'NONE', #3285, 1000.000000000000000 ) ;
#3223 = CIRCLE ( 'NONE', #685, 3.500000000000003109 ) ;
#3224 = VECTOR ( 'NONE', #349, 1000.000000000000000 ) ;
#3225 = AXIS2_PLACEMENT_3D ( 'NONE', #1664, #850, #2457 ) ;
#3226 = VERTEX_POINT ( 'NONE', #2141 ) ;
#3227 = CARTESIAN_POINT ( 'NONE',  ( -29.49999999999999645, 27.00000000000000000, -7.249999999999996447 ) ) ;
#3228 = ORIENTED_EDGE ( 'NONE', *, *, #3307, .F. ) ;
#3229 = VECTOR ( 'NONE', #723, 1000.000000000000000 ) ;
#3230 = TOROIDAL_SURFACE ( 'NONE', #2722, 3.500000000000002665, 1.000000000000000000 ) ;
#3231 = DIRECTION ( 'NONE',  ( 0.000000000000000000, 1.000000000000000000, 0.000000000000000000 ) ) ;
#3232 = DIRECTION ( 'NONE',  ( 0.000000000000000000, 0.000000000000000000, 1.000000000000000000 ) ) ;
#3233 = DIRECTION ( 'NONE',  ( 0.000000000000000000, 0.000000000000000000, 1.000000000000000000 ) ) ;
#3234 = EDGE_LOOP ( 'NONE', ( #3373, #2123, #3192, #1215 ) ) ;
#3235 = FACE_OUTER_BOUND ( 'NONE', #1321, .T. ) ;
#3236 = DIRECTION ( 'NONE',  ( 0.000000000000000000, 0.000000000000000000, 1.000000000000000000 ) ) ;
#3237 = EDGE_CURVE ( 'NONE', #1511, #2067, #29, .T. ) ;
#3238 = LINE ( 'NONE', #2703, #3224 ) ;
#3239 = CARTESIAN_POINT ( 'NONE',  ( 33.49999999999999289, 0.000000000000000000, -7.249999999999996447 ) ) ;
#3240 = CARTESIAN_POINT ( 'NONE',  ( 0.000000000000000000, 3.000000000000000000, -20.24999999999999645 ) ) ;
#3241 = ORIENTED_EDGE ( 'NONE', *, *, #1918, .T. ) ;
#3242 = ORIENTED_EDGE ( 'NONE', *, *, #260, .F. ) ;
#3243 = DIRECTION ( 'NONE',  ( -0.000000000000000000, 1.000000000000000000, -0.000000000000000000 ) ) ;
#3244 = CARTESIAN_POINT ( 'NONE',  ( -29.49999999999999645, 3.000000000000000000, -26.00000000000000000 ) ) ;
#3245 = FACE_OUTER_BOUND ( 'NONE', #3410, .T. ) ;
#3246 = ORIENTED_EDGE ( 'NONE', *, *, #2862, .F. ) ;
#3247 = FACE_OUTER_BOUND ( 'NONE', #1747, .T. ) ;
#3248 = ORIENTED_EDGE ( 'NONE', *, *, #2611, .F. ) ;
#3249 = EDGE_CURVE ( 'NONE', #3226, #1442, #2629, .T. ) ;
#3250 = EDGE_CURVE ( 'NONE', #991, #479, #830, .T. ) ;
#3251 = CARTESIAN_POINT ( 'NONE',  ( 19.08551248218999419, 27.00000000000000000, -23.13550028720599983 ) ) ;
#3252 = EDGE_LOOP ( 'NONE', ( #202, #403, #3139, #1483 ) ) ;
#3253 = FACE_BOUND ( 'NONE', #1737, .T. ) ;
#3254 = LINE ( 'NONE', #893, #3169 ) ;
#3255 = EDGE_CURVE ( 'NONE', #3396, #2863, #3161, .T. ) ;
#3256 = FACE_OUTER_BOUND ( 'NONE', #2103, .T. ) ;
#3257 = CARTESIAN_POINT ( 'NONE',  ( 33.49999999999999289, 0.000000000000000000, 20.25000000000000355 ) ) ;
#3258 = CARTESIAN_POINT ( 'NONE',  ( -33.49999999999999289, 2.999999999999999112, 20.25000000000000355 ) ) ;
#3259 = ORIENTED_EDGE ( 'NONE', *, *, #2438, .F. ) ;
#3260 = LINE ( 'NONE', #950, #175 ) ;
#3261 = DIRECTION ( 'NONE',  ( -0.000000000000000000, -1.000000000000000000, -0.000000000000000000 ) ) ;
#3262 = VERTEX_POINT ( 'NONE', #2900 ) ;
#3263 = LINE ( 'NONE', #1211, #2399 ) ;
#3264 = CIRCLE ( 'NONE', #1230, 2.499999999999998668 ) ;
#3265 = AXIS2_PLACEMENT_3D ( 'NONE', #1566, #2382, #2616 ) ;
#3266 = CARTESIAN_POINT ( 'NONE',  ( 0.000000000000000000, 3.000000000000000000, 5.750000000000003553 ) ) ;
#3267 = CIRCLE ( 'NONE', #13, 2.500000000000002220 ) ;
#3268 = CARTESIAN_POINT ( 'NONE',  ( -22.49999999999999645, 0.000000000000000000, -5.749999999999994671 ) ) ;
#3269 = EDGE_LOOP ( 'NONE', ( #2305, #2043, #2591, #1545 ) ) ;
#3270 = AXIS2_PLACEMENT_3D ( 'NONE', #600, #2114, #1651 ) ;
#3271 = AXIS2_PLACEMENT_3D ( 'NONE', #3272, #1988, #3085 ) ;
#3272 = CARTESIAN_POINT ( 'NONE',  ( -41.99999999999999289, 3.000000000000000000, 29.50000000000000355 ) ) ;
#3273 = VECTOR ( 'NONE', #2133, 1000.000000000000000 ) ;
#3274 = CIRCLE ( 'NONE', #408, 1.000000000000000888 ) ;
#3275 = DIRECTION ( 'NONE',  ( 0.000000000000000000, 0.000000000000000000, 1.000000000000000000 ) ) ;
#3276 = EDGE_CURVE ( 'NONE', #3006, #1130, #1598, .T. ) ;
#3277 = ORIENTED_EDGE ( 'NONE', *, *, #3116, .F. ) ;
#3278 = EDGE_CURVE ( 'NONE', #1042, #2186, #543, .T. ) ;
#3279 = VECTOR ( 'NONE', #510, 1000.000000000000000 ) ;
#3280 = CARTESIAN_POINT ( 'NONE',  ( 40.49999999999999289, 0.000000000000000000, 20.25000000000000355 ) ) ;
#3281 = CARTESIAN_POINT ( 'NONE',  ( -40.50000000000000000, 0.000000000000000000, 20.25000000000000355 ) ) ;
#3282 = VERTEX_POINT ( 'NONE', #75 ) ;
#3283 = DIRECTION ( 'NONE',  ( -0.000000000000000000, -1.000000000000000000, -0.000000000000000000 ) ) ;
#3284 = CYLINDRICAL_SURFACE ( 'NONE', #2344, 2.500000000000002220 ) ;
#3285 = DIRECTION ( 'NONE',  ( -0.000000000000000000, -1.000000000000000000, -0.000000000000000000 ) ) ;
#3286 = ORIENTED_EDGE ( 'NONE', *, *, #3040, .T. ) ;
#3287 = ORIENTED_EDGE ( 'NONE', *, *, #535, .F. ) ;
#3288 = DIRECTION ( 'NONE',  ( 1.000000000000000000, -0.000000000000000000, 1.224646799147353207E-16 ) ) ;
#3289 = EDGE_LOOP ( 'NONE', ( #3314, #2384 ) ) ;
#3290 = ADVANCED_FACE ( 'NONE', ( #335, #2265, #2249, #910, #357, #1201, #1148, #2203, #3253, #3027, #2742, #2484, #385, #664, #105, #1439, #607, #1401, #2216, #1184, #2772, #91 ), #401, .F. ) ;
#3291 = EDGE_CURVE ( 'NONE', #2269, #264, #1128, .T. ) ;
#3292 = CYLINDRICAL_SURFACE ( 'NONE', #2192, 1.364499712793999064 ) ;
#3293 = DIRECTION ( 'NONE',  ( 0.000000000000000000, 0.000000000000000000, -1.000000000000000000 ) ) ;
#3294 = ORIENTED_EDGE ( 'NONE', *, *, #1676, .T. ) ;
#3295 = CARTESIAN_POINT ( 'NONE',  ( 33.49999999999999289, 27.00000000000000000, 7.250000000000004441 ) ) ;
#3296 = FACE_OUTER_BOUND ( 'NONE', #1107, .T. ) ;
#3297 = CYLINDRICAL_SURFACE ( 'NONE', #2187, 2.999999999999999112 ) ;
#3298 = ORIENTED_EDGE ( 'NONE', *, *, #2014, .T. ) ;
#3299 = DIRECTION ( 'NONE',  ( -0.000000000000000000, -1.000000000000000000, -0.000000000000000000 ) ) ;
#3300 = ORIENTED_EDGE ( 'NONE', *, *, #817, .F. ) ;
#3301 = CARTESIAN_POINT ( 'NONE',  ( -22.49999999999999645, 3.000000000000000000, -13.00000000000000000 ) ) ;
#3302 = ORIENTED_EDGE ( 'NONE', *, *, #679, .T. ) ;
#3303 = VERTEX_POINT ( 'NONE', #891 ) ;
#3304 = DIRECTION ( 'NONE',  ( -0.000000000000000000, -1.000000000000000000, -0.000000000000000000 ) ) ;
#3305 = DIRECTION ( 'NONE',  ( 0.000000000000000000, 0.000000000000000000, -1.000000000000000000 ) ) ;
#3306 = VERTEX_POINT ( 'NONE', #1164 ) ;
#3307 = EDGE_CURVE ( 'NONE', #2962, #391, #2517, .T. ) ;
#3308 = CARTESIAN_POINT ( 'NONE',  ( -22.49999999999999645, 27.00000000000000000, -18.74999999999999645 ) ) ;
#3309 = FACE_BOUND ( 'NONE', #1101, .T. ) ;
#3310 = CARTESIAN_POINT ( 'NONE',  ( 33.49999999999999289, 3.000000000000000000, -26.00000000000000000 ) ) ;
#3311 = ADVANCED_FACE ( 'NONE', ( #1132 ), #1967, .F. ) ;
#3312 = DIRECTION ( 'NONE',  ( 0.000000000000000000, 1.000000000000000000, 0.000000000000000000 ) ) ;
#3313 = ADVANCED_FACE ( 'NONE', ( #2972 ), #2961, .F. ) ;
#3314 = ORIENTED_EDGE ( 'NONE', *, *, #2079, .T. ) ;
#3315 = VERTEX_POINT ( 'NONE', #1986 ) ;
#3316 = DIRECTION ( 'NONE',  ( 1.000000000000000000, -0.000000000000000000, 0.000000000000000000 ) ) ;
#3317 = AXIS2_PLACEMENT_3D ( 'NONE', #2637, #1059, #1889 ) ;
#3318 = VECTOR ( 'NONE', #2642, 1000.000000000000000 ) ;
#3319 = AXIS2_PLACEMENT_3D ( 'NONE', #2331, #1624, #1610 ) ;
#3320 = ORIENTED_EDGE ( 'NONE', *, *, #513, .T. ) ;
#3321 = DIRECTION ( 'NONE',  ( -0.000000000000000000, -0.000000000000000000, 1.000000000000000000 ) ) ;
#3322 = EDGE_LOOP ( 'NONE', ( #702, #1593, #1768, #1615 ) ) ;
#3323 = AXIS2_PLACEMENT_3D ( 'NONE', #1553, #3371, #2570 ) ;
#3324 = AXIS2_PLACEMENT_3D ( 'NONE', #2816, #2312, #3095 ) ;
#3325 = LINE ( 'NONE', #695, #2243 ) ;
#3326 = VECTOR ( 'NONE', #1551, 1000.000000000000000 ) ;
#3327 = VECTOR ( 'NONE', #2697, 1000.000000000000000 ) ;
#3328 = VERTEX_POINT ( 'NONE', #3012 ) ;
#3329 = LINE ( 'NONE', #136, #113 ) ;
#3330 = AXIS2_PLACEMENT_3D ( 'NONE', #1687, #2989, #944 ) ;
#3331 = VECTOR ( 'NONE', #2540, 1000.000000000000000 ) ;
#3332 = CYLINDRICAL_SURFACE ( 'NONE', #3386, 1.364499712793995734 ) ;
#3333 = CARTESIAN_POINT ( 'NONE',  ( 33.49999999999999289, 3.000000000000000000, -13.00000000000000000 ) ) ;
#3334 = CARTESIAN_POINT ( 'NONE',  ( 22.50000000000000000, 27.00000000000000000, -5.749999999999994671 ) ) ;
#3335 = CARTESIAN_POINT ( 'NONE',  ( -40.50000000000000000, 27.00000000000000000, -5.749999999999994671 ) ) ;
#3336 = ADVANCED_FACE ( 'NONE', ( #1720 ), #645, .F. ) ;
#3337 = ORIENTED_EDGE ( 'NONE', *, *, #448, .T. ) ;
#3338 = CARTESIAN_POINT ( 'NONE',  ( 33.49999999999999289, 0.000000000000000000, 7.250000000000004441 ) ) ;
#3339 = ORIENTED_EDGE ( 'NONE', *, *, #703, .T. ) ;
#3340 = CARTESIAN_POINT ( 'NONE',  ( -45.00000000000000000, 0.000000000000000000, 29.50000000000000355 ) ) ;
#3341 = DIRECTION ( 'NONE',  ( 1.000000000000000000, 0.000000000000000000, 0.000000000000000000 ) ) ;
#3342 = EDGE_LOOP ( 'NONE', ( #682, #3339, #2361, #2410 ) ) ;
#3343 = CARTESIAN_POINT ( 'NONE',  ( -29.49999999999999645, 27.00000000000000000, 18.75000000000000355 ) ) ;
#3344 = ORIENTED_EDGE ( 'NONE', *, *, #2710, .T. ) ;
#3345 = CARTESIAN_POINT ( 'NONE',  ( 29.50000000000000000, 0.000000000000000000, 20.25000000000000355 ) ) ;
#3346 = CARTESIAN_POINT ( 'NONE',  ( -22.49999999999999645, 0.000000000000000000, -20.24999999999999645 ) ) ;
#3347 = PLANE ( 'NONE',  #747 ) ;
#3348 = ORIENTED_EDGE ( 'NONE', *, *, #2521, .F. ) ;
#3349 = CARTESIAN_POINT ( 'NONE',  ( 33.49999999999999289, 27.00000000000000000, -18.74999999999999645 ) ) ;
#3350 = CARTESIAN_POINT ( 'NONE',  ( -33.49999999999999289, 3.000000000000000000, -20.24999999999999645 ) ) ;
#3351 = DIRECTION ( 'NONE',  ( -0.000000000000000000, -1.000000000000000000, -0.000000000000000000 ) ) ;
#3352 = LINE ( 'NONE', #3122, #2886 ) ;
#3353 = ORIENTED_EDGE ( 'NONE', *, *, #2500, .T. ) ;
#3354 = ORIENTED_EDGE ( 'NONE', *, *, #234, .F. ) ;
#3355 = DIRECTION ( 'NONE',  ( 0.000000000000000000, 0.000000000000000000, 1.000000000000000000 ) ) ;
#3356 = EDGE_CURVE ( 'NONE', #3131, #1076, #959, .T. ) ;
#3357 = EDGE_CURVE ( 'NONE', #2281, #3282, #1814, .T. ) ;
#3358 = CARTESIAN_POINT ( 'NONE',  ( -29.49999999999999645, 27.00000000000000000, 7.250000000000004441 ) ) ;
#3359 = CARTESIAN_POINT ( 'NONE',  ( -40.50000000000000000, 0.000000000000000000, -7.249999999999996447 ) ) ;
#3360 = ORIENTED_EDGE ( 'NONE', *, *, #2405, .T. ) ;
#3361 = CARTESIAN_POINT ( 'NONE',  ( 40.49999999999999289, 3.000000000000000000, 0.000000000000000000 ) ) ;
#3362 = VERTEX_POINT ( 'NONE', #717 ) ;
#3363 = EDGE_CURVE ( 'NONE', #686, #2863, #1793, .T. ) ;
#3364 = EDGE_CURVE ( 'NONE', #1030, #2134, #2585, .T. ) ;
#3365 = LINE ( 'NONE', #820, #2675 ) ;
#3366 = PLANE ( 'NONE',  #3324 ) ;
#3367 = ORIENTED_EDGE ( 'NONE', *, *, #2343, .T. ) ;
#3368 = DIRECTION ( 'NONE',  ( 0.000000000000000000, 0.000000000000000000, -1.000000000000000000 ) ) ;
#3369 = DIRECTION ( 'NONE',  ( -0.000000000000000000, -1.000000000000000000, -0.000000000000000000 ) ) ;
#3370 = CARTESIAN_POINT ( 'NONE',  ( 22.50000000000000000, 3.000000000000000000, -26.00000000000000000 ) ) ;
#3371 = DIRECTION ( 'NONE',  ( 0.000000000000000000, 0.000000000000000000, -1.000000000000000000 ) ) ;
#3372 = ORIENTED_EDGE ( 'NONE', *, *, #985, .F. ) ;
#3373 = ORIENTED_EDGE ( 'NONE', *, *, #2439, .F. ) ;
#3374 = DIRECTION ( 'NONE',  ( 0.000000000000000000, 0.000000000000000000, 1.000000000000000000 ) ) ;
#3375 = LINE ( 'NONE', #231, #1874 ) ;
#3376 = ADVANCED_FACE ( 'NONE', ( #825 ), #1849, .F. ) ;
#3377 = ORIENTED_EDGE ( 'NONE', *, *, #616, .F. ) ;
#3378 = FACE_OUTER_BOUND ( 'NONE', #64, .T. ) ;
#3379 = VECTOR ( 'NONE', #2843, 1000.000000000000000 ) ;
#3380 = ORIENTED_EDGE ( 'NONE', *, *, #2257, .F. ) ;
#3381 = LINE ( 'NONE', #748, #809 ) ;
#3382 = ADVANCED_FACE ( 'NONE', ( #1611 ), #2160, .F. ) ;
#3383 = LINE ( 'NONE', #3186, #2618 ) ;
#3384 = ORIENTED_EDGE ( 'NONE', *, *, #2480, .T. ) ;
#3385 = VECTOR ( 'NONE', #974, 1000.000000000000000 ) ;
#3386 = AXIS2_PLACEMENT_3D ( 'NONE', #449, #1524, #731 ) ;
#3387 = VECTOR ( 'NONE', #473, 1000.000000000000000 ) ;
#3388 = AXIS2_PLACEMENT_3D ( 'NONE', #2964, #2458, #598 ) ;
#3389 = CARTESIAN_POINT ( 'NONE',  ( 33.49999999999999289, 0.000000000000000000, -7.249999999999996447 ) ) ;
#3390 = CARTESIAN_POINT ( 'NONE',  ( -41.99999999999999289, 0.000000000000000000, -29.50000000000000000 ) ) ;
#3391 = LINE ( 'NONE', #3370, #230 ) ;
#3392 = AXIS2_PLACEMENT_3D ( 'NONE', #582, #2917, #1390 ) ;
#3393 = DIRECTION ( 'NONE',  ( 0.000000000000000000, 0.000000000000000000, -1.000000000000000000 ) ) ;
#3394 = ORIENTED_EDGE ( 'NONE', *, *, #986, .F. ) ;
#3395 = VERTEX_POINT ( 'NONE', #1756 ) ;
#3396 = VERTEX_POINT ( 'NONE', #1735 ) ;
#3397 = DIRECTION ( 'NONE',  ( 0.000000000000000000, 1.000000000000000000, 0.000000000000000000 ) ) ;
#3398 = VERTEX_POINT ( 'NONE', #1198 ) ;
#3399 = PLANE ( 'NONE',  #2460 ) ;
#3400 = CARTESIAN_POINT ( 'NONE',  ( -39.00000000000000711, 0.000000000000000000, -24.49999999999999289 ) ) ;
#3401 = ORIENTED_EDGE ( 'NONE', *, *, #3157, .F. ) ;
#3402 = EDGE_CURVE ( 'NONE', #2326, #2110, #20, .T. ) ;
#3403 = ADVANCED_FACE ( 'NONE', ( #1726 ), #2765, .F. ) ;
#3404 = DIRECTION ( 'NONE',  ( 1.000000000000000000, 0.000000000000000000, 0.000000000000000000 ) ) ;
#3405 = ORIENTED_EDGE ( 'NONE', *, *, #963, .F. ) ;
#3406 = DIRECTION ( 'NONE',  ( 0.000000000000000000, 0.000000000000000000, -1.000000000000000000 ) ) ;
#3407 = VERTEX_POINT ( 'NONE', #2232 ) ;
#3408 = DIRECTION ( 'NONE',  ( 0.000000000000000000, 0.000000000000000000, -1.000000000000000000 ) ) ;
#3409 = CARTESIAN_POINT ( 'NONE',  ( 22.50000000000000000, 3.000000000000000000, -13.00000000000000000 ) ) ;
#3410 = EDGE_LOOP ( 'NONE', ( #212, #1920, #2811, #945 ) ) ;
#3411 = CARTESIAN_POINT ( 'NONE',  ( -22.49999999999999645, 27.00000000000000000, 18.75000000000000355 ) ) ;
#3412 = ORIENTED_EDGE ( 'NONE', *, *, #1630, .T. ) ;
#3413 = DIRECTION ( 'NONE',  ( -0.000000000000000000, -1.000000000000000000, -0.000000000000000000 ) ) ;
#3414 = DIRECTION ( 'NONE',  ( 0.000000000000000000, 0.000000000000000000, -1.000000000000000000 ) ) ;
#3415 = VERTEX_POINT ( 'NONE', #372 ) ;
#3416 = FACE_OUTER_BOUND ( 'NONE', #1170, .T. ) ;
ENDSEC;
END-ISO-10303-21;
